# Blender 4.3.2
# www.blender.org
mtllib 28x28x28_at_1-1-1_with_obstacles-filled.mtl
o 28x28x28_at_1-1-1
v 29.000004 29.000004 29.000004
v 29.000004 29.000004 1.000000
v 1.000000 29.000004 29.000004
v 1.000000 29.000004 1.000000
v 29.000004 1.000000 29.000004
v 29.000004 1.000000 1.000000
v 1.000000 1.000000 29.000004
v 1.000000 1.000000 1.000000
v 28.125002 1.000000 1.000000
v 27.250000 1.000000 1.000000
v 26.375004 1.000000 1.000000
v 25.500002 1.000000 1.000000
v 24.625000 1.000000 1.000000
v 23.750000 1.000000 1.000000
v 22.875002 1.000000 1.000000
v 22.000000 1.000000 1.000000
v 21.125000 1.000000 1.000000
v 20.250002 1.000000 1.000000
v 19.375002 1.000000 1.000000
v 18.500000 1.000000 1.000000
v 17.625002 1.000000 1.000000
v 16.750002 1.000000 1.000000
v 15.875000 1.000000 1.000000
v 15.000002 1.000000 1.000000
v 14.125002 1.000000 1.000000
v 13.250001 1.000000 1.000000
v 12.375002 1.000000 1.000000
v 11.500002 1.000000 1.000000
v 10.625002 1.000000 1.000000
v 9.750000 1.000000 1.000000
v 8.875002 1.000000 1.000000
v 8.000001 1.000000 1.000000
v 7.125000 1.000000 1.000000
v 6.250001 1.000000 1.000000
v 5.375001 1.000000 1.000000
v 4.500000 1.000000 1.000000
v 3.625000 1.000000 1.000000
v 2.750000 1.000000 1.000000
v 1.875000 1.000000 1.000000
v 29.000000 28.125000 1.000000
v 29.000004 27.250004 1.000000
v 29.000004 26.375004 1.000000
v 29.000000 25.500000 1.000000
v 29.000004 24.625004 1.000000
v 29.000004 23.750002 1.000000
v 29.000000 22.875002 1.000000
v 29.000004 22.000002 1.000000
v 29.000000 21.125002 1.000000
v 29.000004 20.250002 1.000000
v 29.000004 19.375002 1.000000
v 29.000000 18.500000 1.000000
v 29.000004 17.625002 1.000000
v 29.000004 16.750002 1.000000
v 29.000000 15.875000 1.000000
v 29.000004 15.000002 1.000000
v 29.000000 14.125000 1.000000
v 29.000004 13.250002 1.000000
v 29.000004 12.375002 1.000000
v 29.000000 11.500000 1.000000
v 29.000004 10.625002 1.000000
v 29.000004 9.750001 1.000000
v 29.000000 8.875000 1.000000
v 29.000004 8.000001 1.000000
v 29.000000 7.125001 1.000000
v 29.000004 6.250000 1.000000
v 29.000004 5.375000 1.000000
v 29.000000 4.500000 1.000000
v 29.000004 3.625000 1.000000
v 29.000004 2.750000 1.000000
v 29.000000 1.875000 1.000000
v 29.000000 29.000000 28.125000
v 29.000004 29.000004 27.250004
v 29.000004 29.000004 26.375004
v 29.000000 29.000000 25.500000
v 29.000004 29.000004 24.625004
v 29.000004 29.000004 23.750002
v 29.000000 29.000000 22.875002
v 29.000004 29.000004 22.000002
v 29.000000 29.000000 21.125002
v 29.000004 29.000004 20.250002
v 29.000004 29.000004 19.375002
v 29.000000 29.000000 18.500000
v 29.000004 29.000004 17.625002
v 29.000004 29.000004 16.750002
v 29.000000 29.000000 15.875000
v 29.000004 29.000004 15.000002
v 29.000000 29.000000 14.125000
v 29.000004 29.000004 13.250002
v 29.000004 29.000004 12.375002
v 29.000000 29.000000 11.500000
v 29.000004 29.000004 10.625002
v 29.000004 29.000004 9.750001
v 29.000000 29.000000 8.875000
v 29.000004 29.000004 8.000001
v 29.000000 29.000000 7.125001
v 29.000004 29.000004 6.250000
v 29.000004 29.000004 5.375000
v 29.000000 29.000000 4.500000
v 29.000004 29.000004 3.625000
v 29.000004 29.000004 2.750000
v 29.000000 29.000000 1.875000
v 1.000000 1.000000 1.875000
v 1.000000 1.000000 2.750000
v 1.000000 1.000000 3.625000
v 1.000000 1.000000 4.500000
v 1.000000 1.000000 5.375000
v 1.000000 1.000000 6.250000
v 1.000000 1.000000 7.125001
v 1.000000 1.000000 8.000001
v 1.000000 1.000000 8.875000
v 1.000000 1.000000 9.750001
v 1.000000 1.000000 10.625002
v 1.000000 1.000000 11.500000
v 1.000000 1.000000 12.375002
v 1.000000 1.000000 13.250002
v 1.000000 1.000000 14.125000
v 1.000000 1.000000 15.000002
v 1.000000 1.000000 15.875000
v 1.000000 1.000000 16.750000
v 1.000000 1.000000 17.625002
v 1.000000 1.000000 18.500002
v 1.000000 1.000000 19.375002
v 1.000000 1.000000 20.250002
v 1.000000 1.000000 21.125002
v 1.000000 1.000000 22.000002
v 1.000000 1.000000 22.875002
v 1.000000 1.000000 23.750000
v 1.000000 1.000000 24.625002
v 1.000000 1.000000 25.500004
v 1.000000 1.000000 26.375000
v 1.000000 1.000000 27.250002
v 1.000000 1.000000 28.125002
v 1.000000 29.000000 28.125000
v 1.000000 29.000004 27.250004
v 1.000000 29.000004 26.375004
v 1.000000 29.000000 25.500000
v 1.000000 29.000004 24.625004
v 1.000000 29.000004 23.750002
v 1.000000 29.000000 22.875002
v 1.000000 29.000004 22.000002
v 1.000000 29.000000 21.125002
v 1.000000 29.000004 20.250002
v 1.000000 29.000004 19.375002
v 1.000000 29.000000 18.500000
v 1.000000 29.000004 17.625002
v 1.000000 29.000004 16.750002
v 1.000000 29.000000 15.875000
v 1.000000 29.000004 15.000002
v 1.000000 29.000000 14.125000
v 1.000000 29.000004 13.250002
v 1.000000 29.000004 12.375002
v 1.000000 29.000000 11.500000
v 1.000000 29.000004 10.625002
v 1.000000 29.000004 9.750001
v 1.000000 29.000000 8.875000
v 1.000000 29.000004 8.000001
v 1.000000 29.000000 7.125001
v 1.000000 29.000004 6.250000
v 1.000000 29.000004 5.375000
v 1.000000 29.000000 4.500000
v 1.000000 29.000004 3.625000
v 1.000000 29.000004 2.750000
v 1.000000 29.000000 1.875000
v 29.000000 1.000000 28.125002
v 29.000004 1.000000 27.250002
v 29.000004 1.000000 26.375004
v 29.000000 1.000000 25.500002
v 29.000004 1.000000 24.625002
v 29.000000 1.000000 23.750000
v 29.000004 1.000000 22.875002
v 29.000004 1.000000 22.000002
v 29.000000 1.000000 21.125000
v 29.000000 1.000000 20.250002
v 29.000000 1.000000 19.375000
v 29.000000 1.000000 18.500000
v 29.000004 1.000000 17.625002
v 29.000000 1.000000 16.750000
v 29.000000 1.000000 15.875000
v 29.000004 1.000000 15.000002
v 29.000004 1.000000 14.125001
v 29.000004 1.000000 13.250001
v 29.000004 1.000000 12.375002
v 29.000004 1.000000 11.500001
v 29.000004 1.000000 10.625001
v 29.000004 1.000000 9.750001
v 29.000004 1.000000 8.875001
v 29.000004 1.000000 8.000001
v 29.000004 1.000000 7.125001
v 29.000004 1.000000 6.250000
v 29.000004 1.000000 5.375001
v 29.000000 1.000000 4.500000
v 29.000004 1.000000 3.625000
v 29.000000 1.000000 2.750000
v 29.000000 1.000000 1.875000
v 1.000000 28.125000 29.000000
v 1.000000 27.250004 29.000004
v 1.000000 26.375004 29.000004
v 1.000000 25.500000 29.000000
v 1.000000 24.625004 29.000004
v 1.000000 23.750002 29.000004
v 1.000000 22.875002 29.000000
v 1.000000 22.000002 29.000004
v 1.000000 21.125002 29.000000
v 1.000000 20.250002 29.000004
v 1.000000 19.375002 29.000004
v 1.000000 18.500000 29.000000
v 1.000000 17.625002 29.000004
v 1.000000 16.750002 29.000004
v 1.000000 15.875000 29.000000
v 1.000000 15.000002 29.000004
v 1.000000 14.125001 29.000000
v 1.000000 13.250001 29.000004
v 1.000000 12.375002 29.000004
v 1.000000 11.500001 29.000004
v 1.000000 10.625001 29.000000
v 1.000000 9.750001 29.000004
v 1.000000 8.875001 29.000004
v 1.000000 8.000001 29.000004
v 1.000000 7.125001 29.000000
v 1.000000 6.250001 29.000000
v 1.000000 5.375000 29.000000
v 1.000000 4.500000 29.000004
v 1.000000 3.625000 29.000000
v 1.000000 2.750000 29.000000
v 1.000000 1.875000 29.000004
v 28.125002 29.000004 29.000004
v 27.250002 29.000000 29.000000
v 26.375000 29.000000 29.000000
v 25.500004 29.000004 29.000004
v 24.625002 29.000004 29.000004
v 23.750000 29.000000 29.000000
v 22.875002 29.000000 29.000000
v 22.000002 29.000004 29.000004
v 21.125002 29.000004 29.000004
v 20.250002 29.000004 29.000004
v 19.375002 29.000004 29.000004
v 18.500002 29.000004 29.000004
v 17.625002 29.000004 29.000004
v 16.750000 29.000004 29.000004
v 15.875000 29.000000 29.000000
v 15.000002 29.000004 29.000004
v 14.125001 29.000000 29.000000
v 13.250001 29.000004 29.000004
v 12.375002 29.000004 29.000004
v 11.500001 29.000004 29.000004
v 10.625001 29.000000 29.000000
v 9.750001 29.000004 29.000004
v 8.875001 29.000004 29.000004
v 8.000001 29.000004 29.000004
v 7.125001 29.000000 29.000000
v 6.250001 29.000000 29.000000
v 5.375000 29.000000 29.000000
v 4.500000 29.000004 29.000004
v 3.625000 29.000000 29.000000
v 2.750000 29.000000 29.000000
v 1.875000 29.000004 29.000004
v 1.000000 1.875000 1.000000
v 1.000000 2.750000 1.000000
v 1.000000 3.625000 1.000000
v 1.000000 4.500000 1.000000
v 1.000000 5.375000 1.000000
v 1.000000 6.250001 1.000000
v 1.000000 7.125001 1.000000
v 1.000000 8.000001 1.000000
v 1.000000 8.875001 1.000000
v 1.000000 9.750001 1.000000
v 1.000000 10.625001 1.000000
v 1.000000 11.500001 1.000000
v 1.000000 12.375002 1.000000
v 1.000000 13.250001 1.000000
v 1.000000 14.125001 1.000000
v 1.000000 15.000002 1.000000
v 1.000000 15.875000 1.000000
v 1.000000 16.750000 1.000000
v 1.000000 17.625002 1.000000
v 1.000000 18.500002 1.000000
v 1.000000 19.375002 1.000000
v 1.000000 20.250002 1.000000
v 1.000000 21.125002 1.000000
v 1.000000 22.000002 1.000000
v 1.000000 22.875002 1.000000
v 1.000000 23.750000 1.000000
v 1.000000 24.625002 1.000000
v 1.000000 25.500004 1.000000
v 1.000000 26.375000 1.000000
v 1.000000 27.250002 1.000000
v 1.000000 28.125002 1.000000
v 1.875000 1.000000 29.000000
v 2.750000 1.000000 29.000004
v 3.625000 1.000000 29.000004
v 4.500000 1.000000 29.000000
v 5.375000 1.000000 29.000004
v 6.250000 1.000000 29.000004
v 7.125001 1.000000 29.000000
v 8.000001 1.000000 29.000004
v 8.875000 1.000000 29.000000
v 9.750001 1.000000 29.000004
v 10.625002 1.000000 29.000004
v 11.500000 1.000000 29.000000
v 12.375002 1.000000 29.000004
v 13.250002 1.000000 29.000004
v 14.125000 1.000000 29.000000
v 15.000002 1.000000 29.000004
v 15.875000 1.000000 29.000000
v 16.750000 1.000000 29.000004
v 17.625002 1.000000 29.000004
v 18.500002 1.000000 29.000004
v 19.375002 1.000000 29.000004
v 20.250002 1.000000 29.000004
v 21.125002 1.000000 29.000004
v 22.000002 1.000000 29.000004
v 22.875002 1.000000 29.000000
v 23.750000 1.000000 29.000000
v 24.625002 1.000000 29.000004
v 25.500004 1.000000 29.000004
v 26.375000 1.000000 29.000000
v 27.250002 1.000000 29.000000
v 28.125002 1.000000 29.000004
v 29.000000 1.875000 29.000000
v 29.000004 2.750000 29.000004
v 29.000004 3.625000 29.000004
v 29.000000 4.500000 29.000000
v 29.000004 5.375000 29.000004
v 29.000004 6.250000 29.000004
v 29.000000 7.125001 29.000000
v 29.000004 8.000001 29.000004
v 29.000000 8.875000 29.000000
v 29.000004 9.750001 29.000004
v 29.000004 10.625002 29.000004
v 29.000000 11.500000 29.000000
v 29.000004 12.375002 29.000004
v 29.000004 13.250002 29.000004
v 29.000000 14.125000 29.000000
v 29.000004 15.000002 29.000004
v 29.000000 15.875000 29.000000
v 29.000004 16.750002 29.000004
v 29.000004 17.625002 29.000004
v 29.000000 18.500000 29.000000
v 29.000004 19.375002 29.000004
v 29.000004 20.250002 29.000004
v 29.000000 21.125002 29.000000
v 29.000004 22.000002 29.000004
v 29.000000 22.875002 29.000000
v 29.000004 23.750002 29.000004
v 29.000004 24.625004 29.000004
v 29.000000 25.500000 29.000000
v 29.000004 26.375004 29.000004
v 29.000004 27.250004 29.000004
v 29.000000 28.125000 29.000000
v 1.875000 29.000000 1.000000
v 2.750000 29.000004 1.000000
v 3.625000 29.000004 1.000000
v 4.500000 29.000000 1.000000
v 5.375000 29.000004 1.000000
v 6.250000 29.000004 1.000000
v 7.125001 29.000000 1.000000
v 8.000001 29.000004 1.000000
v 8.875000 29.000000 1.000000
v 9.750001 29.000004 1.000000
v 10.625002 29.000004 1.000000
v 11.500000 29.000000 1.000000
v 12.375002 29.000004 1.000000
v 13.250002 29.000004 1.000000
v 14.125000 29.000000 1.000000
v 15.000002 29.000004 1.000000
v 15.875000 29.000000 1.000000
v 16.750000 29.000004 1.000000
v 17.625002 29.000004 1.000000
v 18.500002 29.000004 1.000000
v 19.375002 29.000004 1.000000
v 20.250002 29.000004 1.000000
v 21.125002 29.000004 1.000000
v 22.000002 29.000004 1.000000
v 22.875002 29.000000 1.000000
v 23.750000 29.000000 1.000000
v 24.625002 29.000004 1.000000
v 25.500004 29.000004 1.000000
v 26.375000 29.000000 1.000000
v 27.250002 29.000000 1.000000
v 28.125002 29.000004 1.000000
v 28.125000 28.125000 29.000004
v 28.125000 27.250000 29.000000
v 28.125004 26.375002 29.000000
v 28.125004 25.500002 29.000000
v 28.125002 24.625004 29.000004
v 28.125002 23.750004 29.000004
v 28.125004 22.875004 29.000004
v 28.125000 22.000000 29.000004
v 28.125002 21.125002 29.000004
v 28.125004 20.250002 29.000004
v 28.125004 19.375004 29.000004
v 28.125000 18.500002 29.000000
v 28.125000 17.625002 29.000004
v 28.125002 16.750002 29.000004
v 28.125004 15.875000 29.000000
v 28.125004 15.000002 29.000004
v 28.125004 14.125001 29.000004
v 28.125002 13.250001 29.000004
v 28.125002 12.375001 29.000004
v 28.125000 11.500000 29.000000
v 28.125004 10.625002 29.000004
v 28.125004 9.750001 29.000004
v 28.125002 8.875000 29.000000
v 28.125000 8.000000 29.000000
v 28.125004 7.125000 29.000004
v 28.125002 6.250000 29.000004
v 28.125002 5.375001 29.000000
v 28.125002 4.500000 29.000000
v 28.125004 3.625000 29.000004
v 28.125000 2.750000 29.000000
v 28.125000 1.875000 29.000004
v 27.250000 28.125000 29.000000
v 27.250002 27.250002 29.000000
v 27.250002 26.375000 29.000000
v 27.250000 25.500000 29.000004
v 27.250002 24.625002 29.000000
v 27.250002 23.750000 29.000000
v 27.250004 22.875002 29.000004
v 27.250002 22.000002 29.000000
v 27.250002 21.125000 29.000000
v 27.250004 20.250002 29.000004
v 27.250002 19.375002 29.000000
v 27.250002 18.500000 29.000000
v 27.250004 17.625002 29.000004
v 27.250002 16.750002 29.000000
v 27.250000 15.875000 28.999998
v 27.250002 15.000000 29.000004
v 27.250000 14.125000 28.999998
v 27.250004 13.250001 29.000004
v 27.250004 12.375001 29.000004
v 27.250002 11.500000 29.000000
v 27.250006 10.625001 29.000004
v 27.250004 9.750001 29.000004
v 27.250002 8.875001 29.000000
v 27.250004 8.000001 29.000004
v 27.250000 7.125001 29.000004
v 27.250002 6.250000 29.000000
v 27.250002 5.375000 29.000000
v 27.250000 4.500000 29.000004
v 27.250002 3.625000 29.000000
v 27.250002 2.750000 29.000000
v 27.250000 1.875000 29.000004
v 26.374998 28.125004 29.000000
v 26.375000 27.250004 29.000000
v 26.375004 26.375004 29.000004
v 26.375002 25.500000 29.000000
v 26.375002 24.625004 29.000004
v 26.375004 23.750002 29.000004
v 26.375006 22.875004 29.000008
v 26.375002 22.000002 29.000000
v 26.375002 21.125004 29.000004
v 26.375002 20.250002 29.000000
v 26.375006 19.375004 29.000004
v 26.375002 18.500002 29.000000
v 26.375004 17.625004 29.000008
v 26.375004 16.750002 29.000004
v 26.375004 15.875002 29.000004
v 26.375002 15.000000 29.000000
v 26.375004 14.125002 29.000004
v 26.375004 13.250001 29.000004
v 26.375002 12.375002 29.000004
v 26.375000 11.500000 29.000000
v 26.375004 10.625002 29.000004
v 26.375002 9.750001 29.000004
v 26.375004 8.875000 29.000004
v 26.375004 8.000000 29.000004
v 26.375006 7.125001 29.000008
v 26.375004 6.250001 29.000004
v 26.375004 5.375001 29.000008
v 26.375002 4.500000 29.000000
v 26.375004 3.625000 29.000004
v 26.375002 2.750000 29.000004
v 26.375002 1.875000 29.000004
v 25.500002 28.125004 29.000000
v 25.500000 27.250000 29.000004
v 25.500000 26.375002 29.000000
v 25.500004 25.500004 29.000004
v 25.500000 24.625004 29.000004
v 25.500000 23.750002 29.000000
v 25.500004 22.875004 29.000004
v 25.500000 22.000000 29.000004
v 25.500000 21.125002 29.000000
v 25.500004 20.250002 29.000004
v 25.500002 19.375002 29.000004
v 25.500000 18.500002 29.000000
v 25.500004 17.625002 29.000004
v 25.500000 16.750002 29.000004
v 25.500000 15.875002 29.000000
v 25.500004 15.000002 29.000004
v 25.500000 14.125000 29.000004
v 25.500002 13.250001 29.000004
v 25.500002 12.375001 29.000000
v 25.500000 11.500000 29.000004
v 25.500002 10.625001 29.000004
v 25.500004 9.750001 29.000004
v 25.500000 8.875000 29.000000
v 25.500000 8.000001 29.000000
v 25.500004 7.125000 29.000004
v 25.500000 6.250000 29.000000
v 25.500002 5.375000 29.000004
v 25.500002 4.500000 29.000000
v 25.500000 3.625000 29.000000
v 25.500000 2.750000 29.000000
v 25.500002 1.875000 29.000000
v 24.625002 28.125002 29.000004
v 24.625002 27.250002 29.000000
v 24.625004 26.375002 29.000004
v 24.625002 25.500000 29.000004
v 24.625004 24.625002 29.000008
v 24.625002 23.750002 29.000000
v 24.625002 22.875002 29.000000
v 24.625002 22.000002 29.000000
v 24.625000 21.125004 29.000004
v 24.625004 20.250000 29.000004
v 24.625002 19.375002 29.000004
v 24.625002 18.500002 29.000000
v 24.625000 17.625000 29.000000
v 24.625002 16.750002 29.000000
v 24.625002 15.875000 29.000004
v 24.625002 15.000000 29.000004
v 24.625002 14.125001 29.000004
v 24.625002 13.250002 29.000004
v 24.625000 12.375001 29.000000
v 24.625002 11.500000 29.000004
v 24.625002 10.625002 29.000008
v 24.625000 9.750001 29.000004
v 24.625004 8.875000 29.000004
v 24.625004 8.000001 29.000004
v 24.625002 7.125000 29.000000
v 24.625002 6.250000 29.000004
v 24.625002 5.375000 29.000004
v 24.625002 4.500000 29.000004
v 24.625004 3.625000 29.000008
v 24.625002 2.750000 29.000004
v 24.625004 1.875000 29.000004
v 23.750002 28.125000 29.000004
v 23.750000 27.250004 29.000000
v 23.750000 26.375000 29.000000
v 23.750002 25.500000 29.000004
v 23.750002 24.625004 29.000004
v 23.750002 23.750004 29.000004
v 23.750002 22.875002 29.000004
v 23.750000 22.000000 29.000000
v 23.750002 21.125004 29.000004
v 23.750002 20.250002 29.000004
v 23.750000 19.375000 29.000000
v 23.750002 18.500002 29.000000
v 23.750002 17.625002 29.000004
v 23.750000 16.750000 29.000000
v 23.750000 15.875000 29.000000
v 23.750002 15.000000 29.000004
v 23.750000 14.125000 29.000000
v 23.750000 13.250000 29.000000
v 23.750002 12.375000 29.000004
v 23.750002 11.500001 29.000004
v 23.750002 10.625000 29.000004
v 23.750000 9.750001 29.000000
v 23.750002 8.875001 29.000004
v 23.750000 8.000000 29.000000
v 23.750000 7.125001 29.000000
v 23.750002 6.250000 29.000004
v 23.750002 5.375000 29.000004
v 23.750002 4.500000 29.000004
v 23.750000 3.625000 29.000000
v 23.750002 2.750000 29.000004
v 23.750000 1.875000 29.000000
v 22.875004 28.125004 29.000004
v 22.875000 27.250002 29.000004
v 22.875002 26.375004 29.000004
v 22.875004 25.500004 29.000004
v 22.875002 24.625002 29.000000
v 22.875000 23.750002 29.000000
v 22.875004 22.875002 29.000008
v 22.875002 22.000004 29.000004
v 22.875004 21.125002 29.000008
v 22.875004 20.250004 29.000004
v 22.875002 19.375000 29.000004
v 22.875000 18.500002 29.000000
v 22.875004 17.625004 29.000008
v 22.875000 16.750002 29.000004
v 22.875002 15.875002 29.000000
v 22.875004 15.000002 29.000000
v 22.875002 14.125000 29.000000
v 22.875002 13.250001 29.000004
v 22.875002 12.375001 29.000004
v 22.875000 11.500000 29.000004
v 22.875000 10.625000 29.000000
v 22.875004 9.750001 29.000004
v 22.875004 8.875000 29.000004
v 22.875002 8.000001 29.000004
v 22.875004 7.125000 29.000008
v 22.875000 6.250001 29.000004
v 22.875000 5.375000 29.000000
v 22.875002 4.500000 29.000000
v 22.875002 3.625000 29.000000
v 22.875000 2.750000 29.000004
v 22.875002 1.875000 29.000004
v 22.000002 28.125000 29.000004
v 22.000002 27.250002 29.000000
v 22.000002 26.375002 29.000000
v 22.000002 25.500000 29.000004
v 22.000002 24.625004 29.000000
v 22.000002 23.750002 29.000000
v 22.000002 22.875000 29.000004
v 22.000002 22.000000 29.000000
v 22.000002 21.125002 29.000000
v 22.000004 20.250002 29.000004
v 22.000004 19.375004 29.000000
v 22.000002 18.500002 29.000000
v 22.000004 17.625000 29.000004
v 22.000004 16.750002 29.000000
v 22.000002 15.875000 29.000000
v 22.000004 15.000000 29.000004
v 22.000002 14.125000 29.000000
v 22.000002 13.250002 29.000004
v 22.000000 12.375001 29.000004
v 22.000002 11.500001 29.000004
v 22.000002 10.625002 29.000004
v 22.000002 9.750001 29.000004
v 22.000002 8.875001 29.000004
v 22.000002 8.000000 29.000004
v 22.000002 7.125000 29.000004
v 22.000002 6.250001 29.000004
v 22.000002 5.375000 29.000004
v 22.000002 4.500000 29.000004
v 22.000002 3.625000 29.000004
v 22.000002 2.750000 29.000004
v 22.000002 1.875000 29.000004
v 21.125002 28.125002 29.000000
v 21.125002 27.250002 29.000004
v 21.125002 26.375004 29.000004
v 21.125000 25.500000 29.000000
v 21.125002 24.625002 29.000004
v 21.125002 23.750002 29.000004
v 21.125004 22.875004 29.000004
v 21.125002 22.000002 29.000004
v 21.125002 21.125002 29.000004
v 21.125002 20.250002 29.000004
v 21.125002 19.375004 29.000004
v 21.125002 18.500002 29.000004
v 21.125002 17.625000 29.000004
v 21.125002 16.750000 29.000004
v 21.125000 15.875000 29.000000
v 21.125002 15.000002 29.000004
v 21.125000 14.125000 29.000004
v 21.125002 13.250000 29.000000
v 21.125002 12.375000 29.000004
v 21.125002 11.500000 29.000004
v 21.125004 10.625002 29.000000
v 21.125002 9.750001 29.000004
v 21.125002 8.875002 29.000004
v 21.125002 8.000001 29.000004
v 21.125004 7.125001 29.000004
v 21.125002 6.250000 29.000004
v 21.125002 5.375001 29.000004
v 21.125002 4.500001 29.000000
v 21.125004 3.625000 29.000004
v 21.125002 2.750000 29.000004
v 21.125000 1.875000 29.000000
v 20.250002 28.125004 29.000004
v 20.250000 27.250004 29.000004
v 20.250002 26.375002 29.000000
v 20.250002 25.500002 29.000000
v 20.250000 24.625004 29.000004
v 20.250000 23.750002 29.000000
v 20.250002 22.875004 29.000004
v 20.250000 22.000004 29.000004
v 20.250000 21.125002 29.000000
v 20.250004 20.250004 29.000004
v 20.250000 19.375002 29.000004
v 20.250000 18.500002 29.000000
v 20.250004 17.625004 29.000004
v 20.250000 16.750002 29.000004
v 20.250002 15.875002 29.000000
v 20.250004 15.000002 29.000004
v 20.250000 14.125000 29.000004
v 20.250002 13.250001 29.000004
v 20.250004 12.375001 29.000004
v 20.250000 11.500000 29.000004
v 20.250002 10.625001 29.000000
v 20.250002 9.750001 29.000000
v 20.250000 8.875000 29.000004
v 20.250004 8.000001 29.000004
v 20.250002 7.125000 29.000000
v 20.250000 6.250001 29.000004
v 20.250002 5.375000 29.000004
v 20.250002 4.500000 29.000000
v 20.250002 3.625000 29.000000
v 20.250000 2.750000 29.000000
v 20.250002 1.875000 29.000000
v 19.375002 28.125004 29.000000
v 19.375000 27.250000 29.000000
v 19.375004 26.375006 29.000004
v 19.375002 25.500000 29.000004
v 19.375002 24.625002 29.000004
v 19.375002 23.750002 29.000004
v 19.375002 22.875002 28.999998
v 19.375004 22.000000 29.000000
v 19.375002 21.125002 29.000004
v 19.375000 20.250000 29.000004
v 19.375000 19.375002 29.000004
v 19.375002 18.500000 29.000004
v 19.375002 17.625002 29.000000
v 19.375002 16.750000 29.000000
v 19.375002 15.875002 29.000004
v 19.375000 15.000000 29.000000
v 19.375002 14.125002 29.000000
v 19.375002 13.250001 29.000004
v 19.375002 12.375001 29.000000
v 19.375002 11.500001 29.000004
v 19.375002 10.625001 29.000004
v 19.375002 9.750001 29.000004
v 19.375000 8.875001 29.000004
v 19.375002 8.000001 29.000004
v 19.375002 7.125000 29.000000
v 19.375002 6.250000 29.000004
v 19.375004 5.375000 29.000004
v 19.375002 4.500000 29.000004
v 19.375002 3.625000 29.000004
v 19.375000 2.750000 29.000000
v 19.375002 1.875000 29.000000
v 18.500000 28.125000 29.000000
v 18.500002 27.250000 29.000000
v 18.500002 26.375004 29.000004
v 18.500000 25.500000 29.000000
v 18.500002 24.625002 29.000004
v 18.500002 23.750002 29.000000
v 18.500002 22.875000 29.000000
v 18.500002 22.000002 29.000004
v 18.500002 21.125002 29.000000
v 18.500002 20.250000 29.000000
v 18.500002 19.375002 29.000004
v 18.500002 18.500002 29.000000
v 18.500002 17.625002 29.000004
v 18.500002 16.750002 29.000004
v 18.500000 15.875000 29.000000
v 18.500002 15.000002 29.000004
v 18.500000 14.125000 29.000000
v 18.500002 13.250001 29.000000
v 18.500002 12.375002 29.000004
v 18.500000 11.500000 29.000000
v 18.500002 10.625001 29.000004
v 18.500002 9.750001 29.000004
v 18.500002 8.875000 29.000000
v 18.500002 8.000001 29.000004
v 18.500002 7.125001 29.000004
v 18.500002 6.250000 29.000004
v 18.500002 5.375000 29.000004
v 18.500002 4.500001 29.000000
v 18.500002 3.625000 29.000004
v 18.500000 2.750000 29.000000
v 18.500000 1.875000 29.000000
v 17.625002 28.125002 29.000004
v 17.625000 27.250004 29.000004
v 17.625002 26.375000 29.000000
v 17.625002 25.500002 29.000000
v 17.625002 24.625000 29.000004
v 17.625002 23.750002 29.000004
v 17.625002 22.875004 29.000004
v 17.625000 22.000002 29.000004
v 17.625002 21.125002 29.000008
v 17.625004 20.250004 29.000004
v 17.625002 19.375002 28.999998
v 17.625002 18.500002 29.000004
v 17.625000 17.625002 29.000004
v 17.625000 16.750002 29.000004
v 17.625000 15.875000 29.000000
v 17.625004 15.000002 29.000004
v 17.625002 14.125002 29.000004
v 17.625002 13.250001 29.000000
v 17.625000 12.375001 29.000004
v 17.625000 11.500000 29.000004
v 17.625000 10.625000 29.000004
v 17.625002 9.750001 29.000000
v 17.625002 8.875002 29.000000
v 17.625002 8.000000 29.000004
v 17.625002 7.125000 29.000004
v 17.625000 6.250001 29.000004
v 17.625002 5.375000 29.000000
v 17.625002 4.500000 29.000000
v 17.625002 3.625000 29.000004
v 17.625000 2.750000 29.000000
v 17.625000 1.875000 29.000004
v 16.750000 28.125002 29.000004
v 16.750000 27.250000 29.000000
v 16.750002 26.375004 29.000004
v 16.750000 25.500000 29.000004
v 16.750002 24.625000 29.000000
v 16.750002 23.750002 29.000000
v 16.750000 22.875000 29.000004
v 16.750002 22.000000 29.000000
v 16.750002 21.125002 29.000000
v 16.750000 20.250000 29.000004
v 16.750002 19.375000 29.000000
v 16.750000 18.500000 29.000000
v 16.750000 17.625000 29.000004
v 16.750002 16.750002 29.000000
v 16.750000 15.875000 29.000000
v 16.750000 15.000000 29.000000
v 16.750002 14.125000 29.000000
v 16.750000 13.250001 29.000004
v 16.750002 12.375001 29.000000
v 16.750002 11.500000 29.000004
v 16.750000 10.625001 29.000004
v 16.750002 9.750000 29.000004
v 16.750002 8.875001 29.000004
v 16.750000 8.000001 29.000004
v 16.750002 7.125000 29.000004
v 16.750002 6.250001 29.000004
v 16.750000 5.375000 29.000004
v 16.750002 4.500000 29.000004
v 16.750002 3.625000 29.000004
v 16.750000 2.750000 29.000000
v 16.750002 1.875000 29.000004
v 15.875002 28.125002 29.000004
v 15.875000 27.250000 29.000000
v 15.875002 26.375002 29.000000
v 15.875000 25.500000 29.000000
v 15.875000 24.625002 29.000004
v 15.875000 23.750000 29.000000
v 15.875000 22.875000 29.000000
v 15.875000 22.000002 29.000000
v 15.875000 21.125002 29.000000
v 15.875000 20.250000 29.000000
v 15.875002 19.375002 29.000004
v 15.875000 18.500002 29.000000
v 15.875000 17.625002 29.000000
v 15.875002 16.750002 29.000000
v 15.875002 15.875002 29.000004
v 15.875002 15.000000 29.000000
v 15.875000 14.125000 29.000000
v 15.875002 13.250000 29.000000
v 15.875000 12.375000 29.000000
v 15.875000 11.500000 29.000000
v 15.875000 10.625000 29.000004
v 15.875000 9.750001 29.000004
v 15.875000 8.875000 29.000000
v 15.875000 8.000000 29.000000
v 15.875000 7.125000 29.000000
v 15.875000 6.250000 29.000000
v 15.875000 5.375000 29.000004
v 15.875000 4.500000 29.000000
v 15.875000 3.625000 29.000004
v 15.875000 2.750000 29.000000
v 15.875000 1.875000 29.000004
v 15.000002 28.125004 29.000004
v 15.000000 27.250002 29.000004
v 15.000000 26.375002 29.000000
v 15.000002 25.500004 29.000004
v 15.000002 24.625002 29.000004
v 15.000002 23.750002 29.000000
v 15.000002 22.875004 29.000000
v 15.000002 22.000004 29.000004
v 15.000002 21.125002 29.000000
v 15.000002 20.250004 29.000000
v 15.000000 19.375000 29.000004
v 15.000002 18.500002 29.000000
v 15.000002 17.625002 29.000000
v 15.000000 16.750000 29.000004
v 15.000000 15.875002 29.000000
v 15.000002 15.000002 29.000000
v 15.000000 14.125000 29.000004
v 15.000000 13.250001 29.000000
v 15.000002 12.375001 29.000000
v 15.000000 11.500000 29.000004
v 15.000002 10.625001 29.000000
v 15.000002 9.750001 29.000000
v 15.000000 8.875001 29.000004
v 15.000002 8.000000 29.000004
v 15.000002 7.125001 29.000000
v 15.000000 6.250000 29.000000
v 15.000002 5.375000 29.000004
v 15.000002 4.500000 29.000004
v 15.000000 3.625000 29.000000
v 15.000000 2.750000 29.000000
v 15.000002 1.875000 29.000000
v 14.125001 28.125004 29.000004
v 14.125000 27.250002 29.000000
v 14.125000 26.375002 29.000004
v 14.125000 25.500000 29.000000
v 14.125001 24.625002 29.000004
v 14.125000 23.750000 29.000000
v 14.125000 22.875000 29.000000
v 14.125000 22.000002 29.000000
v 14.125000 21.125000 29.000000
v 14.125000 20.250000 29.000000
v 14.125002 19.375002 29.000004
v 14.125000 18.500000 29.000000
v 14.125001 17.625002 29.000000
v 14.125000 16.750002 28.999998
v 14.125002 15.875002 29.000004
v 14.125000 15.000000 29.000000
v 14.125000 14.125000 29.000000
v 14.125000 13.250000 28.999998
v 14.125001 12.375001 29.000000
v 14.125000 11.500000 29.000000
v 14.125001 10.625000 29.000004
v 14.125000 9.750000 29.000000
v 14.125000 8.875001 29.000000
v 14.125000 8.000000 29.000000
v 14.125001 7.125001 29.000000
v 14.125000 6.250000 29.000000
v 14.125001 5.375000 29.000000
v 14.125000 4.500000 29.000000
v 14.125002 3.625000 29.000004
v 14.125000 2.750000 28.999998
v 14.125000 1.875000 29.000000
v 13.250001 28.125004 29.000000
v 13.250000 27.250000 28.999998
v 13.250001 26.375004 29.000004
v 13.250001 25.500002 29.000004
v 13.250001 24.625000 29.000000
v 13.250002 23.750000 29.000004
v 13.250001 22.875002 29.000004
v 13.250001 22.000000 29.000000
v 13.250002 21.125002 29.000000
v 13.250001 20.250002 29.000004
v 13.250001 19.375000 29.000000
v 13.250000 18.500000 29.000000
v 13.250001 17.625002 29.000004
v 13.250001 16.750000 29.000000
v 13.250000 15.875002 29.000000
v 13.250001 15.000002 29.000000
v 13.250002 14.125000 29.000004
v 13.250001 13.250001 29.000004
v 13.250001 12.375001 29.000000
v 13.250002 11.500000 29.000004
v 13.250001 10.625001 29.000004
v 13.250002 9.750000 29.000004
v 13.250000 8.875001 29.000004
v 13.250002 8.000001 29.000004
v 13.250002 7.125000 29.000004
v 13.250000 6.250000 29.000004
v 13.250001 5.375000 29.000004
v 13.250001 4.500000 29.000004
v 13.250001 3.625000 29.000004
v 13.250001 2.750000 29.000004
v 13.250002 1.875000 29.000004
v 12.375001 28.125000 29.000004
v 12.375001 27.250004 29.000004
v 12.375000 26.375002 29.000004
v 12.375001 25.500002 29.000000
v 12.375001 24.625000 29.000004
v 12.375000 23.750002 29.000004
v 12.375002 22.875002 29.000004
v 12.375001 22.000004 29.000004
v 12.375002 21.125002 29.000004
v 12.375001 20.250004 29.000004
v 12.375000 19.375002 29.000000
v 12.375002 18.500002 29.000004
v 12.375001 17.625000 29.000004
v 12.375001 16.750002 29.000004
v 12.375000 15.875002 29.000004
v 12.375001 15.000002 29.000004
v 12.375001 14.125001 29.000004
v 12.375000 13.250002 29.000000
v 12.375001 12.375001 29.000004
v 12.375001 11.500000 29.000004
v 12.375001 10.625001 29.000004
v 12.375002 9.750001 29.000004
v 12.375000 8.875000 29.000004
v 12.375002 8.000000 29.000000
v 12.375000 7.125000 29.000004
v 12.375001 6.250001 29.000000
v 12.375001 5.375000 29.000004
v 12.375000 4.500000 29.000000
v 12.375001 3.625000 29.000004
v 12.375001 2.750000 29.000000
v 12.375000 1.875000 29.000004
v 11.500000 28.125000 29.000000
v 11.500000 27.250002 29.000000
v 11.500001 26.375004 29.000004
v 11.500000 25.500000 29.000000
v 11.500000 24.625004 29.000004
v 11.500000 23.750004 29.000004
v 11.500000 22.875000 29.000000
v 11.500001 22.000004 29.000004
v 11.500000 21.125002 29.000000
v 11.500000 20.250000 29.000000
v 11.500001 19.375002 29.000004
v 11.500000 18.500002 29.000000
v 11.500000 17.625000 29.000004
v 11.500000 16.750002 29.000004
v 11.500000 15.875000 29.000000
v 11.500000 15.000000 29.000000
v 11.500000 14.125000 29.000000
v 11.500000 13.250000 28.999998
v 11.500000 12.375001 29.000004
v 11.500000 11.500000 29.000000
v 11.500000 10.625000 29.000004
v 11.500000 9.750001 29.000000
v 11.500000 8.875000 29.000000
v 11.500001 8.000000 29.000004
v 11.500000 7.125001 29.000000
v 11.500000 6.250000 29.000000
v 11.500000 5.375000 29.000000
v 11.500000 4.500000 29.000000
v 11.500000 3.625000 29.000000
v 11.500000 2.750000 29.000000
v 11.500000 1.875000 29.000000
v 10.625001 28.125002 29.000004
v 10.625000 27.250002 29.000000
v 10.625000 26.375004 29.000004
v 10.625001 25.500002 29.000004
v 10.625002 24.625002 29.000004
v 10.625001 23.750004 29.000004
v 10.625000 22.875002 29.000000
v 10.625001 22.000002 29.000000
v 10.625000 21.125004 29.000004
v 10.625001 20.250002 29.000004
v 10.625001 19.375002 29.000004
v 10.625000 18.500000 29.000004
v 10.625001 17.625002 29.000004
v 10.625001 16.750000 29.000000
v 10.625000 15.875000 29.000004
v 10.625001 15.000002 29.000004
v 10.625001 14.125001 29.000000
v 10.625001 13.250001 29.000004
v 10.625001 12.375001 29.000000
v 10.625001 11.500002 29.000004
v 10.625002 10.625001 29.000004
v 10.625001 9.750000 29.000004
v 10.625000 8.875000 29.000004
v 10.625002 8.000001 29.000004
v 10.625000 7.125000 29.000004
v 10.625000 6.250000 29.000004
v 10.625001 5.375001 29.000004
v 10.625001 4.500000 29.000004
v 10.625001 3.625000 29.000004
v 10.625001 2.750000 29.000004
v 10.625002 1.875000 29.000004
v 9.750001 28.125002 29.000004
v 9.750001 27.250004 29.000004
v 9.750001 26.375002 29.000004
v 9.750001 25.500002 29.000000
v 9.750001 24.625004 29.000004
v 9.750001 23.750002 29.000004
v 9.750001 22.875004 29.000004
v 9.750001 22.000004 29.000004
v 9.750001 21.125002 29.000004
v 9.750001 20.250004 29.000004
v 9.750001 19.375002 29.000004
v 9.750001 18.500002 29.000004
v 9.750001 17.625002 29.000004
v 9.750001 16.750002 29.000004
v 9.750001 15.875002 29.000004
v 9.750001 15.000002 29.000004
v 9.750001 14.125000 29.000000
v 9.750000 13.250002 29.000004
v 9.750001 12.375002 29.000004
v 9.750001 11.500000 29.000000
v 9.750000 10.625001 29.000000
v 9.750001 9.750001 29.000004
v 9.750001 8.875001 29.000000
v 9.750001 8.000001 29.000000
v 9.750001 7.125000 29.000004
v 9.750001 6.250001 29.000000
v 9.750001 5.375000 29.000000
v 9.750001 4.500000 29.000000
v 9.750001 3.625000 29.000000
v 9.750001 2.750000 29.000000
v 9.750001 1.875000 29.000000
v 8.875001 28.125002 29.000000
v 8.875001 27.250002 29.000004
v 8.875000 26.375002 29.000000
v 8.875000 25.500000 29.000000
v 8.875001 24.625000 29.000004
v 8.875001 23.750002 29.000004
v 8.875000 22.875004 29.000000
v 8.875001 22.000004 29.000004
v 8.875002 21.125004 29.000004
v 8.875000 20.250004 29.000004
v 8.875001 19.375002 29.000004
v 8.875000 18.500002 29.000000
v 8.875001 17.625000 29.000000
v 8.875000 16.750000 28.999998
v 8.875000 15.875002 29.000000
v 8.875001 15.000000 29.000004
v 8.875001 14.125000 29.000004
v 8.875001 13.250001 29.000004
v 8.875001 12.375001 29.000004
v 8.875000 11.500000 29.000000
v 8.875000 10.625000 29.000000
v 8.875001 9.750001 29.000004
v 8.875001 8.875001 29.000004
v 8.875001 8.000000 29.000004
v 8.875001 7.125001 29.000000
v 8.875001 6.250001 29.000004
v 8.875000 5.375000 29.000000
v 8.875000 4.500001 29.000000
v 8.875000 3.625000 29.000004
v 8.875001 2.750000 29.000000
v 8.875001 1.875000 29.000000
v 8.000000 28.125002 29.000004
v 8.000000 27.250002 29.000004
v 8.000000 26.375004 29.000004
v 8.000001 25.500002 29.000004
v 8.000001 24.625004 29.000004
v 8.000001 23.750004 29.000004
v 8.000001 22.875002 29.000004
v 8.000001 22.000002 29.000000
v 8.000000 21.125000 29.000000
v 8.000001 20.250004 29.000004
v 8.000001 19.375002 29.000000
v 8.000001 18.500002 29.000004
v 8.000001 17.625004 29.000004
v 8.000001 16.750002 29.000000
v 8.000000 15.875002 29.000000
v 8.000001 15.000002 29.000004
v 8.000000 14.125000 29.000004
v 8.000001 13.250001 29.000004
v 8.000001 12.375001 29.000004
v 8.000001 11.500001 29.000004
v 8.000001 10.625001 29.000004
v 8.000001 9.750001 29.000004
v 8.000001 8.875001 29.000004
v 8.000000 8.000000 29.000004
v 8.000001 7.125000 29.000004
v 8.000001 6.250001 29.000004
v 8.000001 5.375001 29.000004
v 8.000000 4.500000 29.000000
v 8.000001 3.625000 29.000004
v 8.000001 2.750000 29.000004
v 8.000000 1.875000 29.000000
v 7.125000 28.125002 29.000004
v 7.125001 27.250004 29.000004
v 7.125000 26.375002 29.000004
v 7.125001 25.500004 29.000004
v 7.125000 24.625002 29.000000
v 7.125001 23.750002 29.000000
v 7.125000 22.875004 29.000004
v 7.125000 22.000002 29.000004
v 7.125000 21.125004 29.000004
v 7.125001 20.250002 29.000004
v 7.125000 19.375002 29.000004
v 7.125001 18.500002 29.000000
v 7.125000 17.625002 29.000000
v 7.125000 16.750002 29.000004
v 7.125000 15.875000 29.000004
v 7.125001 15.000002 29.000004
v 7.125000 14.125000 29.000000
v 7.125000 13.250001 29.000004
v 7.125000 12.375001 29.000000
v 7.125001 11.500000 29.000000
v 7.125001 10.625000 29.000004
v 7.125000 9.750000 29.000004
v 7.125001 8.875001 29.000004
v 7.125000 8.000001 29.000004
v 7.125001 7.125001 29.000004
v 7.125001 6.250001 29.000000
v 7.125000 5.375001 29.000004
v 7.125001 4.500000 29.000004
v 7.125001 3.625000 29.000004
v 7.125001 2.750000 29.000000
v 7.125000 1.875000 29.000000
v 6.250000 28.125002 29.000004
v 6.250000 27.250002 29.000000
v 6.250001 26.375000 29.000000
v 6.250000 25.500004 29.000004
v 6.250000 24.625002 29.000004
v 6.250001 23.750002 29.000004
v 6.250001 22.875004 29.000004
v 6.250001 22.000002 29.000004
v 6.250001 21.125002 29.000004
v 6.250001 20.250004 29.000004
v 6.250000 19.375002 29.000004
v 6.250000 18.500002 29.000004
v 6.250001 17.625002 29.000004
v 6.250000 16.750002 29.000004
v 6.250000 15.875000 29.000000
v 6.250000 15.000000 29.000000
v 6.250000 14.125000 29.000000
v 6.250001 13.250001 29.000004
v 6.250001 12.375001 29.000004
v 6.250000 11.500001 29.000000
v 6.250000 10.625001 29.000004
v 6.250001 9.750001 29.000000
v 6.250000 8.875001 29.000004
v 6.250001 8.000001 29.000004
v 6.250001 7.125001 29.000000
v 6.250000 6.250001 29.000004
v 6.250000 5.375000 29.000004
v 6.250000 4.500000 29.000000
v 6.250001 3.625000 29.000004
v 6.250000 2.750000 29.000000
v 6.250000 1.875000 29.000000
v 5.375000 28.125004 29.000004
v 5.375000 27.250002 29.000004
v 5.375000 26.375004 29.000004
v 5.375001 25.500002 29.000004
v 5.375000 24.625002 29.000000
v 5.375000 23.750002 29.000004
v 5.375000 22.875000 29.000004
v 5.375000 22.000002 29.000004
v 5.375000 21.125002 29.000004
v 5.375000 20.250002 29.000004
v 5.375000 19.375002 29.000004
v 5.375000 18.500002 29.000000
v 5.375000 17.625002 29.000004
v 5.375000 16.750002 29.000000
v 5.375000 15.875000 29.000000
v 5.375000 15.000000 29.000004
v 5.375001 14.125001 29.000004
v 5.375000 13.250001 29.000004
v 5.375000 12.375001 29.000004
v 5.375001 11.500001 29.000004
v 5.375000 10.625001 29.000000
v 5.375000 9.750001 29.000004
v 5.375001 8.875000 29.000000
v 5.375000 8.000001 29.000004
v 5.375000 7.125000 29.000000
v 5.375000 6.250000 29.000004
v 5.375000 5.375000 29.000000
v 5.375000 4.500000 29.000000
v 5.375001 3.625000 29.000004
v 5.375000 2.750000 29.000000
v 5.375000 1.875000 29.000004
v 4.500000 28.125002 29.000000
v 4.500000 27.250000 29.000004
v 4.500000 26.375002 29.000000
v 4.500000 25.500002 29.000004
v 4.500000 24.625002 29.000004
v 4.500000 23.750002 29.000000
v 4.500000 22.875002 29.000004
v 4.500000 22.000000 29.000004
v 4.500001 21.125002 29.000000
v 4.500000 20.250002 29.000004
v 4.500000 19.375002 29.000004
v 4.500001 18.500002 29.000000
v 4.500000 17.625002 29.000004
v 4.500000 16.750002 29.000004
v 4.500000 15.875000 29.000000
v 4.500000 15.000002 29.000004
v 4.500001 14.125000 29.000000
v 4.500000 13.250001 29.000004
v 4.500000 12.375001 29.000000
v 4.500001 11.500000 29.000000
v 4.500000 10.625001 29.000004
v 4.500000 9.750001 29.000000
v 4.500001 8.875000 29.000000
v 4.500000 8.000001 29.000004
v 4.500001 7.125001 29.000004
v 4.500000 6.250000 29.000000
v 4.500000 5.375000 29.000000
v 4.500000 4.500000 29.000000
v 4.500000 3.625000 29.000000
v 4.500000 2.750000 29.000000
v 4.500000 1.875000 29.000000
v 3.625000 28.125002 29.000000
v 3.625000 27.250002 29.000000
v 3.625000 26.375004 29.000004
v 3.625000 25.500000 29.000004
v 3.625000 24.625002 29.000004
v 3.625000 23.750004 29.000004
v 3.625000 22.875004 29.000004
v 3.625000 22.000002 29.000004
v 3.625000 21.125004 29.000004
v 3.625000 20.250002 29.000004
v 3.625000 19.375002 29.000004
v 3.625000 18.500002 29.000004
v 3.625000 17.625002 29.000004
v 3.625000 16.750002 29.000004
v 3.625000 15.875002 29.000004
v 3.625000 15.000000 29.000000
v 3.625000 14.125001 29.000004
v 3.625000 13.250002 29.000004
v 3.625000 12.375000 29.000000
v 3.625000 11.500001 29.000004
v 3.625000 10.625001 29.000004
v 3.625000 9.750001 29.000004
v 3.625000 8.875000 29.000000
v 3.625000 8.000001 29.000000
v 3.625000 7.125000 29.000000
v 3.625000 6.250001 29.000000
v 3.625000 5.375000 29.000004
v 3.625000 4.500000 29.000000
v 3.625000 3.625000 29.000004
v 3.625000 2.750000 29.000000
v 3.625000 1.875000 29.000004
v 2.750000 28.125000 29.000000
v 2.750000 27.250002 29.000004
v 2.750000 26.375002 29.000004
v 2.750000 25.500000 29.000004
v 2.750000 24.625002 29.000004
v 2.750000 23.750002 29.000004
v 2.750000 22.875000 29.000004
v 2.750000 22.000002 29.000004
v 2.750000 21.125002 29.000004
v 2.750000 20.250002 29.000004
v 2.750000 19.375002 29.000004
v 2.750000 18.500000 29.000000
v 2.750000 17.625002 29.000004
v 2.750000 16.750000 29.000004
v 2.750000 15.875000 29.000000
v 2.750000 15.000000 29.000004
v 2.750000 14.125000 29.000000
v 2.750000 13.250000 29.000000
v 2.750000 12.375001 29.000004
v 2.750000 11.500000 29.000000
v 2.750000 10.625000 29.000000
v 2.750000 9.750001 29.000000
v 2.750000 8.875001 29.000004
v 2.750000 8.000000 29.000004
v 2.750000 7.125001 29.000000
v 2.750000 6.250000 29.000000
v 2.750000 5.375000 29.000000
v 2.750000 4.500000 29.000000
v 2.750000 3.625000 29.000000
v 2.750000 2.750000 29.000000
v 2.750000 1.875000 29.000000
v 1.875000 28.125000 29.000004
v 1.875000 27.250000 29.000004
v 1.875000 26.375000 29.000000
v 1.875000 25.500002 29.000004
v 1.875000 24.625004 29.000004
v 1.875000 23.750004 29.000004
v 1.875000 22.875002 29.000004
v 1.875000 22.000000 29.000000
v 1.875000 21.125000 29.000000
v 1.875000 20.250002 29.000004
v 1.875000 19.375004 29.000008
v 1.875000 18.500000 29.000000
v 1.875000 17.625000 29.000004
v 1.875000 16.750002 29.000004
v 1.875000 15.875000 29.000000
v 1.875000 15.000002 29.000004
v 1.875000 14.125001 29.000000
v 1.875000 13.250001 29.000004
v 1.875000 12.375000 29.000004
v 1.875000 11.500000 29.000000
v 1.875000 10.625001 29.000000
v 1.875000 9.750001 29.000000
v 1.875000 8.875001 29.000000
v 1.875000 8.000001 29.000000
v 1.875000 7.125000 29.000000
v 1.875000 6.250000 29.000000
v 1.875000 5.375000 29.000004
v 1.875000 4.500000 29.000000
v 1.875000 3.625000 29.000000
v 1.875000 2.750000 29.000000
v 1.875000 1.875000 29.000000
v 1.000000 28.125000 1.875000
v 1.000000 28.125000 2.750000
v 1.000000 28.125004 3.625000
v 1.000000 28.125004 4.500000
v 1.000000 28.125002 5.375001
v 1.000000 28.125002 6.250000
v 1.000000 28.125004 7.125000
v 1.000000 28.125000 8.000000
v 1.000000 28.125002 8.875000
v 1.000000 28.125004 9.750001
v 1.000000 28.125004 10.625002
v 1.000000 28.125000 11.500000
v 1.000000 28.125000 12.375000
v 1.000000 28.125002 13.250001
v 1.000000 28.125004 14.125000
v 1.000000 28.125004 15.000000
v 1.000000 28.125004 15.875000
v 1.000000 28.125002 16.750002
v 1.000000 28.125002 17.625002
v 1.000000 28.125000 18.500002
v 1.000000 28.125004 19.375004
v 1.000000 28.125004 20.250002
v 1.000000 28.125002 21.125002
v 1.000000 28.125000 22.000000
v 1.000000 28.125004 22.875004
v 1.000000 28.125002 23.750004
v 1.000000 28.125002 24.625004
v 1.000000 28.125002 25.500002
v 1.000000 28.125004 26.375002
v 1.000000 28.125000 27.250000
v 1.000000 28.125000 28.125000
v 1.000000 27.250000 1.875000
v 1.000000 27.250002 2.750000
v 1.000000 27.250002 3.625000
v 1.000000 27.250000 4.500000
v 1.000000 27.250002 5.375000
v 1.000000 27.250002 6.250000
v 1.000000 27.250004 7.125001
v 1.000000 27.250002 8.000001
v 1.000000 27.250002 8.875001
v 1.000000 27.250004 9.750001
v 1.000000 27.250002 10.625001
v 1.000000 27.250002 11.500000
v 1.000000 27.250004 12.375001
v 1.000000 27.250002 13.250001
v 1.000000 27.250000 14.125000
v 1.000000 27.250002 15.000002
v 1.000000 27.250000 15.874998
v 1.000000 27.250004 16.750002
v 1.000000 27.250004 17.625002
v 1.000000 27.250002 18.500000
v 1.000000 27.250006 19.375002
v 1.000000 27.250004 20.250002
v 1.000000 27.250002 21.125000
v 1.000000 27.250004 22.000002
v 1.000000 27.250000 22.875002
v 1.000000 27.250002 23.750000
v 1.000000 27.250002 24.625002
v 1.000000 27.250000 25.500000
v 1.000000 27.250002 26.375000
v 1.000000 27.250002 27.250002
v 1.000000 27.250000 28.125000
v 1.000000 26.374998 1.875000
v 1.000000 26.375000 2.750000
v 1.000000 26.375004 3.625000
v 1.000000 26.375002 4.500000
v 1.000000 26.375002 5.375001
v 1.000000 26.375004 6.250001
v 1.000000 26.375006 7.125001
v 1.000000 26.375002 8.000000
v 1.000000 26.375002 8.875002
v 1.000000 26.375002 9.750001
v 1.000000 26.375006 10.625001
v 1.000000 26.375002 11.500000
v 1.000000 26.375004 12.375002
v 1.000000 26.375004 13.250001
v 1.000000 26.375004 14.125002
v 1.000000 26.375002 15.000000
v 1.000000 26.375004 15.875002
v 1.000000 26.375004 16.750002
v 1.000000 26.375002 17.625004
v 1.000000 26.375000 18.500002
v 1.000000 26.375004 19.375004
v 1.000000 26.375002 20.250002
v 1.000000 26.375004 21.125004
v 1.000000 26.375004 22.000002
v 1.000000 26.375006 22.875004
v 1.000000 26.375004 23.750002
v 1.000000 26.375004 24.625004
v 1.000000 26.375002 25.500000
v 1.000000 26.375004 26.375004
v 1.000000 26.375002 27.250004
v 1.000000 26.375002 28.125002
v 1.000000 25.500002 1.875000
v 1.000000 25.500000 2.750000
v 1.000000 25.500000 3.625000
v 1.000000 25.500004 4.500000
v 1.000000 25.500000 5.375001
v 1.000000 25.500000 6.250000
v 1.000000 25.500004 7.125000
v 1.000000 25.500000 8.000001
v 1.000000 25.500000 8.875000
v 1.000000 25.500004 9.750001
v 1.000000 25.500002 10.625001
v 1.000000 25.500000 11.500000
v 1.000000 25.500004 12.375001
v 1.000000 25.500000 13.250001
v 1.000000 25.500000 14.125000
v 1.000000 25.500004 15.000002
v 1.000000 25.500000 15.875002
v 1.000000 25.500002 16.750000
v 1.000000 25.500002 17.625002
v 1.000000 25.500000 18.500002
v 1.000000 25.500002 19.375002
v 1.000000 25.500004 20.250002
v 1.000000 25.500000 21.125002
v 1.000000 25.500000 22.000000
v 1.000000 25.500004 22.875004
v 1.000000 25.500000 23.750002
v 1.000000 25.500002 24.625004
v 1.000000 25.500002 25.500004
v 1.000000 25.500000 26.375002
v 1.000000 25.500000 27.250000
v 1.000000 25.500002 28.125004
v 1.000000 24.625002 1.875000
v 1.000000 24.625002 2.750000
v 1.000000 24.625004 3.625000
v 1.000000 24.625002 4.500000
v 1.000000 24.625004 5.375000
v 1.000000 24.625002 6.250000
v 1.000000 24.625002 7.125000
v 1.000000 24.625002 8.000001
v 1.000000 24.625000 8.875000
v 1.000000 24.625004 9.750001
v 1.000000 24.625002 10.625001
v 1.000000 24.625002 11.500000
v 1.000000 24.625000 12.375001
v 1.000000 24.625002 13.250002
v 1.000000 24.625002 14.125000
v 1.000000 24.625002 15.000002
v 1.000000 24.625002 15.875000
v 1.000000 24.625002 16.750002
v 1.000000 24.625000 17.625000
v 1.000000 24.625002 18.500002
v 1.000000 24.625002 19.375002
v 1.000000 24.625000 20.250000
v 1.000000 24.625004 21.125004
v 1.000000 24.625004 22.000002
v 1.000000 24.625002 22.875002
v 1.000000 24.625002 23.750002
v 1.000000 24.625002 24.625004
v 1.000000 24.625002 25.500000
v 1.000000 24.625004 26.375002
v 1.000000 24.625002 27.250002
v 1.000000 24.625004 28.125002
v 1.000000 23.750002 1.875000
v 1.000000 23.750000 2.750000
v 1.000000 23.750000 3.625000
v 1.000000 23.750002 4.500000
v 1.000000 23.750002 5.375000
v 1.000000 23.750002 6.250000
v 1.000000 23.750002 7.125001
v 1.000000 23.750000 8.000000
v 1.000000 23.750002 8.875001
v 1.000000 23.750002 9.750001
v 1.000000 23.750000 10.625000
v 1.000000 23.750002 11.500001
v 1.000000 23.750002 12.375000
v 1.000000 23.750000 13.250000
v 1.000000 23.750000 14.125000
v 1.000000 23.750002 15.000000
v 1.000000 23.750000 15.875000
v 1.000000 23.750000 16.750000
v 1.000000 23.750002 17.625002
v 1.000000 23.750002 18.500002
v 1.000000 23.750002 19.375002
v 1.000000 23.750000 20.250002
v 1.000000 23.750002 21.125004
v 1.000000 23.750000 22.000000
v 1.000000 23.750000 22.875002
v 1.000000 23.750002 23.750004
v 1.000000 23.750002 24.625004
v 1.000000 23.750002 25.500000
v 1.000000 23.750000 26.375000
v 1.000000 23.750002 27.250004
v 1.000000 23.750000 28.125000
v 1.000000 22.875004 1.875000
v 1.000000 22.875000 2.750000
v 1.000000 22.875002 3.625000
v 1.000000 22.875004 4.500000
v 1.000000 22.875002 5.375001
v 1.000000 22.875000 6.250001
v 1.000000 22.875004 7.125000
v 1.000000 22.875002 8.000001
v 1.000000 22.875004 8.875002
v 1.000000 22.875004 9.750001
v 1.000000 22.875002 10.625000
v 1.000000 22.875000 11.500000
v 1.000000 22.875004 12.375000
v 1.000000 22.875000 13.250001
v 1.000000 22.875002 14.125000
v 1.000000 22.875004 15.000000
v 1.000000 22.875002 15.875002
v 1.000000 22.875002 16.750002
v 1.000000 22.875002 17.625004
v 1.000000 22.875000 18.500002
v 1.000000 22.875000 19.375002
v 1.000000 22.875004 20.250004
v 1.000000 22.875004 21.125000
v 1.000000 22.875002 22.000004
v 1.000000 22.875004 22.875002
v 1.000000 22.875000 23.750002
v 1.000000 22.875000 24.625002
v 1.000000 22.875002 25.500004
v 1.000000 22.875002 26.375002
v 1.000000 22.875000 27.250002
v 1.000000 22.875002 28.125004
v 1.000000 22.000002 1.875000
v 1.000000 22.000002 2.750000
v 1.000000 22.000002 3.625000
v 1.000000 22.000002 4.500000
v 1.000000 22.000002 5.375000
v 1.000000 22.000002 6.250001
v 1.000000 22.000002 7.125000
v 1.000000 22.000002 8.000001
v 1.000000 22.000002 8.875001
v 1.000000 22.000004 9.750001
v 1.000000 22.000004 10.625001
v 1.000000 22.000002 11.500001
v 1.000000 22.000004 12.375001
v 1.000000 22.000004 13.250001
v 1.000000 22.000002 14.125001
v 1.000000 22.000004 15.000002
v 1.000000 22.000002 15.875000
v 1.000000 22.000002 16.750002
v 1.000000 22.000000 17.625000
v 1.000000 22.000002 18.500002
v 1.000000 22.000002 19.375004
v 1.000000 22.000002 20.250002
v 1.000000 22.000002 21.125002
v 1.000000 22.000002 22.000002
v 1.000000 22.000002 22.875000
v 1.000000 22.000002 23.750002
v 1.000000 22.000002 24.625004
v 1.000000 22.000002 25.500000
v 1.000000 22.000002 26.375002
v 1.000000 22.000002 27.250002
v 1.000000 22.000002 28.125000
v 1.000000 21.125002 1.875000
v 1.000000 21.125002 2.750000
v 1.000000 21.125002 3.625000
v 1.000000 21.125000 4.500001
v 1.000000 21.125002 5.375001
v 1.000000 21.125002 6.250000
v 1.000000 21.125004 7.125001
v 1.000000 21.125002 8.000001
v 1.000000 21.125002 8.875002
v 1.000000 21.125002 9.750001
v 1.000000 21.125002 10.625002
v 1.000000 21.125002 11.500000
v 1.000000 21.125002 12.375001
v 1.000000 21.125002 13.250000
v 1.000000 21.125000 14.125002
v 1.000000 21.125002 15.000000
v 1.000000 21.125000 15.875002
v 1.000000 21.125002 16.750000
v 1.000000 21.125002 17.625000
v 1.000000 21.125002 18.500002
v 1.000000 21.125004 19.375004
v 1.000000 21.125002 20.250002
v 1.000000 21.125002 21.125002
v 1.000000 21.125002 22.000004
v 1.000000 21.125004 22.875004
v 1.000000 21.125002 23.750002
v 1.000000 21.125002 24.625000
v 1.000000 21.125002 25.500002
v 1.000000 21.125004 26.375002
v 1.000000 21.125002 27.250002
v 1.000000 21.125000 28.125000
v 1.000000 20.250002 1.875000
v 1.000000 20.250000 2.750000
v 1.000000 20.250002 3.625000
v 1.000000 20.250002 4.500000
v 1.000000 20.250000 5.375000
v 1.000000 20.250000 6.250001
v 1.000000 20.250002 7.125000
v 1.000000 20.250000 8.000001
v 1.000000 20.250000 8.875001
v 1.000000 20.250004 9.750001
v 1.000000 20.250000 10.625001
v 1.000000 20.250000 11.500000
v 1.000000 20.250004 12.375001
v 1.000000 20.250000 13.250001
v 1.000000 20.250002 14.125000
v 1.000000 20.250004 15.000000
v 1.000000 20.250000 15.875002
v 1.000000 20.250002 16.750002
v 1.000000 20.250004 17.625004
v 1.000000 20.250000 18.500002
v 1.000000 20.250002 19.375002
v 1.000000 20.250002 20.250004
v 1.000000 20.250000 21.125002
v 1.000000 20.250004 22.000004
v 1.000000 20.250002 22.875004
v 1.000000 20.250000 23.750002
v 1.000000 20.250002 24.625004
v 1.000000 20.250002 25.500004
v 1.000000 20.250002 26.375002
v 1.000000 20.250000 27.250002
v 1.000000 20.250002 28.125004
v 1.000000 19.375002 1.875000
v 1.000000 19.375000 2.750000
v 1.000000 19.375004 3.625000
v 1.000000 19.375002 4.500000
v 1.000000 19.375002 5.375000
v 1.000000 19.375002 6.250000
v 1.000000 19.375002 7.125001
v 1.000000 19.375004 8.000001
v 1.000000 19.375002 8.875001
v 1.000000 19.375000 9.750001
v 1.000000 19.375000 10.625001
v 1.000000 19.375002 11.500001
v 1.000000 19.375002 12.375001
v 1.000000 19.375002 13.250001
v 1.000000 19.375002 14.125001
v 1.000000 19.375000 15.000002
v 1.000000 19.375002 15.875002
v 1.000000 19.375002 16.750000
v 1.000000 19.375002 17.625002
v 1.000000 19.375002 18.500002
v 1.000000 19.375002 19.375002
v 1.000000 19.375002 20.250000
v 1.000000 19.375000 21.125002
v 1.000000 19.375002 22.000004
v 1.000000 19.375002 22.875000
v 1.000000 19.375002 23.750002
v 1.000000 19.375004 24.625002
v 1.000000 19.375002 25.500000
v 1.000000 19.375002 26.375004
v 1.000000 19.375000 27.250000
v 1.000000 19.375002 28.125004
v 1.000000 18.500000 1.875000
v 1.000000 18.500002 2.750000
v 1.000000 18.500002 3.625000
v 1.000000 18.500000 4.500001
v 1.000000 18.500002 5.375000
v 1.000000 18.500002 6.250000
v 1.000000 18.500002 7.125001
v 1.000000 18.500002 8.000001
v 1.000000 18.500002 8.875000
v 1.000000 18.500002 9.750001
v 1.000000 18.500002 10.625001
v 1.000000 18.500002 11.500000
v 1.000000 18.500002 12.375001
v 1.000000 18.500002 13.250001
v 1.000000 18.500000 14.125000
v 1.000000 18.500002 15.000000
v 1.000000 18.500000 15.875000
v 1.000000 18.500002 16.750002
v 1.000000 18.500002 17.625002
v 1.000000 18.500000 18.500002
v 1.000000 18.500002 19.375004
v 1.000000 18.500002 20.250000
v 1.000000 18.500002 21.125002
v 1.000000 18.500002 22.000004
v 1.000000 18.500002 22.875002
v 1.000000 18.500002 23.750002
v 1.000000 18.500002 24.625004
v 1.000000 18.500002 25.500002
v 1.000000 18.500002 26.375004
v 1.000000 18.500000 27.250000
v 1.000000 18.500000 28.125000
v 1.000000 17.625002 1.875000
v 1.000000 17.625000 2.750000
v 1.000000 17.625002 3.625000
v 1.000000 17.625002 4.500000
v 1.000000 17.625002 5.375001
v 1.000000 17.625002 6.250001
v 1.000000 17.625002 7.125000
v 1.000000 17.625000 8.000001
v 1.000000 17.625002 8.875002
v 1.000000 17.625004 9.750001
v 1.000000 17.625002 10.625000
v 1.000000 17.625002 11.500001
v 1.000000 17.625000 12.375001
v 1.000000 17.625000 13.250001
v 1.000000 17.625000 14.125002
v 1.000000 17.625004 15.000000
v 1.000000 17.625002 15.875000
v 1.000000 17.625002 16.750002
v 1.000000 17.625000 17.625002
v 1.000000 17.625000 18.500002
v 1.000000 17.625000 19.375002
v 1.000000 17.625002 20.250004
v 1.000000 17.625002 21.125002
v 1.000000 17.625002 22.000002
v 1.000000 17.625002 22.875004
v 1.000000 17.625000 23.750002
v 1.000000 17.625002 24.625002
v 1.000000 17.625002 25.500004
v 1.000000 17.625002 26.375000
v 1.000000 17.625000 27.250002
v 1.000000 17.625000 28.125002
v 1.000000 16.750000 1.875000
v 1.000000 16.750000 2.750000
v 1.000000 16.750002 3.625000
v 1.000000 16.750000 4.500000
v 1.000000 16.750002 5.375000
v 1.000000 16.750002 6.250001
v 1.000000 16.750000 7.125001
v 1.000000 16.750002 8.000001
v 1.000000 16.750002 8.875001
v 1.000000 16.750000 9.750001
v 1.000000 16.750002 10.625001
v 1.000000 16.750000 11.500001
v 1.000000 16.750000 12.375001
v 1.000000 16.750002 13.250001
v 1.000000 16.750000 14.125001
v 1.000000 16.750000 15.000002
v 1.000000 16.750002 15.875000
v 1.000000 16.750000 16.750000
v 1.000000 16.750002 17.625000
v 1.000000 16.750002 18.500002
v 1.000000 16.750000 19.375000
v 1.000000 16.750002 20.250000
v 1.000000 16.750002 21.125002
v 1.000000 16.750000 22.000004
v 1.000000 16.750002 22.875000
v 1.000000 16.750002 23.750002
v 1.000000 16.750000 24.625000
v 1.000000 16.750002 25.500000
v 1.000000 16.750002 26.375004
v 1.000000 16.750000 27.250000
v 1.000000 16.750002 28.125002
v 1.000000 15.875002 1.875000
v 1.000000 15.875000 2.750000
v 1.000000 15.875002 3.625000
v 1.000000 15.875000 4.500000
v 1.000000 15.875000 5.375000
v 1.000000 15.875000 6.250000
v 1.000000 15.875000 7.125000
v 1.000000 15.875000 8.000000
v 1.000000 15.875000 8.875000
v 1.000000 15.875000 9.750001
v 1.000000 15.875002 10.625001
v 1.000000 15.875000 11.500000
v 1.000000 15.875000 12.375002
v 1.000000 15.875002 13.250001
v 1.000000 15.875002 14.125000
v 1.000000 15.875002 15.000000
v 1.000000 15.875000 15.875002
v 1.000000 15.875002 16.750002
v 1.000000 15.875000 17.625002
v 1.000000 15.875000 18.500000
v 1.000000 15.875000 19.375002
v 1.000000 15.875000 20.250000
v 1.000000 15.875000 21.125000
v 1.000000 15.875000 22.000000
v 1.000000 15.875000 22.875000
v 1.000000 15.875000 23.750000
v 1.000000 15.875000 24.625002
v 1.000000 15.875000 25.500000
v 1.000000 15.875000 26.375002
v 1.000000 15.875000 27.250000
v 1.000000 15.875000 28.125000
v 1.000000 15.000002 1.875000
v 1.000000 15.000000 2.750000
v 1.000000 15.000000 3.625000
v 1.000000 15.000002 4.500000
v 1.000000 15.000002 5.375000
v 1.000000 15.000002 6.250000
v 1.000000 15.000002 7.125000
v 1.000000 15.000002 8.000001
v 1.000000 15.000002 8.875001
v 1.000000 15.000002 9.750001
v 1.000000 15.000000 10.625001
v 1.000000 15.000002 11.500000
v 1.000000 15.000002 12.375001
v 1.000000 15.000000 13.250002
v 1.000000 15.000000 14.125000
v 1.000000 15.000002 15.000000
v 1.000000 15.000000 15.875002
v 1.000000 15.000000 16.750000
v 1.000000 15.000002 17.625002
v 1.000000 15.000000 18.500002
v 1.000000 15.000002 19.375000
v 1.000000 15.000002 20.250004
v 1.000000 15.000000 21.125002
v 1.000000 15.000002 22.000004
v 1.000000 15.000002 22.875004
v 1.000000 15.000000 23.750002
v 1.000000 15.000002 24.625002
v 1.000000 15.000002 25.500004
v 1.000000 15.000000 26.375002
v 1.000000 15.000000 27.250002
v 1.000000 15.000002 28.125004
v 1.000000 14.125001 1.875000
v 1.000000 14.125000 2.750000
v 1.000000 14.125000 3.625000
v 1.000000 14.125000 4.500000
v 1.000000 14.125001 5.375000
v 1.000000 14.125000 6.250000
v 1.000000 14.125000 7.125000
v 1.000000 14.125000 8.000001
v 1.000000 14.125000 8.875000
v 1.000000 14.125000 9.750001
v 1.000000 14.125002 10.625000
v 1.000000 14.125000 11.500000
v 1.000000 14.125001 12.375001
v 1.000000 14.125000 13.250001
v 1.000000 14.125002 14.125000
v 1.000000 14.125000 15.000000
v 1.000000 14.125000 15.875002
v 1.000000 14.125000 16.750000
v 1.000000 14.125001 17.625004
v 1.000000 14.125000 18.500000
v 1.000000 14.125001 19.375002
v 1.000000 14.125000 20.250000
v 1.000000 14.125000 21.125000
v 1.000000 14.125000 22.000000
v 1.000000 14.125001 22.875002
v 1.000000 14.125000 23.750000
v 1.000000 14.125001 24.625000
v 1.000000 14.125000 25.500000
v 1.000000 14.125002 26.375004
v 1.000000 14.125000 27.250000
v 1.000000 14.125000 28.125000
v 1.000000 13.250001 1.875000
v 1.000000 13.250000 2.750000
v 1.000000 13.250001 3.625000
v 1.000000 13.250001 4.500000
v 1.000000 13.250001 5.375000
v 1.000000 13.250002 6.250001
v 1.000000 13.250001 7.125001
v 1.000000 13.250001 8.000001
v 1.000000 13.250002 8.875001
v 1.000000 13.250001 9.750001
v 1.000000 13.250001 10.625001
v 1.000000 13.250000 11.500000
v 1.000000 13.250001 12.375001
v 1.000000 13.250001 13.250001
v 1.000000 13.250000 14.125000
v 1.000000 13.250001 15.000002
v 1.000000 13.250002 15.875000
v 1.000000 13.250001 16.750000
v 1.000000 13.250001 17.625002
v 1.000000 13.250002 18.500000
v 1.000000 13.250001 19.375000
v 1.000000 13.250002 20.250002
v 1.000000 13.250000 21.125000
v 1.000000 13.250002 22.000002
v 1.000000 13.250002 22.875002
v 1.000000 13.250000 23.750000
v 1.000000 13.250001 24.625002
v 1.000000 13.250001 25.500002
v 1.000000 13.250001 26.375004
v 1.000000 13.250001 27.250002
v 1.000000 13.250002 28.125002
v 1.000000 12.375001 1.875000
v 1.000000 12.375001 2.750000
v 1.000000 12.375000 3.625000
v 1.000000 12.375001 4.500000
v 1.000000 12.375001 5.375000
v 1.000000 12.375000 6.250001
v 1.000000 12.375002 7.125000
v 1.000000 12.375001 8.000001
v 1.000000 12.375002 8.875001
v 1.000000 12.375001 9.750002
v 1.000000 12.375000 10.625001
v 1.000000 12.375002 11.500000
v 1.000000 12.375001 12.375000
v 1.000000 12.375001 13.250002
v 1.000000 12.375000 14.125002
v 1.000000 12.375001 15.000002
v 1.000000 12.375001 15.875002
v 1.000000 12.375000 16.750000
v 1.000000 12.375001 17.625000
v 1.000000 12.375001 18.500002
v 1.000000 12.375001 19.375002
v 1.000000 12.375002 20.250002
v 1.000000 12.375000 21.125000
v 1.000000 12.375002 22.000004
v 1.000000 12.375000 22.875002
v 1.000000 12.375001 23.750002
v 1.000000 12.375001 24.625000
v 1.000000 12.375000 25.500004
v 1.000000 12.375001 26.375002
v 1.000000 12.375001 27.250004
v 1.000000 12.375000 28.125000
v 1.000000 11.500000 1.875000
v 1.000000 11.500000 2.750000
v 1.000000 11.500001 3.625000
v 1.000000 11.500000 4.500001
v 1.000000 11.500000 5.375000
v 1.000000 11.500000 6.250000
v 1.000000 11.500000 7.125001
v 1.000000 11.500001 8.000001
v 1.000000 11.500000 8.875000
v 1.000000 11.500000 9.750001
v 1.000000 11.500001 10.625001
v 1.000000 11.500000 11.500000
v 1.000000 11.500000 12.375001
v 1.000000 11.500000 13.250001
v 1.000000 11.500000 14.125000
v 1.000000 11.500000 15.000002
v 1.000000 11.500000 15.875000
v 1.000000 11.500000 16.750000
v 1.000000 11.500000 17.625002
v 1.000000 11.500000 18.500000
v 1.000000 11.500000 19.375004
v 1.000000 11.500000 20.250002
v 1.000000 11.500000 21.125002
v 1.000000 11.500001 22.000004
v 1.000000 11.500000 22.875002
v 1.000000 11.500000 23.750000
v 1.000000 11.500000 24.625000
v 1.000000 11.500000 25.500000
v 1.000000 11.500000 26.375000
v 1.000000 11.500000 27.250000
v 1.000000 11.500000 28.125000
v 1.000000 10.625001 1.875000
v 1.000000 10.625000 2.750000
v 1.000000 10.625000 3.625000
v 1.000000 10.625001 4.500000
v 1.000000 10.625002 5.375000
v 1.000000 10.625001 6.250000
v 1.000000 10.625000 7.125001
v 1.000000 10.625001 8.000001
v 1.000000 10.625000 8.875001
v 1.000000 10.625001 9.750001
v 1.000000 10.625001 10.625001
v 1.000000 10.625000 11.500001
v 1.000000 10.625001 12.375001
v 1.000000 10.625001 13.250001
v 1.000000 10.625000 14.125001
v 1.000000 10.625001 15.000002
v 1.000000 10.625001 15.875002
v 1.000000 10.625001 16.750000
v 1.000000 10.625001 17.625002
v 1.000000 10.625001 18.500000
v 1.000000 10.625002 19.375002
v 1.000000 10.625001 20.250002
v 1.000000 10.625000 21.125004
v 1.000000 10.625002 22.000004
v 1.000000 10.625000 22.875002
v 1.000000 10.625000 23.750002
v 1.000000 10.625001 24.625002
v 1.000000 10.625001 25.500002
v 1.000000 10.625001 26.375004
v 1.000000 10.625001 27.250004
v 1.000000 10.625002 28.125004
v 1.000000 9.750001 1.875000
v 1.000000 9.750001 2.750000
v 1.000000 9.750001 3.625000
v 1.000000 9.750001 4.500000
v 1.000000 9.750001 5.375000
v 1.000000 9.750001 6.250001
v 1.000000 9.750001 7.125000
v 1.000000 9.750001 8.000001
v 1.000000 9.750001 8.875001
v 1.000000 9.750001 9.750002
v 1.000000 9.750001 10.625002
v 1.000000 9.750001 11.500000
v 1.000000 9.750001 12.375002
v 1.000000 9.750001 13.250000
v 1.000000 9.750001 14.125000
v 1.000000 9.750001 15.000002
v 1.000000 9.750001 15.875002
v 1.000000 9.750000 16.750002
v 1.000000 9.750001 17.625002
v 1.000000 9.750001 18.500002
v 1.000000 9.750000 19.375002
v 1.000000 9.750001 20.250002
v 1.000000 9.750001 21.125002
v 1.000000 9.750001 22.000004
v 1.000000 9.750001 22.875002
v 1.000000 9.750001 23.750002
v 1.000000 9.750001 24.625004
v 1.000000 9.750001 25.500002
v 1.000000 9.750001 26.375002
v 1.000000 9.750001 27.250004
v 1.000000 9.750001 28.125004
v 1.000000 8.875001 1.875000
v 1.000000 8.875001 2.750000
v 1.000000 8.875000 3.625000
v 1.000000 8.875000 4.500001
v 1.000000 8.875001 5.375000
v 1.000000 8.875001 6.250000
v 1.000000 8.875000 7.125001
v 1.000000 8.875001 8.000001
v 1.000000 8.875002 8.875001
v 1.000000 8.875000 9.750001
v 1.000000 8.875001 10.625000
v 1.000000 8.875000 11.500000
v 1.000000 8.875001 12.375000
v 1.000000 8.875000 13.250001
v 1.000000 8.875000 14.125000
v 1.000000 8.875001 15.000002
v 1.000000 8.875001 15.875002
v 1.000000 8.875001 16.750002
v 1.000000 8.875001 17.625002
v 1.000000 8.875000 18.500000
v 1.000000 8.875000 19.375004
v 1.000000 8.875001 20.250002
v 1.000000 8.875001 21.125000
v 1.000000 8.875001 22.000004
v 1.000000 8.875001 22.875004
v 1.000000 8.875001 23.750004
v 1.000000 8.875000 24.625002
v 1.000000 8.875000 25.500002
v 1.000000 8.875000 26.375004
v 1.000000 8.875001 27.250002
v 1.000000 8.875001 28.125002
v 1.000000 8.000000 1.875000
v 1.000000 8.000000 2.750000
v 1.000000 8.000000 3.625000
v 1.000000 8.000001 4.500000
v 1.000000 8.000001 5.375000
v 1.000000 8.000001 6.250001
v 1.000000 8.000001 7.125000
v 1.000000 8.000001 8.000000
v 1.000000 8.000000 8.875001
v 1.000000 8.000001 9.750001
v 1.000000 8.000001 10.625001
v 1.000000 8.000001 11.500001
v 1.000000 8.000001 12.375001
v 1.000000 8.000001 13.250001
v 1.000000 8.000000 14.125001
v 1.000000 8.000001 15.000002
v 1.000000 8.000000 15.875000
v 1.000000 8.000001 16.750002
v 1.000000 8.000001 17.625002
v 1.000000 8.000001 18.500002
v 1.000000 8.000001 19.375002
v 1.000000 8.000001 20.250004
v 1.000000 8.000001 21.125002
v 1.000000 8.000000 22.000000
v 1.000000 8.000001 22.875002
v 1.000000 8.000001 23.750000
v 1.000000 8.000001 24.625004
v 1.000000 8.000000 25.500002
v 1.000000 8.000001 26.375004
v 1.000000 8.000001 27.250004
v 1.000000 8.000000 28.125000
v 1.000000 7.125000 1.875000
v 1.000000 7.125001 2.750000
v 1.000000 7.125000 3.625000
v 1.000000 7.125001 4.500000
v 1.000000 7.125000 5.375000
v 1.000000 7.125001 6.250001
v 1.000000 7.125000 7.125001
v 1.000000 7.125000 8.000000
v 1.000000 7.125000 8.875002
v 1.000000 7.125001 9.750002
v 1.000000 7.125000 10.625001
v 1.000000 7.125001 11.500000
v 1.000000 7.125000 12.375001
v 1.000000 7.125000 13.250002
v 1.000000 7.125000 14.125000
v 1.000000 7.125001 15.000002
v 1.000000 7.125000 15.875000
v 1.000000 7.125000 16.750002
v 1.000000 7.125000 17.625002
v 1.000000 7.125001 18.500002
v 1.000000 7.125001 19.375002
v 1.000000 7.125000 20.250002
v 1.000000 7.125001 21.125004
v 1.000000 7.125000 22.000002
v 1.000000 7.125001 22.875004
v 1.000000 7.125001 23.750002
v 1.000000 7.125000 24.625002
v 1.000000 7.125001 25.500002
v 1.000000 7.125001 26.375004
v 1.000000 7.125001 27.250004
v 1.000000 7.125000 28.125002
v 1.000000 6.250000 1.875000
v 1.000000 6.250000 2.750000
v 1.000000 6.250001 3.625000
v 1.000000 6.250000 4.500000
v 1.000000 6.250000 5.375000
v 1.000000 6.250001 6.250000
v 1.000000 6.250001 7.125001
v 1.000000 6.250001 8.000001
v 1.000000 6.250001 8.875001
v 1.000000 6.250001 9.750001
v 1.000000 6.250000 10.625001
v 1.000000 6.250000 11.500001
v 1.000000 6.250001 12.375002
v 1.000000 6.250000 13.250001
v 1.000000 6.250000 14.125001
v 1.000000 6.250000 15.000002
v 1.000000 6.250000 15.875000
v 1.000000 6.250001 16.750002
v 1.000000 6.250001 17.625002
v 1.000000 6.250000 18.500000
v 1.000000 6.250000 19.375002
v 1.000000 6.250001 20.250002
v 1.000000 6.250000 21.125004
v 1.000000 6.250001 22.000004
v 1.000000 6.250001 22.875002
v 1.000000 6.250000 23.750004
v 1.000000 6.250000 24.625002
v 1.000000 6.250000 25.500000
v 1.000000 6.250001 26.375004
v 1.000000 6.250000 27.250002
v 1.000000 6.250000 28.125004
v 1.000000 5.375000 1.875000
v 1.000000 5.375000 2.750000
v 1.000000 5.375000 3.625000
v 1.000000 5.375001 4.500000
v 1.000000 5.375000 5.375000
v 1.000000 5.375000 6.250000
v 1.000000 5.375000 7.125000
v 1.000000 5.375000 8.000001
v 1.000000 5.375000 8.875000
v 1.000000 5.375000 9.750001
v 1.000000 5.375000 10.625002
v 1.000000 5.375000 11.500001
v 1.000000 5.375000 12.375001
v 1.000000 5.375000 13.250001
v 1.000000 5.375000 14.125002
v 1.000000 5.375000 15.000002
v 1.000000 5.375001 15.875002
v 1.000000 5.375000 16.750000
v 1.000000 5.375000 17.625002
v 1.000000 5.375001 18.500002
v 1.000000 5.375000 19.375002
v 1.000000 5.375000 20.250002
v 1.000000 5.375001 21.125002
v 1.000000 5.375000 22.000004
v 1.000000 5.375000 22.875000
v 1.000000 5.375000 23.750002
v 1.000000 5.375000 24.625002
v 1.000000 5.375000 25.500002
v 1.000000 5.375001 26.375004
v 1.000000 5.375000 27.250002
v 1.000000 5.375000 28.125004
v 1.000000 4.500000 1.875000
v 1.000000 4.500000 2.750000
v 1.000000 4.500000 3.625000
v 1.000000 4.500000 4.500000
v 1.000000 4.500000 5.375000
v 1.000000 4.500000 6.250000
v 1.000000 4.500000 7.125000
v 1.000000 4.500000 8.000000
v 1.000000 4.500001 8.875000
v 1.000000 4.500000 9.750001
v 1.000000 4.500000 10.625000
v 1.000000 4.500001 11.500000
v 1.000000 4.500000 12.375001
v 1.000000 4.500000 13.250000
v 1.000000 4.500000 14.125000
v 1.000000 4.500000 15.000002
v 1.000000 4.500001 15.875000
v 1.000000 4.500000 16.750002
v 1.000000 4.500000 17.625002
v 1.000000 4.500001 18.500002
v 1.000000 4.500000 19.375002
v 1.000000 4.500000 20.250002
v 1.000000 4.500001 21.125002
v 1.000000 4.500000 22.000002
v 1.000000 4.500001 22.875002
v 1.000000 4.500000 23.750002
v 1.000000 4.500000 24.625002
v 1.000000 4.500000 25.500002
v 1.000000 4.500000 26.375002
v 1.000000 4.500000 27.250002
v 1.000000 4.500000 28.125000
v 1.000000 3.625000 1.875000
v 1.000000 3.625000 2.750000
v 1.000000 3.625000 3.625000
v 1.000000 3.625000 4.500000
v 1.000000 3.625000 5.375001
v 1.000000 3.625000 6.250001
v 1.000000 3.625000 7.125001
v 1.000000 3.625000 8.000001
v 1.000000 3.625000 8.875000
v 1.000000 3.625000 9.750001
v 1.000000 3.625000 10.625001
v 1.000000 3.625000 11.500001
v 1.000000 3.625000 12.375001
v 1.000000 3.625000 13.250001
v 1.000000 3.625000 14.125002
v 1.000000 3.625000 15.000002
v 1.000000 3.625000 15.875000
v 1.000000 3.625000 16.750000
v 1.000000 3.625000 17.625002
v 1.000000 3.625000 18.500002
v 1.000000 3.625000 19.375002
v 1.000000 3.625000 20.250002
v 1.000000 3.625000 21.125002
v 1.000000 3.625000 22.000002
v 1.000000 3.625000 22.875000
v 1.000000 3.625000 23.750002
v 1.000000 3.625000 24.625004
v 1.000000 3.625000 25.500000
v 1.000000 3.625000 26.375004
v 1.000000 3.625000 27.250002
v 1.000000 3.625000 28.125002
v 1.000000 2.750000 1.875000
v 1.000000 2.750000 2.750000
v 1.000000 2.750000 3.625000
v 1.000000 2.750000 4.500000
v 1.000000 2.750000 5.375000
v 1.000000 2.750000 6.250000
v 1.000000 2.750000 7.125000
v 1.000000 2.750000 8.000001
v 1.000000 2.750000 8.875001
v 1.000000 2.750000 9.750001
v 1.000000 2.750000 10.625001
v 1.000000 2.750000 11.500000
v 1.000000 2.750000 12.375001
v 1.000000 2.750000 13.250001
v 1.000000 2.750000 14.125000
v 1.000000 2.750000 15.000002
v 1.000000 2.750000 15.875000
v 1.000000 2.750000 16.750000
v 1.000000 2.750000 17.625002
v 1.000000 2.750000 18.500002
v 1.000000 2.750000 19.375000
v 1.000000 2.750000 20.250002
v 1.000000 2.750000 21.125002
v 1.000000 2.750000 22.000002
v 1.000000 2.750000 22.875002
v 1.000000 2.750000 23.750002
v 1.000000 2.750000 24.625002
v 1.000000 2.750000 25.500002
v 1.000000 2.750000 26.375002
v 1.000000 2.750000 27.250002
v 1.000000 2.750000 28.125002
v 1.000000 1.875000 1.875000
v 1.000000 1.875000 2.750000
v 1.000000 1.875000 3.625000
v 1.000000 1.875000 4.500000
v 1.000000 1.875000 5.375000
v 1.000000 1.875000 6.250000
v 1.000000 1.875000 7.125000
v 1.000000 1.875000 8.000000
v 1.000000 1.875000 8.875000
v 1.000000 1.875000 9.750001
v 1.000000 1.875000 10.625002
v 1.000000 1.875000 11.500000
v 1.000000 1.875000 12.375000
v 1.000000 1.875000 13.250002
v 1.000000 1.875000 14.125000
v 1.000000 1.875000 15.000000
v 1.000000 1.875000 15.875000
v 1.000000 1.875000 16.750002
v 1.000000 1.875000 17.625000
v 1.000000 1.875000 18.500000
v 1.000000 1.875000 19.375002
v 1.000000 1.875000 20.250002
v 1.000000 1.875000 21.125000
v 1.000000 1.875000 22.000002
v 1.000000 1.875000 22.875002
v 1.000000 1.875000 23.750002
v 1.000000 1.875000 24.625004
v 1.000000 1.875000 25.500000
v 1.000000 1.875000 26.375002
v 1.000000 1.875000 27.250000
v 1.000000 1.875000 28.125000
v 1.875000 1.000000 1.875000
v 1.875000 1.000000 2.750000
v 1.875000 1.000000 3.625000
v 1.875000 1.000000 4.500000
v 1.875000 1.000000 5.375001
v 1.875000 1.000000 6.250000
v 1.875000 1.000000 7.125000
v 1.875000 1.000000 8.000001
v 1.875000 1.000000 8.875000
v 1.875000 1.000000 9.750000
v 1.875000 1.000000 10.625001
v 1.875000 1.000000 11.500000
v 1.875000 1.000000 12.375002
v 1.875000 1.000000 13.250000
v 1.875000 1.000000 14.125001
v 1.875000 1.000000 15.000002
v 1.875000 1.000000 15.875002
v 1.875000 1.000000 16.750002
v 1.875000 1.000000 17.625002
v 1.875000 1.000000 18.500002
v 1.875000 1.000000 19.375000
v 1.875000 1.000000 20.250002
v 1.875000 1.000000 21.125000
v 1.875000 1.000000 22.000002
v 1.875000 1.000000 22.875000
v 1.875000 1.000000 23.750002
v 1.875000 1.000000 24.625002
v 1.875000 1.000000 25.500002
v 1.875000 1.000000 26.375002
v 1.875000 1.000000 27.250002
v 1.875000 1.000000 28.125002
v 2.750000 1.000000 1.875000
v 2.750000 1.000000 2.750000
v 2.750000 1.000000 3.625000
v 2.750000 1.000000 4.500000
v 2.750000 1.000000 5.375000
v 2.750000 1.000000 6.250001
v 2.750000 1.000000 7.125001
v 2.750000 1.000000 8.000001
v 2.750000 1.000000 8.875001
v 2.750000 1.000000 9.750001
v 2.750000 1.000000 10.625000
v 2.750000 1.000000 11.500000
v 2.750000 1.000000 12.375002
v 2.750000 1.000000 13.250000
v 2.750000 1.000000 14.125001
v 2.750000 1.000000 15.000002
v 2.750000 1.000000 15.875002
v 2.750000 1.000000 16.750000
v 2.750000 1.000000 17.625002
v 2.750000 1.000000 18.500002
v 2.750000 1.000000 19.375000
v 2.750000 1.000000 20.250002
v 2.750000 1.000000 21.125002
v 2.750000 1.000000 22.000000
v 2.750000 1.000000 22.875002
v 2.750000 1.000000 23.750002
v 2.750000 1.000000 24.625002
v 2.750000 1.000000 25.500000
v 2.750000 1.000000 26.375002
v 2.750000 1.000000 27.250000
v 2.750000 1.000000 28.125002
v 3.625000 1.000000 1.875000
v 3.625000 1.000000 2.750000
v 3.625000 1.000000 3.625000
v 3.625000 1.000000 4.500000
v 3.625000 1.000000 5.375001
v 3.625000 1.000000 6.250000
v 3.625000 1.000000 7.125000
v 3.625000 1.000000 8.000001
v 3.625000 1.000000 8.875002
v 3.625000 1.000000 9.750000
v 3.625000 1.000000 10.625001
v 3.625000 1.000000 11.500000
v 3.625000 1.000000 12.375000
v 3.625000 1.000000 13.250001
v 3.625000 1.000000 14.125001
v 3.625000 1.000000 15.000002
v 3.625000 1.000000 15.875002
v 3.625000 1.000000 16.750002
v 3.625000 1.000000 17.625002
v 3.625000 1.000000 18.500002
v 3.625000 1.000000 19.375000
v 3.625000 1.000000 20.250002
v 3.625000 1.000000 21.125002
v 3.625000 1.000000 22.000000
v 3.625000 1.000000 22.875002
v 3.625000 1.000000 23.750002
v 3.625000 1.000000 24.625000
v 3.625000 1.000000 25.500004
v 3.625000 1.000000 26.375002
v 3.625000 1.000000 27.250002
v 3.625000 1.000000 28.125002
v 4.500000 1.000000 1.875000
v 4.500000 1.000000 2.750000
v 4.500000 1.000000 3.625000
v 4.500000 1.000000 4.500000
v 4.500000 1.000000 5.375001
v 4.500000 1.000000 6.250001
v 4.500000 1.000000 7.125001
v 4.500000 1.000000 8.000000
v 4.500000 1.000000 8.875001
v 4.500000 1.000000 9.750000
v 4.500000 1.000000 10.625001
v 4.500000 1.000000 11.500001
v 4.500000 1.000000 12.375002
v 4.500000 1.000000 13.250001
v 4.500000 1.000000 14.125000
v 4.500000 1.000000 15.000002
v 4.500000 1.000000 15.875002
v 4.500000 1.000000 16.750002
v 4.500000 1.000000 17.625000
v 4.500000 1.000000 18.500002
v 4.500000 1.000000 19.375002
v 4.500000 1.000000 20.250002
v 4.500000 1.000000 21.125002
v 4.500000 1.000000 22.000002
v 4.500000 1.000000 22.875002
v 4.500000 1.000000 23.750002
v 4.500000 1.000000 24.625004
v 4.500000 1.000000 25.500002
v 4.500000 1.000000 26.375002
v 4.500000 1.000000 27.250002
v 4.500000 1.000000 28.125002
v 5.375001 1.000000 1.875000
v 5.375000 1.000000 2.750000
v 5.375001 1.000000 3.625000
v 5.375001 1.000000 4.500000
v 5.375000 1.000000 5.375000
v 5.375001 1.000000 6.250001
v 5.375001 1.000000 7.125000
v 5.375001 1.000000 8.000001
v 5.375001 1.000000 8.875001
v 5.375001 1.000000 9.750001
v 5.375000 1.000000 10.625001
v 5.375001 1.000000 11.500001
v 5.375000 1.000000 12.375001
v 5.375001 1.000000 13.250000
v 5.375001 1.000000 14.125002
v 5.375001 1.000000 15.000002
v 5.375000 1.000000 15.875000
v 5.375001 1.000000 16.750002
v 5.375000 1.000000 17.625000
v 5.375001 1.000000 18.500002
v 5.375000 1.000000 19.375002
v 5.375000 1.000000 20.250000
v 5.375001 1.000000 21.125000
v 5.375001 1.000000 22.000000
v 5.375001 1.000000 22.875000
v 5.375001 1.000000 23.750002
v 5.375001 1.000000 24.625000
v 5.375000 1.000000 25.500002
v 5.375001 1.000000 26.375000
v 5.375000 1.000000 27.250002
v 5.375001 1.000000 28.125004
v 6.250000 1.000000 1.874999
v 6.250000 1.000000 2.750000
v 6.250001 1.000000 3.625000
v 6.250001 1.000000 4.500000
v 6.250000 1.000000 5.375001
v 6.250001 1.000000 6.250001
v 6.250001 1.000000 7.125001
v 6.250001 1.000000 8.000001
v 6.250000 1.000000 8.875001
v 6.250001 1.000000 9.750000
v 6.250001 1.000000 10.625002
v 6.250001 1.000000 11.500002
v 6.250001 1.000000 12.375000
v 6.250001 1.000000 13.250002
v 6.250001 1.000000 14.125002
v 6.250000 1.000000 15.000000
v 6.250001 1.000000 15.875002
v 6.250001 1.000000 16.750002
v 6.250001 1.000000 17.625002
v 6.250001 1.000000 18.500002
v 6.250001 1.000000 19.375000
v 6.250001 1.000000 20.250002
v 6.250001 1.000000 21.125002
v 6.250001 1.000000 22.000000
v 6.250001 1.000000 22.875002
v 6.250001 1.000000 23.750004
v 6.250000 1.000000 24.625000
v 6.250001 1.000000 25.500004
v 6.250001 1.000000 26.375004
v 6.250000 1.000000 27.250000
v 6.250000 1.000000 28.125002
v 7.125001 1.000000 1.875000
v 7.125001 1.000000 2.750000
v 7.125000 1.000000 3.625000
v 7.125001 1.000000 4.500000
v 7.125001 1.000000 5.375002
v 7.125001 1.000000 6.250001
v 7.125001 1.000000 7.125001
v 7.125001 1.000000 8.000000
v 7.125001 1.000000 8.875000
v 7.125001 1.000000 9.750001
v 7.125001 1.000000 10.625002
v 7.125001 1.000000 11.500000
v 7.125000 1.000000 12.375001
v 7.125000 1.000000 13.250002
v 7.125000 1.000000 14.125000
v 7.125001 1.000000 15.000002
v 7.125000 1.000000 15.875000
v 7.125000 1.000000 16.750002
v 7.125001 1.000000 17.625002
v 7.125001 1.000000 18.500002
v 7.125001 1.000000 19.375004
v 7.125001 1.000000 20.250000
v 7.125001 1.000000 21.125000
v 7.125001 1.000000 22.000004
v 7.125001 1.000000 22.875000
v 7.125001 1.000000 23.750002
v 7.125001 1.000000 24.625000
v 7.125000 1.000000 25.500002
v 7.125001 1.000000 26.375004
v 7.125001 1.000000 27.250004
v 7.125001 1.000000 28.125000
v 8.000001 1.000000 1.875000
v 8.000001 1.000000 2.750000
v 8.000001 1.000000 3.625000
v 8.000000 1.000000 4.500000
v 8.000001 1.000000 5.375001
v 8.000001 1.000000 6.250000
v 8.000001 1.000000 7.125001
v 8.000002 1.000000 8.000001
v 8.000002 1.000000 8.875000
v 8.000001 1.000000 9.750001
v 8.000002 1.000000 10.625002
v 8.000001 1.000000 11.500000
v 8.000001 1.000000 12.375002
v 8.000002 1.000000 13.250002
v 8.000001 1.000000 14.125000
v 8.000001 1.000000 15.000002
v 8.000001 1.000000 15.875002
v 8.000001 1.000000 16.750000
v 8.000001 1.000000 17.625002
v 8.000001 1.000000 18.500002
v 8.000001 1.000000 19.375000
v 8.000001 1.000000 20.250000
v 8.000001 1.000000 21.125000
v 8.000001 1.000000 22.000000
v 8.000001 1.000000 22.875000
v 8.000001 1.000000 23.750000
v 8.000001 1.000000 24.625000
v 8.000000 1.000000 25.500000
v 8.000001 1.000000 26.375000
v 8.000000 1.000000 27.250000
v 8.000001 1.000000 28.125004
v 8.875001 1.000000 1.875000
v 8.875000 1.000000 2.750000
v 8.875001 1.000000 3.625000
v 8.875001 1.000000 4.500000
v 8.875001 1.000000 5.375001
v 8.875000 1.000000 6.250000
v 8.875000 1.000000 7.125001
v 8.875001 1.000000 8.000001
v 8.875001 1.000000 8.875000
v 8.875000 1.000000 9.750001
v 8.875001 1.000000 10.625002
v 8.875002 1.000000 11.500002
v 8.875002 1.000000 12.375002
v 8.875002 1.000000 13.250002
v 8.875001 1.000000 14.125002
v 8.875001 1.000000 15.000002
v 8.875001 1.000000 15.875002
v 8.875001 1.000000 16.750004
v 8.875001 1.000000 17.625002
v 8.875002 1.000000 18.500000
v 8.875001 1.000000 19.375002
v 8.875001 1.000000 20.250000
v 8.875001 1.000000 21.125000
v 8.875001 1.000000 22.000000
v 8.875001 1.000000 22.875000
v 8.875001 1.000000 23.750002
v 8.875001 1.000000 24.625000
v 8.875001 1.000000 25.500004
v 8.875001 1.000000 26.375000
v 8.875000 1.000000 27.250000
v 8.875001 1.000000 28.125004
v 9.750001 1.000000 1.875000
v 9.750001 1.000000 2.750000
v 9.750001 1.000000 3.625000
v 9.750001 1.000000 4.500000
v 9.750001 1.000000 5.375001
v 9.750002 1.000000 6.250001
v 9.750001 1.000000 7.125001
v 9.750001 1.000000 8.000001
v 9.750001 1.000000 8.875001
v 9.750002 1.000000 9.750001
v 9.750002 1.000000 10.625000
v 9.750001 1.000000 11.500001
v 9.750001 1.000000 12.375002
v 9.750001 1.000000 13.250002
v 9.750002 1.000000 14.125001
v 9.750001 1.000000 15.000002
v 9.750002 1.000000 15.875002
v 9.750002 1.000000 16.750000
v 9.750002 1.000000 17.625004
v 9.750001 1.000000 18.500002
v 9.750002 1.000000 19.375002
v 9.750001 1.000000 20.250002
v 9.750001 1.000000 21.125002
v 9.750001 1.000000 22.000004
v 9.750001 1.000000 22.875000
v 9.750001 1.000000 23.750004
v 9.750000 1.000000 24.625002
v 9.750001 1.000000 25.500004
v 9.750000 1.000000 26.375002
v 9.750001 1.000000 27.250004
v 9.750001 1.000000 28.125004
v 10.625001 1.000000 1.875000
v 10.625001 1.000000 2.750000
v 10.625001 1.000000 3.625000
v 10.625000 1.000000 4.500000
v 10.625002 1.000000 5.375001
v 10.625000 1.000000 6.250001
v 10.625000 1.000000 7.125001
v 10.625002 1.000000 8.000001
v 10.625001 1.000000 8.875001
v 10.625001 1.000000 9.750001
v 10.625001 1.000000 10.625002
v 10.625001 1.000000 11.500001
v 10.625002 1.000000 12.375003
v 10.625001 1.000000 13.250001
v 10.625002 1.000000 14.125002
v 10.625001 1.000000 15.000002
v 10.625002 1.000000 15.875002
v 10.625000 1.000000 16.750002
v 10.625002 1.000000 17.625002
v 10.625001 1.000000 18.500000
v 10.625001 1.000000 19.375002
v 10.625001 1.000000 20.250002
v 10.625001 1.000000 21.125000
v 10.625002 1.000000 22.000000
v 10.625000 1.000000 22.875002
v 10.625001 1.000000 23.750004
v 10.625002 1.000000 24.625002
v 10.625000 1.000000 25.500002
v 10.625001 1.000000 26.375004
v 10.625001 1.000000 27.250004
v 10.625001 1.000000 28.125000
v 11.500000 1.000000 1.875000
v 11.500001 1.000000 2.750000
v 11.500000 1.000000 3.625000
v 11.500001 1.000000 4.500000
v 11.500001 1.000000 5.375001
v 11.500002 1.000000 6.250001
v 11.500002 1.000000 7.125001
v 11.500001 1.000000 8.000001
v 11.500002 1.000000 8.875001
v 11.500001 1.000000 9.750001
v 11.500000 1.000000 10.625000
v 11.500002 1.000000 11.500001
v 11.500002 1.000000 12.375001
v 11.500002 1.000000 13.250002
v 11.500002 1.000000 14.125002
v 11.500002 1.000000 15.000000
v 11.500002 1.000000 15.875004
v 11.500002 1.000000 16.750002
v 11.500002 1.000000 17.625000
v 11.500002 1.000000 18.500002
v 11.500000 1.000000 19.375002
v 11.500001 1.000000 20.250002
v 11.500002 1.000000 21.125000
v 11.500001 1.000000 22.000002
v 11.500002 1.000000 22.875002
v 11.500002 1.000000 23.750000
v 11.500001 1.000000 24.625000
v 11.500001 1.000000 25.500004
v 11.500001 1.000000 26.375004
v 11.500001 1.000000 27.250000
v 11.500000 1.000000 28.125000
v 12.375000 1.000000 1.875000
v 12.375001 1.000000 2.750000
v 12.375000 1.000000 3.625000
v 12.375001 1.000000 4.500000
v 12.375000 1.000000 5.375001
v 12.375000 1.000000 6.250001
v 12.375002 1.000000 7.125001
v 12.375002 1.000000 8.000001
v 12.375001 1.000000 8.875002
v 12.375001 1.000000 9.750000
v 12.375002 1.000000 10.625002
v 12.375001 1.000000 11.500002
v 12.375002 1.000000 12.375002
v 12.375001 1.000000 13.250002
v 12.375002 1.000000 14.125001
v 12.375000 1.000000 15.000002
v 12.375001 1.000000 15.875002
v 12.375002 1.000000 16.750002
v 12.375001 1.000000 17.625002
v 12.375000 1.000000 18.500000
v 12.375002 1.000000 19.375002
v 12.375002 1.000000 20.250004
v 12.375002 1.000000 21.125000
v 12.375002 1.000000 22.000002
v 12.375003 1.000000 22.875004
v 12.375001 1.000000 23.750002
v 12.375000 1.000000 24.625002
v 12.375002 1.000000 25.500002
v 12.375000 1.000000 26.375002
v 12.375001 1.000000 27.250004
v 12.375001 1.000000 28.125000
v 13.250000 1.000000 1.875000
v 13.250001 1.000000 2.750000
v 13.250002 1.000000 3.625000
v 13.250002 1.000000 4.500000
v 13.250002 1.000000 5.375001
v 13.250002 1.000000 6.250001
v 13.250002 1.000000 7.125001
v 13.250002 1.000000 8.000001
v 13.250002 1.000000 8.875001
v 13.250000 1.000000 9.750001
v 13.250001 1.000000 10.625000
v 13.250002 1.000000 11.500001
v 13.250002 1.000000 12.375002
v 13.250002 1.000000 13.250002
v 13.250001 1.000000 14.125001
v 13.250001 1.000000 15.000002
v 13.250002 1.000000 15.875002
v 13.250001 1.000000 16.750002
v 13.250002 1.000000 17.625002
v 13.250002 1.000000 18.500002
v 13.250001 1.000000 19.375004
v 13.250000 1.000000 20.250000
v 13.250002 1.000000 21.125002
v 13.250002 1.000000 22.000000
v 13.250001 1.000000 22.875002
v 13.250002 1.000000 23.750000
v 13.250002 1.000000 24.625002
v 13.250001 1.000000 25.500002
v 13.250001 1.000000 26.375004
v 13.250001 1.000000 27.250000
v 13.250001 1.000000 28.125000
v 14.125002 1.000000 1.875000
v 14.125001 1.000000 2.750000
v 14.125000 1.000000 3.625000
v 14.125000 1.000000 4.500000
v 14.125000 1.000000 5.375000
v 14.125002 1.000000 6.250001
v 14.125001 1.000000 7.125000
v 14.125000 1.000000 8.000000
v 14.125000 1.000000 8.875001
v 14.125002 1.000000 9.750000
v 14.125002 1.000000 10.625001
v 14.125000 1.000000 11.500001
v 14.125002 1.000000 12.375002
v 14.125001 1.000000 13.250002
v 14.125002 1.000000 14.125000
v 14.125002 1.000000 15.000000
v 14.125002 1.000000 15.875002
v 14.125001 1.000000 16.750000
v 14.125002 1.000000 17.625000
v 14.125000 1.000000 18.500002
v 14.125002 1.000000 19.375004
v 14.125002 1.000000 20.250000
v 14.125000 1.000000 21.125000
v 14.125000 1.000000 22.000000
v 14.125000 1.000000 22.875000
v 14.125002 1.000000 23.750004
v 14.125000 1.000000 24.625000
v 14.125000 1.000000 25.500000
v 14.125001 1.000000 26.375002
v 14.125001 1.000000 27.250004
v 14.125001 1.000000 28.125004
v 15.000000 1.000000 1.875000
v 15.000000 1.000000 2.750000
v 15.000002 1.000000 3.625000
v 15.000002 1.000000 4.500000
v 15.000002 1.000000 5.375001
v 15.000002 1.000000 6.250000
v 15.000002 1.000000 7.125001
v 15.000002 1.000000 8.000001
v 15.000004 1.000000 8.875002
v 15.000002 1.000000 9.750001
v 15.000002 1.000000 10.625001
v 15.000002 1.000000 11.500002
v 15.000002 1.000000 12.375001
v 15.000002 1.000000 13.250001
v 15.000000 1.000000 14.125002
v 15.000000 1.000000 15.000002
v 15.000000 1.000000 15.875000
v 15.000002 1.000000 16.750002
v 15.000000 1.000000 17.625004
v 15.000002 1.000000 18.500002
v 15.000002 1.000000 19.375002
v 15.000002 1.000000 20.250004
v 15.000002 1.000000 21.125002
v 15.000002 1.000000 22.000002
v 15.000002 1.000000 22.875004
v 15.000000 1.000000 23.750002
v 15.000002 1.000000 24.625002
v 15.000002 1.000000 25.500004
v 15.000002 1.000000 26.375004
v 15.000002 1.000000 27.250002
v 15.000002 1.000000 28.125004
v 15.875002 1.000000 1.875000
v 15.875002 1.000000 2.750000
v 15.875000 1.000000 3.625000
v 15.875000 1.000000 4.500001
v 15.875002 1.000000 5.375001
v 15.875002 1.000000 6.250001
v 15.875002 1.000000 7.125000
v 15.875002 1.000000 8.000001
v 15.875002 1.000000 8.875001
v 15.875004 1.000000 9.750002
v 15.875000 1.000000 10.625001
v 15.875002 1.000000 11.500001
v 15.875002 1.000000 12.375002
v 15.875000 1.000000 13.250001
v 15.875002 1.000000 14.125002
v 15.875000 1.000000 15.000000
v 15.875002 1.000000 15.875002
v 15.875002 1.000000 16.750000
v 15.875000 1.000000 17.625000
v 15.875000 1.000000 18.500000
v 15.875002 1.000000 19.375004
v 15.875002 1.000000 20.250002
v 15.875002 1.000000 21.125002
v 15.875002 1.000000 22.000000
v 15.875002 1.000000 22.875000
v 15.875002 1.000000 23.750002
v 15.875002 1.000000 24.625002
v 15.875000 1.000000 25.500000
v 15.875000 1.000000 26.375004
v 15.875002 1.000000 27.250002
v 15.875002 1.000000 28.125004
v 16.750000 1.000000 1.875000
v 16.750000 1.000000 2.750000
v 16.750002 1.000000 3.625000
v 16.750000 1.000000 4.500000
v 16.750002 1.000000 5.375001
v 16.750000 1.000000 6.250001
v 16.750000 1.000000 7.125000
v 16.750000 1.000000 8.000002
v 16.750000 1.000000 8.875001
v 16.750000 1.000000 9.750002
v 16.750002 1.000000 10.625000
v 16.750002 1.000000 11.500001
v 16.750002 1.000000 12.375002
v 16.750002 1.000000 13.250002
v 16.750000 1.000000 14.125000
v 16.750002 1.000000 15.000002
v 16.750000 1.000000 15.875002
v 16.750002 1.000000 16.750002
v 16.750002 1.000000 17.625002
v 16.750002 1.000000 18.500002
v 16.750002 1.000000 19.375002
v 16.750000 1.000000 20.250000
v 16.750000 1.000000 21.125000
v 16.750000 1.000000 22.000000
v 16.750002 1.000000 22.875002
v 16.750002 1.000000 23.750000
v 16.750002 1.000000 24.625002
v 16.750002 1.000000 25.500002
v 16.750002 1.000000 26.375004
v 16.750000 1.000000 27.250000
v 16.750002 1.000000 28.125002
v 17.625002 1.000000 1.875000
v 17.625002 1.000000 2.750000
v 17.625002 1.000000 3.625000
v 17.625002 1.000000 4.500000
v 17.625004 1.000000 5.375001
v 17.625002 1.000000 6.250001
v 17.625002 1.000000 7.125001
v 17.625002 1.000000 8.000001
v 17.625002 1.000000 8.875000
v 17.625002 1.000000 9.750000
v 17.625000 1.000000 10.625002
v 17.625002 1.000000 11.500002
v 17.625002 1.000000 12.375001
v 17.625000 1.000000 13.250002
v 17.625000 1.000000 14.125002
v 17.625002 1.000000 15.000002
v 17.625002 1.000000 15.875002
v 17.625000 1.000000 16.750000
v 17.625002 1.000000 17.625004
v 17.625002 1.000000 18.500004
v 17.625000 1.000000 19.375000
v 17.625004 1.000000 20.250004
v 17.625000 1.000000 21.125000
v 17.625002 1.000000 22.000002
v 17.625002 1.000000 22.875002
v 17.625002 1.000000 23.750000
v 17.625002 1.000000 24.625004
v 17.625002 1.000000 25.500004
v 17.625000 1.000000 26.375000
v 17.625002 1.000000 27.250004
v 17.625002 1.000000 28.125004
v 18.500000 1.000000 1.875000
v 18.500000 1.000000 2.750000
v 18.500000 1.000000 3.625000
v 18.500002 1.000000 4.500001
v 18.500000 1.000000 5.375001
v 18.500000 1.000000 6.250001
v 18.500000 1.000000 7.125000
v 18.500002 1.000000 8.000001
v 18.500002 1.000000 8.875001
v 18.500002 1.000000 9.750000
v 18.500002 1.000000 10.625001
v 18.500002 1.000000 11.500001
v 18.500000 1.000000 12.375001
v 18.500002 1.000000 13.250002
v 18.500002 1.000000 14.125002
v 18.500002 1.000000 15.000002
v 18.500000 1.000000 15.875000
v 18.500002 1.000000 16.750002
v 18.500000 1.000000 17.625000
v 18.500002 1.000000 18.500002
v 18.500002 1.000000 19.375002
v 18.500002 1.000000 20.250002
v 18.500000 1.000000 21.125000
v 18.500002 1.000000 22.000000
v 18.500000 1.000000 22.875000
v 18.500002 1.000000 23.750004
v 18.500000 1.000000 24.625000
v 18.500002 1.000000 25.500004
v 18.500000 1.000000 26.375000
v 18.500002 1.000000 27.250002
v 18.500002 1.000000 28.125002
v 19.375000 1.000000 1.875000
v 19.375000 1.000000 2.750000
v 19.375002 1.000000 3.625000
v 19.375000 1.000000 4.500000
v 19.375000 1.000000 5.375001
v 19.375002 1.000000 6.250000
v 19.375004 1.000000 7.125001
v 19.375000 1.000000 8.000002
v 19.375000 1.000000 8.875001
v 19.375000 1.000000 9.750002
v 19.375002 1.000000 10.625001
v 19.375000 1.000000 11.500001
v 19.375000 1.000000 12.375002
v 19.375002 1.000000 13.250001
v 19.375004 1.000000 14.125001
v 19.375002 1.000000 15.000002
v 19.375002 1.000000 15.875002
v 19.375002 1.000000 16.750002
v 19.375000 1.000000 17.625000
v 19.375000 1.000000 18.500000
v 19.375002 1.000000 19.375002
v 19.375000 1.000000 20.250000
v 19.375000 1.000000 21.125000
v 19.375000 1.000000 22.000000
v 19.375002 1.000000 22.875004
v 19.375000 1.000000 23.750002
v 19.375000 1.000000 24.625000
v 19.375000 1.000000 25.500000
v 19.375002 1.000000 26.375004
v 19.375000 1.000000 27.250000
v 19.375000 1.000000 28.125000
v 20.250002 1.000000 1.875000
v 20.250000 1.000000 2.750000
v 20.250002 1.000000 3.625000
v 20.250002 1.000000 4.500000
v 20.250002 1.000000 5.375001
v 20.250004 1.000000 6.250001
v 20.250000 1.000000 7.125001
v 20.250000 1.000000 8.000001
v 20.250000 1.000000 8.875002
v 20.250002 1.000000 9.750001
v 20.250000 1.000000 10.625002
v 20.250004 1.000000 11.500001
v 20.250004 1.000000 12.375001
v 20.250002 1.000000 13.250003
v 20.250002 1.000000 14.125002
v 20.250004 1.000000 15.000002
v 20.250004 1.000000 15.875002
v 20.250000 1.000000 16.750000
v 20.250004 1.000000 17.625002
v 20.250002 1.000000 18.500002
v 20.250000 1.000000 19.375000
v 20.250002 1.000000 20.250002
v 20.250002 1.000000 21.125002
v 20.250002 1.000000 22.000004
v 20.250000 1.000000 22.875000
v 20.250002 1.000000 23.750004
v 20.250002 1.000000 24.625004
v 20.250000 1.000000 25.500000
v 20.250000 1.000000 26.375000
v 20.250002 1.000000 27.250004
v 20.250002 1.000000 28.125004
v 21.125002 1.000000 1.875000
v 21.125002 1.000000 2.750000
v 21.125000 1.000000 3.625000
v 21.125000 1.000000 4.500000
v 21.125000 1.000000 5.375001
v 21.125002 1.000000 6.250000
v 21.125004 1.000000 7.125001
v 21.125000 1.000000 8.000002
v 21.125004 1.000000 8.875001
v 21.125002 1.000000 9.750001
v 21.125002 1.000000 10.625001
v 21.125002 1.000000 11.500002
v 21.125004 1.000000 12.375002
v 21.125002 1.000000 13.250001
v 21.125002 1.000000 14.125002
v 21.125002 1.000000 15.000002
v 21.125000 1.000000 15.875002
v 21.125002 1.000000 16.750002
v 21.125000 1.000000 17.625002
v 21.125000 1.000000 18.500000
v 21.125002 1.000000 19.375002
v 21.125002 1.000000 20.250002
v 21.125002 1.000000 21.125002
v 21.125000 1.000000 22.000000
v 21.125000 1.000000 22.875000
v 21.125002 1.000000 23.750002
v 21.125000 1.000000 24.625000
v 21.125002 1.000000 25.500004
v 21.125000 1.000000 26.375002
v 21.125002 1.000000 27.250002
v 21.125002 1.000000 28.125004
v 22.000002 1.000000 1.875000
v 22.000000 1.000000 2.750000
v 22.000002 1.000000 3.625000
v 22.000000 1.000000 4.500000
v 22.000000 1.000000 5.375001
v 22.000002 1.000000 6.250000
v 22.000000 1.000000 7.125001
v 22.000000 1.000000 8.000002
v 22.000004 1.000000 8.875002
v 22.000000 1.000000 9.750001
v 22.000000 1.000000 10.625002
v 22.000000 1.000000 11.500000
v 22.000002 1.000000 12.375002
v 22.000000 1.000000 13.250002
v 22.000000 1.000000 14.125000
v 22.000002 1.000000 15.000002
v 22.000000 1.000000 15.875002
v 22.000000 1.000000 16.750000
v 22.000002 1.000000 17.625002
v 22.000002 1.000000 18.500002
v 22.000000 1.000000 19.375000
v 22.000000 1.000000 20.250000
v 22.000000 1.000000 21.125000
v 22.000000 1.000000 22.000000
v 22.000000 1.000000 22.875002
v 22.000002 1.000000 23.750004
v 22.000000 1.000000 24.625000
v 22.000000 1.000000 25.500002
v 22.000002 1.000000 26.375004
v 22.000000 1.000000 27.250000
v 22.000002 1.000000 28.125004
v 22.875002 1.000000 1.875000
v 22.875002 1.000000 2.750000
v 22.875002 1.000000 3.625000
v 22.875000 1.000000 4.500000
v 22.875004 1.000000 5.375001
v 22.875002 1.000000 6.250001
v 22.875000 1.000000 7.125000
v 22.875000 1.000000 8.000000
v 22.875002 1.000000 8.875000
v 22.875000 1.000000 9.750001
v 22.875004 1.000000 10.625002
v 22.875004 1.000000 11.500002
v 22.875004 1.000000 12.375002
v 22.875004 1.000000 13.250002
v 22.875004 1.000000 14.125001
v 22.875004 1.000000 15.000002
v 22.875000 1.000000 15.875002
v 22.875002 1.000000 16.750002
v 22.875004 1.000000 17.625002
v 22.875004 1.000000 18.500004
v 22.875002 1.000000 19.375002
v 22.875000 1.000000 20.250000
v 22.875000 1.000000 21.125000
v 22.875002 1.000000 22.000004
v 22.875000 1.000000 22.875000
v 22.875000 1.000000 23.750000
v 22.875004 1.000000 24.625004
v 22.875002 1.000000 25.500004
v 22.875002 1.000000 26.375004
v 22.875002 1.000000 27.250004
v 22.875000 1.000000 28.125000
v 23.750002 1.000000 1.875000
v 23.750002 1.000000 2.750000
v 23.750000 1.000000 3.625000
v 23.750002 1.000000 4.500000
v 23.750004 1.000000 5.375001
v 23.750000 1.000000 6.250001
v 23.750004 1.000000 7.125001
v 23.750004 1.000000 8.000001
v 23.750002 1.000000 8.875001
v 23.750000 1.000000 9.750002
v 23.750002 1.000000 10.625000
v 23.750004 1.000000 11.500002
v 23.750000 1.000000 12.375000
v 23.750002 1.000000 13.250000
v 23.750002 1.000000 14.125002
v 23.750002 1.000000 15.000002
v 23.750000 1.000000 15.875002
v 23.750002 1.000000 16.750002
v 23.750002 1.000000 17.625002
v 23.750000 1.000000 18.500000
v 23.750000 1.000000 19.375000
v 23.750004 1.000000 20.250004
v 23.750002 1.000000 21.125002
v 23.750000 1.000000 22.000000
v 23.750002 1.000000 22.875002
v 23.750000 1.000000 23.750000
v 23.750000 1.000000 24.625000
v 23.750002 1.000000 25.500004
v 23.750000 1.000000 26.375000
v 23.750000 1.000000 27.250000
v 23.750002 1.000000 28.125004
v 24.625000 1.000000 1.875000
v 24.625000 1.000000 2.750000
v 24.625000 1.000000 3.625000
v 24.625000 1.000000 4.500001
v 24.625000 1.000000 5.375001
v 24.625000 1.000000 6.250001
v 24.625000 1.000000 7.125001
v 24.625000 1.000000 8.000001
v 24.625000 1.000000 8.875001
v 24.625004 1.000000 9.750001
v 24.625000 1.000000 10.625001
v 24.625000 1.000000 11.500001
v 24.625004 1.000000 12.375001
v 24.625002 1.000000 13.250000
v 24.625002 1.000000 14.125001
v 24.625002 1.000000 15.000002
v 24.625000 1.000000 15.875000
v 24.625000 1.000000 16.750002
v 24.625000 1.000000 17.625000
v 24.625000 1.000000 18.500000
v 24.625000 1.000000 19.375000
v 24.625004 1.000000 20.250002
v 24.625002 1.000000 21.125002
v 24.625000 1.000000 22.000000
v 24.625000 1.000000 22.875000
v 24.625002 1.000000 23.750002
v 24.625000 1.000000 24.625000
v 24.625000 1.000000 25.500000
v 24.625000 1.000000 26.375000
v 24.625002 1.000000 27.250002
v 24.625002 1.000000 28.125004
v 25.500004 1.000000 1.875000
v 25.500000 1.000000 2.750000
v 25.500002 1.000000 3.625000
v 25.500004 1.000000 4.500000
v 25.500000 1.000000 5.375000
v 25.500004 1.000000 6.250001
v 25.500004 1.000000 7.125000
v 25.500000 1.000000 8.000000
v 25.500004 1.000000 8.875002
v 25.500004 1.000000 9.750000
v 25.500000 1.000000 10.625000
v 25.500004 1.000000 11.500001
v 25.500004 1.000000 12.375001
v 25.500004 1.000000 13.250002
v 25.500002 1.000000 14.125000
v 25.500002 1.000000 15.000002
v 25.500002 1.000000 15.875002
v 25.500002 1.000000 16.750002
v 25.500004 1.000000 17.625002
v 25.500004 1.000000 18.500002
v 25.500002 1.000000 19.375002
v 25.500004 1.000000 20.250002
v 25.500000 1.000000 21.125000
v 25.500002 1.000000 22.000002
v 25.500002 1.000000 22.875002
v 25.500004 1.000000 23.750002
v 25.500002 1.000000 24.625002
v 25.500000 1.000000 25.500000
v 25.500004 1.000000 26.375004
v 25.500002 1.000000 27.250002
v 25.500002 1.000000 28.125002
v 26.375002 1.000000 1.875000
v 26.375000 1.000000 2.750000
v 26.375002 1.000000 3.625000
v 26.375002 1.000000 4.500000
v 26.375000 1.000000 5.375001
v 26.375000 1.000000 6.250000
v 26.375004 1.000000 7.125001
v 26.375004 1.000000 8.000001
v 26.375002 1.000000 8.875002
v 26.375004 1.000000 9.750001
v 26.375004 1.000000 10.625002
v 26.375000 1.000000 11.500001
v 26.375004 1.000000 12.375001
v 26.375002 1.000000 13.250002
v 26.375002 1.000000 14.125001
v 26.375004 1.000000 15.000002
v 26.375004 1.000000 15.875002
v 26.375004 1.000000 16.750002
v 26.375002 1.000000 17.625002
v 26.375000 1.000000 18.500000
v 26.375004 1.000000 19.375002
v 26.375004 1.000000 20.250002
v 26.375004 1.000000 21.125002
v 26.375000 1.000000 22.000000
v 26.375004 1.000000 22.875002
v 26.375000 1.000000 23.750000
v 26.375002 1.000000 24.625002
v 26.375002 1.000000 25.500002
v 26.375002 1.000000 26.375002
v 26.375002 1.000000 27.250002
v 26.375002 1.000000 28.125002
v 27.250000 1.000000 1.875000
v 27.250000 1.000000 2.750000
v 27.250004 1.000000 3.625000
v 27.250000 1.000000 4.500000
v 27.250000 1.000000 5.375001
v 27.250000 1.000000 6.250001
v 27.250004 1.000000 7.125001
v 27.250000 1.000000 8.000001
v 27.250002 1.000000 8.875000
v 27.250000 1.000000 9.750001
v 27.250004 1.000000 10.625002
v 27.250000 1.000000 11.500000
v 27.250000 1.000000 12.375001
v 27.250000 1.000000 13.250000
v 27.250000 1.000000 14.125001
v 27.250002 1.000000 15.000002
v 27.250000 1.000000 15.875000
v 27.250000 1.000000 16.750000
v 27.250000 1.000000 17.625000
v 27.250000 1.000000 18.500000
v 27.250002 1.000000 19.375000
v 27.250000 1.000000 20.250000
v 27.250002 1.000000 21.125002
v 27.250000 1.000000 22.000000
v 27.250004 1.000000 22.875002
v 27.250000 1.000000 23.750000
v 27.250002 1.000000 24.625002
v 27.250000 1.000000 25.500000
v 27.250002 1.000000 26.375002
v 27.250000 1.000000 27.250000
v 27.250002 1.000000 28.125002
v 28.125002 1.000000 1.875000
v 28.125000 1.000000 2.750000
v 28.125002 1.000000 3.625000
v 28.125004 1.000000 4.500000
v 28.125000 1.000000 5.375001
v 28.125004 1.000000 6.250001
v 28.125000 1.000000 7.125000
v 28.125004 1.000000 8.000001
v 28.125004 1.000000 8.875001
v 28.125004 1.000000 9.750000
v 28.125000 1.000000 10.625001
v 28.125004 1.000000 11.500001
v 28.125006 1.000000 12.375002
v 28.125000 1.000000 13.250000
v 28.125004 1.000000 14.125001
v 28.125004 1.000000 15.000000
v 28.125004 1.000000 15.875002
v 28.125004 1.000000 16.750002
v 28.125004 1.000000 17.625002
v 28.125002 1.000000 18.500002
v 28.125004 1.000000 19.375002
v 28.125004 1.000000 20.250002
v 28.125004 1.000000 21.125002
v 28.125004 1.000000 22.000004
v 28.125000 1.000000 22.875000
v 28.125002 1.000000 23.750002
v 28.125004 1.000000 24.625002
v 28.125002 1.000000 25.500002
v 28.125004 1.000000 26.375004
v 28.125002 1.000000 27.250002
v 28.125002 1.000000 28.125002
v 28.125000 1.875000 1.000000
v 28.125000 2.750000 1.000000
v 28.125004 3.625000 1.000000
v 28.125004 4.500000 1.000000
v 28.125002 5.375001 1.000000
v 28.125002 6.250000 1.000000
v 28.125004 7.125000 1.000000
v 28.125000 8.000000 1.000000
v 28.125002 8.875000 1.000000
v 28.125004 9.750001 1.000000
v 28.125004 10.625002 1.000000
v 28.125000 11.500000 1.000000
v 28.125000 12.375000 1.000000
v 28.125002 13.250001 1.000000
v 28.125004 14.125000 1.000000
v 28.125004 15.000000 1.000000
v 28.125004 15.875000 1.000000
v 28.125002 16.750002 1.000000
v 28.125002 17.625002 1.000000
v 28.125000 18.500002 1.000000
v 28.125004 19.375004 1.000000
v 28.125004 20.250002 1.000000
v 28.125002 21.125002 1.000000
v 28.125000 22.000000 1.000000
v 28.125004 22.875004 1.000000
v 28.125002 23.750004 1.000000
v 28.125002 24.625004 1.000000
v 28.125002 25.500002 1.000000
v 28.125004 26.375002 1.000000
v 28.125000 27.250000 1.000000
v 28.125000 28.125000 1.000000
v 27.250000 1.875000 1.000000
v 27.250002 2.750000 1.000000
v 27.250002 3.625000 1.000000
v 27.250000 4.500000 1.000000
v 27.250002 5.375000 1.000000
v 27.250002 6.250000 1.000000
v 27.250004 7.125001 1.000000
v 27.250002 8.000001 1.000000
v 27.250002 8.875001 1.000000
v 27.250004 9.750001 1.000000
v 27.250002 10.625001 1.000000
v 27.250002 11.500000 1.000000
v 27.250004 12.375001 1.000000
v 27.250002 13.250001 1.000000
v 27.250000 14.125000 1.000000
v 27.250002 15.000002 1.000000
v 27.250000 15.874998 1.000000
v 27.250004 16.750002 1.000000
v 27.250004 17.625002 1.000000
v 27.250002 18.500000 1.000000
v 27.250006 19.375002 1.000000
v 27.250004 20.250002 1.000000
v 27.250002 21.125000 1.000000
v 27.250004 22.000002 1.000000
v 27.250000 22.875002 1.000000
v 27.250002 23.750000 1.000000
v 27.250002 24.625002 1.000000
v 27.250000 25.500000 1.000000
v 27.250002 26.375000 1.000000
v 27.250002 27.250002 1.000000
v 27.250000 28.125000 1.000000
v 26.374998 1.875000 1.000000
v 26.375000 2.750000 1.000000
v 26.375004 3.625000 1.000000
v 26.375002 4.500000 1.000000
v 26.375002 5.375001 1.000000
v 26.375004 6.250001 1.000000
v 26.375006 7.125001 1.000000
v 26.375002 8.000000 1.000000
v 26.375002 8.875002 1.000000
v 26.375002 9.750001 1.000000
v 26.375006 10.625001 1.000000
v 26.375002 11.500000 1.000000
v 26.375004 12.375002 1.000000
v 26.375004 13.250001 1.000000
v 26.375004 14.125002 1.000000
v 26.375002 15.000000 1.000000
v 26.375004 15.875002 1.000000
v 26.375004 16.750002 1.000000
v 26.375002 17.625004 1.000000
v 26.375000 18.500002 1.000000
v 26.375004 19.375004 1.000000
v 26.375002 20.250002 1.000000
v 26.375004 21.125004 1.000000
v 26.375004 22.000002 1.000000
v 26.375006 22.875004 1.000000
v 26.375004 23.750002 1.000000
v 26.375004 24.625004 1.000000
v 26.375002 25.500000 1.000000
v 26.375004 26.375004 1.000000
v 26.375002 27.250004 1.000000
v 26.375002 28.125002 1.000000
v 25.500002 1.875000 1.000000
v 25.500000 2.750000 1.000000
v 25.500000 3.625000 1.000000
v 25.500004 4.500000 1.000000
v 25.500000 5.375001 1.000000
v 25.500000 6.250000 1.000000
v 25.500004 7.125000 1.000000
v 25.500000 8.000001 1.000000
v 25.500000 8.875000 1.000000
v 25.500004 9.750001 1.000000
v 25.500002 10.625001 1.000000
v 25.500000 11.500000 1.000000
v 25.500004 12.375001 1.000000
v 25.500000 13.250001 1.000000
v 25.500000 14.125000 1.000000
v 25.500004 15.000002 1.000000
v 25.500000 15.875002 1.000000
v 25.500002 16.750000 1.000000
v 25.500002 17.625002 1.000000
v 25.500000 18.500002 1.000000
v 25.500002 19.375002 1.000000
v 25.500004 20.250002 1.000000
v 25.500000 21.125002 1.000000
v 25.500000 22.000000 1.000000
v 25.500004 22.875004 1.000000
v 25.500000 23.750002 1.000000
v 25.500002 24.625004 1.000000
v 25.500002 25.500004 1.000000
v 25.500000 26.375002 1.000000
v 25.500000 27.250000 1.000000
v 25.500002 28.125004 1.000000
v 24.625002 1.875000 1.000000
v 24.625002 2.750000 1.000000
v 24.625004 3.625000 1.000000
v 24.625002 4.500000 1.000000
v 24.625004 5.375000 1.000000
v 24.625002 6.250000 1.000000
v 24.625002 7.125000 1.000000
v 24.625002 8.000001 1.000000
v 24.625000 8.875000 1.000000
v 24.625004 9.750001 1.000000
v 24.625002 10.625001 1.000000
v 24.625002 11.500000 1.000000
v 24.625000 12.375001 1.000000
v 24.625002 13.250002 1.000000
v 24.625002 14.125000 1.000000
v 24.625002 15.000002 1.000000
v 24.625002 15.875000 1.000000
v 24.625002 16.750002 1.000000
v 24.625000 17.625000 1.000000
v 24.625002 18.500002 1.000000
v 24.625002 19.375002 1.000000
v 24.625000 20.250000 1.000000
v 24.625004 21.125004 1.000000
v 24.625004 22.000002 1.000000
v 24.625002 22.875002 1.000000
v 24.625002 23.750002 1.000000
v 24.625002 24.625004 1.000000
v 24.625002 25.500000 1.000000
v 24.625004 26.375002 1.000000
v 24.625002 27.250002 1.000000
v 24.625004 28.125002 1.000000
v 23.750002 1.875000 1.000000
v 23.750000 2.750000 1.000000
v 23.750000 3.625000 1.000000
v 23.750002 4.500000 1.000000
v 23.750002 5.375000 1.000000
v 23.750002 6.250000 1.000000
v 23.750002 7.125001 1.000000
v 23.750000 8.000000 1.000000
v 23.750002 8.875001 1.000000
v 23.750002 9.750001 1.000000
v 23.750000 10.625000 1.000000
v 23.750002 11.500001 1.000000
v 23.750002 12.375000 1.000000
v 23.750000 13.250000 1.000000
v 23.750000 14.125000 1.000000
v 23.750002 15.000000 1.000000
v 23.750000 15.875000 1.000000
v 23.750000 16.750000 1.000000
v 23.750002 17.625002 1.000000
v 23.750002 18.500002 1.000000
v 23.750002 19.375002 1.000000
v 23.750000 20.250002 1.000000
v 23.750002 21.125004 1.000000
v 23.750000 22.000000 1.000000
v 23.750000 22.875002 1.000000
v 23.750002 23.750004 1.000000
v 23.750002 24.625004 1.000000
v 23.750002 25.500000 1.000000
v 23.750000 26.375000 1.000000
v 23.750002 27.250004 1.000000
v 23.750000 28.125000 1.000000
v 22.875004 1.875000 1.000000
v 22.875000 2.750000 1.000000
v 22.875002 3.625000 1.000000
v 22.875004 4.500000 1.000000
v 22.875002 5.375001 1.000000
v 22.875000 6.250001 1.000000
v 22.875004 7.125000 1.000000
v 22.875002 8.000001 1.000000
v 22.875004 8.875002 1.000000
v 22.875004 9.750001 1.000000
v 22.875002 10.625000 1.000000
v 22.875000 11.500000 1.000000
v 22.875004 12.375000 1.000000
v 22.875000 13.250001 1.000000
v 22.875002 14.125000 1.000000
v 22.875004 15.000000 1.000000
v 22.875002 15.875002 1.000000
v 22.875002 16.750002 1.000000
v 22.875002 17.625004 1.000000
v 22.875000 18.500002 1.000000
v 22.875000 19.375002 1.000000
v 22.875004 20.250004 1.000000
v 22.875004 21.125000 1.000000
v 22.875002 22.000004 1.000000
v 22.875004 22.875002 1.000000
v 22.875000 23.750002 1.000000
v 22.875000 24.625002 1.000000
v 22.875002 25.500004 1.000000
v 22.875002 26.375002 1.000000
v 22.875000 27.250002 1.000000
v 22.875002 28.125004 1.000000
v 22.000002 1.875000 1.000000
v 22.000002 2.750000 1.000000
v 22.000002 3.625000 1.000000
v 22.000002 4.500000 1.000000
v 22.000002 5.375000 1.000000
v 22.000002 6.250001 1.000000
v 22.000002 7.125000 1.000000
v 22.000002 8.000001 1.000000
v 22.000002 8.875001 1.000000
v 22.000004 9.750001 1.000000
v 22.000004 10.625001 1.000000
v 22.000002 11.500001 1.000000
v 22.000004 12.375001 1.000000
v 22.000004 13.250001 1.000000
v 22.000002 14.125001 1.000000
v 22.000004 15.000002 1.000000
v 22.000002 15.875000 1.000000
v 22.000002 16.750002 1.000000
v 22.000000 17.625000 1.000000
v 22.000002 18.500002 1.000000
v 22.000002 19.375004 1.000000
v 22.000002 20.250002 1.000000
v 22.000002 21.125002 1.000000
v 22.000002 22.000002 1.000000
v 22.000002 22.875000 1.000000
v 22.000002 23.750002 1.000000
v 22.000002 24.625004 1.000000
v 22.000002 25.500000 1.000000
v 22.000002 26.375002 1.000000
v 22.000002 27.250002 1.000000
v 22.000002 28.125000 1.000000
v 21.125002 1.875000 1.000000
v 21.125002 2.750000 1.000000
v 21.125002 3.625000 1.000000
v 21.125000 4.500001 1.000000
v 21.125002 5.375001 1.000000
v 21.125002 6.250000 1.000000
v 21.125004 7.125001 1.000000
v 21.125002 8.000001 1.000000
v 21.125002 8.875002 1.000000
v 21.125002 9.750001 1.000000
v 21.125002 10.625002 1.000000
v 21.125002 11.500000 1.000000
v 21.125002 12.375001 1.000000
v 21.125002 13.250000 1.000000
v 21.125000 14.125002 1.000000
v 21.125002 15.000000 1.000000
v 21.125000 15.875002 1.000000
v 21.125002 16.750000 1.000000
v 21.125002 17.625000 1.000000
v 21.125002 18.500002 1.000000
v 21.125004 19.375004 1.000000
v 21.125002 20.250002 1.000000
v 21.125002 21.125002 1.000000
v 21.125002 22.000004 1.000000
v 21.125004 22.875004 1.000000
v 21.125002 23.750002 1.000000
v 21.125002 24.625000 1.000000
v 21.125002 25.500002 1.000000
v 21.125004 26.375002 1.000000
v 21.125002 27.250002 1.000000
v 21.125000 28.125000 1.000000
v 20.250002 1.875000 1.000000
v 20.250000 2.750000 1.000000
v 20.250002 3.625000 1.000000
v 20.250002 4.500000 1.000000
v 20.250000 5.375000 1.000000
v 20.250000 6.250001 1.000000
v 20.250002 7.125000 1.000000
v 20.250000 8.000001 1.000000
v 20.250000 8.875001 1.000000
v 20.250004 9.750001 1.000000
v 20.250000 10.625001 1.000000
v 20.250000 11.500000 1.000000
v 20.250004 12.375001 1.000000
v 20.250000 13.250001 1.000000
v 20.250002 14.125000 1.000000
v 20.250004 15.000000 1.000000
v 20.250000 15.875002 1.000000
v 20.250002 16.750002 1.000000
v 20.250004 17.625004 1.000000
v 20.250000 18.500002 1.000000
v 20.250002 19.375002 1.000000
v 20.250002 20.250004 1.000000
v 20.250000 21.125002 1.000000
v 20.250004 22.000004 1.000000
v 20.250002 22.875004 1.000000
v 20.250000 23.750002 1.000000
v 20.250002 24.625004 1.000000
v 20.250002 25.500004 1.000000
v 20.250002 26.375002 1.000000
v 20.250000 27.250002 1.000000
v 20.250002 28.125004 1.000000
v 19.375002 1.875000 1.000000
v 19.375000 2.750000 1.000000
v 19.375004 3.625000 1.000000
v 19.375002 4.500000 1.000000
v 19.375002 5.375000 1.000000
v 19.375002 6.250000 1.000000
v 19.375002 7.125001 1.000000
v 19.375004 8.000001 1.000000
v 19.375002 8.875001 1.000000
v 19.375000 9.750001 1.000000
v 19.375000 10.625001 1.000000
v 19.375002 11.500001 1.000000
v 19.375002 12.375001 1.000000
v 19.375002 13.250001 1.000000
v 19.375002 14.125001 1.000000
v 19.375000 15.000002 1.000000
v 19.375002 15.875002 1.000000
v 19.375002 16.750000 1.000000
v 19.375002 17.625002 1.000000
v 19.375002 18.500002 1.000000
v 19.375002 19.375002 1.000000
v 19.375002 20.250000 1.000000
v 19.375000 21.125002 1.000000
v 19.375002 22.000004 1.000000
v 19.375002 22.875000 1.000000
v 19.375002 23.750002 1.000000
v 19.375004 24.625002 1.000000
v 19.375002 25.500000 1.000000
v 19.375002 26.375004 1.000000
v 19.375000 27.250000 1.000000
v 19.375002 28.125004 1.000000
v 18.500000 1.875000 1.000000
v 18.500002 2.750000 1.000000
v 18.500002 3.625000 1.000000
v 18.500000 4.500001 1.000000
v 18.500002 5.375000 1.000000
v 18.500002 6.250000 1.000000
v 18.500002 7.125001 1.000000
v 18.500002 8.000001 1.000000
v 18.500002 8.875000 1.000000
v 18.500002 9.750001 1.000000
v 18.500002 10.625001 1.000000
v 18.500002 11.500000 1.000000
v 18.500002 12.375001 1.000000
v 18.500002 13.250001 1.000000
v 18.500000 14.125000 1.000000
v 18.500002 15.000000 1.000000
v 18.500000 15.875000 1.000000
v 18.500002 16.750002 1.000000
v 18.500002 17.625002 1.000000
v 18.500000 18.500002 1.000000
v 18.500002 19.375004 1.000000
v 18.500002 20.250000 1.000000
v 18.500002 21.125002 1.000000
v 18.500002 22.000004 1.000000
v 18.500002 22.875002 1.000000
v 18.500002 23.750002 1.000000
v 18.500002 24.625004 1.000000
v 18.500002 25.500002 1.000000
v 18.500002 26.375004 1.000000
v 18.500000 27.250000 1.000000
v 18.500000 28.125000 1.000000
v 17.625002 1.875000 1.000000
v 17.625000 2.750000 1.000000
v 17.625002 3.625000 1.000000
v 17.625002 4.500000 1.000000
v 17.625002 5.375001 1.000000
v 17.625002 6.250001 1.000000
v 17.625002 7.125000 1.000000
v 17.625000 8.000001 1.000000
v 17.625002 8.875002 1.000000
v 17.625004 9.750001 1.000000
v 17.625002 10.625000 1.000000
v 17.625002 11.500001 1.000000
v 17.625000 12.375001 1.000000
v 17.625000 13.250001 1.000000
v 17.625000 14.125002 1.000000
v 17.625004 15.000000 1.000000
v 17.625002 15.875000 1.000000
v 17.625002 16.750002 1.000000
v 17.625000 17.625002 1.000000
v 17.625000 18.500002 1.000000
v 17.625000 19.375002 1.000000
v 17.625002 20.250004 1.000000
v 17.625002 21.125002 1.000000
v 17.625002 22.000002 1.000000
v 17.625002 22.875004 1.000000
v 17.625000 23.750002 1.000000
v 17.625002 24.625002 1.000000
v 17.625002 25.500004 1.000000
v 17.625002 26.375000 1.000000
v 17.625000 27.250002 1.000000
v 17.625000 28.125002 1.000000
v 16.750000 1.875000 1.000000
v 16.750000 2.750000 1.000000
v 16.750002 3.625000 1.000000
v 16.750000 4.500000 1.000000
v 16.750002 5.375000 1.000000
v 16.750002 6.250001 1.000000
v 16.750000 7.125001 1.000000
v 16.750002 8.000001 1.000000
v 16.750002 8.875001 1.000000
v 16.750000 9.750001 1.000000
v 16.750002 10.625001 1.000000
v 16.750000 11.500001 1.000000
v 16.750000 12.375001 1.000000
v 16.750002 13.250001 1.000000
v 16.750000 14.125001 1.000000
v 16.750000 15.000002 1.000000
v 16.750002 15.875000 1.000000
v 16.750000 16.750000 1.000000
v 16.750002 17.625000 1.000000
v 16.750002 18.500002 1.000000
v 16.750000 19.375000 1.000000
v 16.750002 20.250000 1.000000
v 16.750002 21.125002 1.000000
v 16.750000 22.000004 1.000000
v 16.750002 22.875000 1.000000
v 16.750002 23.750002 1.000000
v 16.750000 24.625000 1.000000
v 16.750002 25.500000 1.000000
v 16.750002 26.375004 1.000000
v 16.750000 27.250000 1.000000
v 16.750002 28.125002 1.000000
v 15.875002 1.875000 1.000000
v 15.875000 2.750000 1.000000
v 15.875002 3.625000 1.000000
v 15.875000 4.500000 1.000000
v 15.875000 5.375000 1.000000
v 15.875000 6.250000 1.000000
v 15.875000 7.125000 1.000000
v 15.875000 8.000000 1.000000
v 15.875000 8.875000 1.000000
v 15.875000 9.750001 1.000000
v 15.875002 10.625001 1.000000
v 15.875000 11.500000 1.000000
v 15.875000 12.375002 1.000000
v 15.875002 13.250001 1.000000
v 15.875002 14.125000 1.000000
v 15.875002 15.000000 1.000000
v 15.875000 15.875002 1.000000
v 15.875002 16.750002 1.000000
v 15.875000 17.625002 1.000000
v 15.875000 18.500000 1.000000
v 15.875000 19.375002 1.000000
v 15.875000 20.250000 1.000000
v 15.875000 21.125000 1.000000
v 15.875000 22.000000 1.000000
v 15.875000 22.875000 1.000000
v 15.875000 23.750000 1.000000
v 15.875000 24.625002 1.000000
v 15.875000 25.500000 1.000000
v 15.875000 26.375002 1.000000
v 15.875000 27.250000 1.000000
v 15.875000 28.125000 1.000000
v 15.000002 1.875000 1.000000
v 15.000000 2.750000 1.000000
v 15.000000 3.625000 1.000000
v 15.000002 4.500000 1.000000
v 15.000002 5.375000 1.000000
v 15.000002 6.250000 1.000000
v 15.000002 7.125000 1.000000
v 15.000002 8.000001 1.000000
v 15.000002 8.875001 1.000000
v 15.000002 9.750001 1.000000
v 15.000000 10.625001 1.000000
v 15.000002 11.500000 1.000000
v 15.000002 12.375001 1.000000
v 15.000000 13.250002 1.000000
v 15.000000 14.125000 1.000000
v 15.000002 15.000000 1.000000
v 15.000000 15.875002 1.000000
v 15.000000 16.750000 1.000000
v 15.000002 17.625002 1.000000
v 15.000000 18.500002 1.000000
v 15.000002 19.375000 1.000000
v 15.000002 20.250004 1.000000
v 15.000000 21.125002 1.000000
v 15.000002 22.000004 1.000000
v 15.000002 22.875004 1.000000
v 15.000000 23.750002 1.000000
v 15.000002 24.625002 1.000000
v 15.000002 25.500004 1.000000
v 15.000000 26.375002 1.000000
v 15.000000 27.250002 1.000000
v 15.000002 28.125004 1.000000
v 14.125001 1.875000 1.000000
v 14.125000 2.750000 1.000000
v 14.125000 3.625000 1.000000
v 14.125000 4.500000 1.000000
v 14.125001 5.375000 1.000000
v 14.125000 6.250000 1.000000
v 14.125000 7.125000 1.000000
v 14.125000 8.000001 1.000000
v 14.125000 8.875000 1.000000
v 14.125000 9.750001 1.000000
v 14.125002 10.625000 1.000000
v 14.125000 11.500000 1.000000
v 14.125001 12.375001 1.000000
v 14.125000 13.250001 1.000000
v 14.125002 14.125000 1.000000
v 14.125000 15.000000 1.000000
v 14.125000 15.875002 1.000000
v 14.125000 16.750000 1.000000
v 14.125001 17.625004 1.000000
v 14.125000 18.500000 1.000000
v 14.125001 19.375002 1.000000
v 14.125000 20.250000 1.000000
v 14.125000 21.125000 1.000000
v 14.125000 22.000000 1.000000
v 14.125001 22.875002 1.000000
v 14.125000 23.750000 1.000000
v 14.125001 24.625000 1.000000
v 14.125000 25.500000 1.000000
v 14.125002 26.375004 1.000000
v 14.125000 27.250000 1.000000
v 14.125000 28.125000 1.000000
v 13.250001 1.875000 1.000000
v 13.250000 2.750000 1.000000
v 13.250001 3.625000 1.000000
v 13.250001 4.500000 1.000000
v 13.250001 5.375000 1.000000
v 13.250002 6.250001 1.000000
v 13.250001 7.125001 1.000000
v 13.250001 8.000001 1.000000
v 13.250002 8.875001 1.000000
v 13.250001 9.750001 1.000000
v 13.250001 10.625001 1.000000
v 13.250000 11.500000 1.000000
v 13.250001 12.375001 1.000000
v 13.250001 13.250001 1.000000
v 13.250000 14.125000 1.000000
v 13.250001 15.000002 1.000000
v 13.250002 15.875000 1.000000
v 13.250001 16.750000 1.000000
v 13.250001 17.625002 1.000000
v 13.250002 18.500000 1.000000
v 13.250001 19.375000 1.000000
v 13.250002 20.250002 1.000000
v 13.250000 21.125000 1.000000
v 13.250002 22.000002 1.000000
v 13.250002 22.875002 1.000000
v 13.250000 23.750000 1.000000
v 13.250001 24.625002 1.000000
v 13.250001 25.500002 1.000000
v 13.250001 26.375004 1.000000
v 13.250001 27.250002 1.000000
v 13.250002 28.125002 1.000000
v 12.375001 1.875000 1.000000
v 12.375001 2.750000 1.000000
v 12.375000 3.625000 1.000000
v 12.375001 4.500000 1.000000
v 12.375001 5.375000 1.000000
v 12.375000 6.250001 1.000000
v 12.375002 7.125000 1.000000
v 12.375001 8.000001 1.000000
v 12.375002 8.875001 1.000000
v 12.375001 9.750002 1.000000
v 12.375000 10.625001 1.000000
v 12.375002 11.500000 1.000000
v 12.375001 12.375000 1.000000
v 12.375001 13.250002 1.000000
v 12.375000 14.125002 1.000000
v 12.375001 15.000002 1.000000
v 12.375001 15.875002 1.000000
v 12.375000 16.750000 1.000000
v 12.375001 17.625000 1.000000
v 12.375001 18.500002 1.000000
v 12.375001 19.375002 1.000000
v 12.375002 20.250002 1.000000
v 12.375000 21.125000 1.000000
v 12.375002 22.000004 1.000000
v 12.375000 22.875002 1.000000
v 12.375001 23.750002 1.000000
v 12.375001 24.625000 1.000000
v 12.375000 25.500004 1.000000
v 12.375001 26.375002 1.000000
v 12.375001 27.250004 1.000000
v 12.375000 28.125000 1.000000
v 11.500000 1.875000 1.000000
v 11.500000 2.750000 1.000000
v 11.500001 3.625000 1.000000
v 11.500000 4.500001 1.000000
v 11.500000 5.375000 1.000000
v 11.500000 6.250000 1.000000
v 11.500000 7.125001 1.000000
v 11.500001 8.000001 1.000000
v 11.500000 8.875000 1.000000
v 11.500000 9.750001 1.000000
v 11.500001 10.625001 1.000000
v 11.500000 11.500000 1.000000
v 11.500000 12.375001 1.000000
v 11.500000 13.250001 1.000000
v 11.500000 14.125000 1.000000
v 11.500000 15.000002 1.000000
v 11.500000 15.875000 1.000000
v 11.500000 16.750000 1.000000
v 11.500000 17.625002 1.000000
v 11.500000 18.500000 1.000000
v 11.500000 19.375004 1.000000
v 11.500000 20.250002 1.000000
v 11.500000 21.125002 1.000000
v 11.500001 22.000004 1.000000
v 11.500000 22.875002 1.000000
v 11.500000 23.750000 1.000000
v 11.500000 24.625000 1.000000
v 11.500000 25.500000 1.000000
v 11.500000 26.375000 1.000000
v 11.500000 27.250000 1.000000
v 11.500000 28.125000 1.000000
v 10.625001 1.875000 1.000000
v 10.625000 2.750000 1.000000
v 10.625000 3.625000 1.000000
v 10.625001 4.500000 1.000000
v 10.625002 5.375000 1.000000
v 10.625001 6.250000 1.000000
v 10.625000 7.125001 1.000000
v 10.625001 8.000001 1.000000
v 10.625000 8.875001 1.000000
v 10.625001 9.750001 1.000000
v 10.625001 10.625001 1.000000
v 10.625000 11.500001 1.000000
v 10.625001 12.375001 1.000000
v 10.625001 13.250001 1.000000
v 10.625000 14.125001 1.000000
v 10.625001 15.000002 1.000000
v 10.625001 15.875002 1.000000
v 10.625001 16.750000 1.000000
v 10.625001 17.625002 1.000000
v 10.625001 18.500000 1.000000
v 10.625002 19.375002 1.000000
v 10.625001 20.250002 1.000000
v 10.625000 21.125004 1.000000
v 10.625002 22.000004 1.000000
v 10.625000 22.875002 1.000000
v 10.625000 23.750002 1.000000
v 10.625001 24.625002 1.000000
v 10.625001 25.500002 1.000000
v 10.625001 26.375004 1.000000
v 10.625001 27.250004 1.000000
v 10.625002 28.125004 1.000000
v 9.750001 1.875000 1.000000
v 9.750001 2.750000 1.000000
v 9.750001 3.625000 1.000000
v 9.750001 4.500000 1.000000
v 9.750001 5.375000 1.000000
v 9.750001 6.250001 1.000000
v 9.750001 7.125000 1.000000
v 9.750001 8.000001 1.000000
v 9.750001 8.875001 1.000000
v 9.750001 9.750002 1.000000
v 9.750001 10.625002 1.000000
v 9.750001 11.500000 1.000000
v 9.750001 12.375002 1.000000
v 9.750001 13.250000 1.000000
v 9.750001 14.125000 1.000000
v 9.750001 15.000002 1.000000
v 9.750001 15.875002 1.000000
v 9.750000 16.750002 1.000000
v 9.750001 17.625002 1.000000
v 9.750001 18.500002 1.000000
v 9.750000 19.375002 1.000000
v 9.750001 20.250002 1.000000
v 9.750001 21.125002 1.000000
v 9.750001 22.000004 1.000000
v 9.750001 22.875002 1.000000
v 9.750001 23.750002 1.000000
v 9.750001 24.625004 1.000000
v 9.750001 25.500002 1.000000
v 9.750001 26.375002 1.000000
v 9.750001 27.250004 1.000000
v 9.750001 28.125004 1.000000
v 8.875001 1.875000 1.000000
v 8.875001 2.750000 1.000000
v 8.875000 3.625000 1.000000
v 8.875000 4.500001 1.000000
v 8.875001 5.375000 1.000000
v 8.875001 6.250000 1.000000
v 8.875000 7.125001 1.000000
v 8.875001 8.000001 1.000000
v 8.875002 8.875001 1.000000
v 8.875000 9.750001 1.000000
v 8.875001 10.625000 1.000000
v 8.875000 11.500000 1.000000
v 8.875001 12.375000 1.000000
v 8.875000 13.250001 1.000000
v 8.875000 14.125000 1.000000
v 8.875001 15.000002 1.000000
v 8.875001 15.875002 1.000000
v 8.875001 16.750002 1.000000
v 8.875001 17.625002 1.000000
v 8.875000 18.500000 1.000000
v 8.875000 19.375004 1.000000
v 8.875001 20.250002 1.000000
v 8.875001 21.125000 1.000000
v 8.875001 22.000004 1.000000
v 8.875001 22.875004 1.000000
v 8.875001 23.750004 1.000000
v 8.875000 24.625002 1.000000
v 8.875000 25.500002 1.000000
v 8.875000 26.375004 1.000000
v 8.875001 27.250002 1.000000
v 8.875001 28.125002 1.000000
v 8.000000 1.875000 1.000000
v 8.000000 2.750000 1.000000
v 8.000000 3.625000 1.000000
v 8.000001 4.500000 1.000000
v 8.000001 5.375000 1.000000
v 8.000001 6.250001 1.000000
v 8.000001 7.125000 1.000000
v 8.000001 8.000000 1.000000
v 8.000000 8.875001 1.000000
v 8.000001 9.750001 1.000000
v 8.000001 10.625001 1.000000
v 8.000001 11.500001 1.000000
v 8.000001 12.375001 1.000000
v 8.000001 13.250001 1.000000
v 8.000000 14.125001 1.000000
v 8.000001 15.000002 1.000000
v 8.000000 15.875000 1.000000
v 8.000001 16.750002 1.000000
v 8.000001 17.625002 1.000000
v 8.000001 18.500002 1.000000
v 8.000001 19.375002 1.000000
v 8.000001 20.250004 1.000000
v 8.000001 21.125002 1.000000
v 8.000000 22.000000 1.000000
v 8.000001 22.875002 1.000000
v 8.000001 23.750000 1.000000
v 8.000001 24.625004 1.000000
v 8.000000 25.500002 1.000000
v 8.000001 26.375004 1.000000
v 8.000001 27.250004 1.000000
v 8.000000 28.125000 1.000000
v 7.125000 1.875000 1.000000
v 7.125001 2.750000 1.000000
v 7.125000 3.625000 1.000000
v 7.125001 4.500000 1.000000
v 7.125000 5.375000 1.000000
v 7.125001 6.250001 1.000000
v 7.125000 7.125001 1.000000
v 7.125000 8.000000 1.000000
v 7.125000 8.875002 1.000000
v 7.125001 9.750002 1.000000
v 7.125000 10.625001 1.000000
v 7.125001 11.500000 1.000000
v 7.125000 12.375001 1.000000
v 7.125000 13.250002 1.000000
v 7.125000 14.125000 1.000000
v 7.125001 15.000002 1.000000
v 7.125000 15.875000 1.000000
v 7.125000 16.750002 1.000000
v 7.125000 17.625002 1.000000
v 7.125001 18.500002 1.000000
v 7.125001 19.375002 1.000000
v 7.125000 20.250002 1.000000
v 7.125001 21.125004 1.000000
v 7.125000 22.000002 1.000000
v 7.125001 22.875004 1.000000
v 7.125001 23.750002 1.000000
v 7.125000 24.625002 1.000000
v 7.125001 25.500002 1.000000
v 7.125001 26.375004 1.000000
v 7.125001 27.250004 1.000000
v 7.125000 28.125002 1.000000
v 6.250000 1.875000 1.000000
v 6.250000 2.750000 1.000000
v 6.250001 3.625000 1.000000
v 6.250000 4.500000 1.000000
v 6.250000 5.375000 1.000000
v 6.250001 6.250000 1.000000
v 6.250001 7.125001 1.000000
v 6.250001 8.000001 1.000000
v 6.250001 8.875001 1.000000
v 6.250001 9.750001 1.000000
v 6.250000 10.625001 1.000000
v 6.250000 11.500001 1.000000
v 6.250001 12.375002 1.000000
v 6.250000 13.250001 1.000000
v 6.250000 14.125001 1.000000
v 6.250000 15.000002 1.000000
v 6.250000 15.875000 1.000000
v 6.250001 16.750002 1.000000
v 6.250001 17.625002 1.000000
v 6.250000 18.500000 1.000000
v 6.250000 19.375002 1.000000
v 6.250001 20.250002 1.000000
v 6.250000 21.125004 1.000000
v 6.250001 22.000004 1.000000
v 6.250001 22.875002 1.000000
v 6.250000 23.750004 1.000000
v 6.250000 24.625002 1.000000
v 6.250000 25.500000 1.000000
v 6.250001 26.375004 1.000000
v 6.250000 27.250002 1.000000
v 6.250000 28.125004 1.000000
v 5.375000 1.875000 1.000000
v 5.375000 2.750000 1.000000
v 5.375000 3.625000 1.000000
v 5.375001 4.500000 1.000000
v 5.375000 5.375000 1.000000
v 5.375000 6.250000 1.000000
v 5.375000 7.125000 1.000000
v 5.375000 8.000001 1.000000
v 5.375000 8.875000 1.000000
v 5.375000 9.750001 1.000000
v 5.375000 10.625002 1.000000
v 5.375000 11.500001 1.000000
v 5.375000 12.375001 1.000000
v 5.375000 13.250001 1.000000
v 5.375000 14.125002 1.000000
v 5.375000 15.000002 1.000000
v 5.375001 15.875002 1.000000
v 5.375000 16.750000 1.000000
v 5.375000 17.625002 1.000000
v 5.375001 18.500002 1.000000
v 5.375000 19.375002 1.000000
v 5.375000 20.250002 1.000000
v 5.375001 21.125002 1.000000
v 5.375000 22.000004 1.000000
v 5.375000 22.875000 1.000000
v 5.375000 23.750002 1.000000
v 5.375000 24.625002 1.000000
v 5.375000 25.500002 1.000000
v 5.375001 26.375004 1.000000
v 5.375000 27.250002 1.000000
v 5.375000 28.125004 1.000000
v 4.500000 1.875000 1.000000
v 4.500000 2.750000 1.000000
v 4.500000 3.625000 1.000000
v 4.500000 4.500000 1.000000
v 4.500000 5.375000 1.000000
v 4.500000 6.250000 1.000000
v 4.500000 7.125000 1.000000
v 4.500000 8.000000 1.000000
v 4.500001 8.875000 1.000000
v 4.500000 9.750001 1.000000
v 4.500000 10.625000 1.000000
v 4.500001 11.500000 1.000000
v 4.500000 12.375001 1.000000
v 4.500000 13.250000 1.000000
v 4.500000 14.125000 1.000000
v 4.500000 15.000002 1.000000
v 4.500001 15.875000 1.000000
v 4.500000 16.750002 1.000000
v 4.500000 17.625002 1.000000
v 4.500001 18.500002 1.000000
v 4.500000 19.375002 1.000000
v 4.500000 20.250002 1.000000
v 4.500001 21.125002 1.000000
v 4.500000 22.000002 1.000000
v 4.500001 22.875002 1.000000
v 4.500000 23.750002 1.000000
v 4.500000 24.625002 1.000000
v 4.500000 25.500002 1.000000
v 4.500000 26.375002 1.000000
v 4.500000 27.250002 1.000000
v 4.500000 28.125000 1.000000
v 3.625000 1.875000 1.000000
v 3.625000 2.750000 1.000000
v 3.625000 3.625000 1.000000
v 3.625000 4.500000 1.000000
v 3.625000 5.375001 1.000000
v 3.625000 6.250001 1.000000
v 3.625000 7.125001 1.000000
v 3.625000 8.000001 1.000000
v 3.625000 8.875000 1.000000
v 3.625000 9.750001 1.000000
v 3.625000 10.625001 1.000000
v 3.625000 11.500001 1.000000
v 3.625000 12.375001 1.000000
v 3.625000 13.250001 1.000000
v 3.625000 14.125002 1.000000
v 3.625000 15.000002 1.000000
v 3.625000 15.875000 1.000000
v 3.625000 16.750000 1.000000
v 3.625000 17.625002 1.000000
v 3.625000 18.500002 1.000000
v 3.625000 19.375002 1.000000
v 3.625000 20.250002 1.000000
v 3.625000 21.125002 1.000000
v 3.625000 22.000002 1.000000
v 3.625000 22.875000 1.000000
v 3.625000 23.750002 1.000000
v 3.625000 24.625004 1.000000
v 3.625000 25.500000 1.000000
v 3.625000 26.375004 1.000000
v 3.625000 27.250002 1.000000
v 3.625000 28.125002 1.000000
v 2.750000 1.875000 1.000000
v 2.750000 2.750000 1.000000
v 2.750000 3.625000 1.000000
v 2.750000 4.500000 1.000000
v 2.750000 5.375000 1.000000
v 2.750000 6.250000 1.000000
v 2.750000 7.125000 1.000000
v 2.750000 8.000001 1.000000
v 2.750000 8.875001 1.000000
v 2.750000 9.750001 1.000000
v 2.750000 10.625001 1.000000
v 2.750000 11.500000 1.000000
v 2.750000 12.375001 1.000000
v 2.750000 13.250001 1.000000
v 2.750000 14.125000 1.000000
v 2.750000 15.000002 1.000000
v 2.750000 15.875000 1.000000
v 2.750000 16.750000 1.000000
v 2.750000 17.625002 1.000000
v 2.750000 18.500002 1.000000
v 2.750000 19.375000 1.000000
v 2.750000 20.250002 1.000000
v 2.750000 21.125002 1.000000
v 2.750000 22.000002 1.000000
v 2.750000 22.875002 1.000000
v 2.750000 23.750002 1.000000
v 2.750000 24.625002 1.000000
v 2.750000 25.500002 1.000000
v 2.750000 26.375002 1.000000
v 2.750000 27.250002 1.000000
v 2.750000 28.125002 1.000000
v 1.875000 1.875000 1.000000
v 1.875000 2.750000 1.000000
v 1.875000 3.625000 1.000000
v 1.875000 4.500000 1.000000
v 1.875000 5.375000 1.000000
v 1.875000 6.250000 1.000000
v 1.875000 7.125000 1.000000
v 1.875000 8.000000 1.000000
v 1.875000 8.875000 1.000000
v 1.875000 9.750001 1.000000
v 1.875000 10.625002 1.000000
v 1.875000 11.500000 1.000000
v 1.875000 12.375000 1.000000
v 1.875000 13.250002 1.000000
v 1.875000 14.125000 1.000000
v 1.875000 15.000000 1.000000
v 1.875000 15.875000 1.000000
v 1.875000 16.750002 1.000000
v 1.875000 17.625000 1.000000
v 1.875000 18.500000 1.000000
v 1.875000 19.375002 1.000000
v 1.875000 20.250002 1.000000
v 1.875000 21.125000 1.000000
v 1.875000 22.000002 1.000000
v 1.875000 22.875002 1.000000
v 1.875000 23.750002 1.000000
v 1.875000 24.625004 1.000000
v 1.875000 25.500000 1.000000
v 1.875000 26.375002 1.000000
v 1.875000 27.250000 1.000000
v 1.875000 28.125000 1.000000
v 28.125000 29.000004 1.875000
v 28.125000 29.000000 2.750000
v 28.125004 29.000000 3.625000
v 28.125004 29.000000 4.500000
v 28.125002 29.000004 5.375001
v 28.125002 29.000004 6.250000
v 28.125004 29.000004 7.125000
v 28.125000 29.000004 8.000000
v 28.125002 29.000004 8.875000
v 28.125004 29.000004 9.750001
v 28.125004 29.000004 10.625002
v 28.125000 29.000000 11.500000
v 28.125000 29.000004 12.375000
v 28.125002 29.000004 13.250001
v 28.125004 29.000000 14.125000
v 28.125004 29.000004 15.000000
v 28.125004 29.000004 15.875000
v 28.125002 29.000004 16.750002
v 28.125002 29.000004 17.625002
v 28.125000 29.000000 18.500002
v 28.125004 29.000004 19.375004
v 28.125004 29.000004 20.250002
v 28.125002 29.000000 21.125002
v 28.125000 29.000000 22.000000
v 28.125004 29.000004 22.875004
v 28.125002 29.000004 23.750004
v 28.125002 29.000000 24.625004
v 28.125002 29.000000 25.500002
v 28.125004 29.000004 26.375002
v 28.125000 29.000000 27.250000
v 28.125000 29.000004 28.125000
v 27.250000 29.000000 1.875000
v 27.250002 29.000000 2.750000
v 27.250002 29.000000 3.625000
v 27.250000 29.000004 4.500000
v 27.250002 29.000000 5.375000
v 27.250002 29.000000 6.250000
v 27.250004 29.000004 7.125001
v 27.250002 29.000000 8.000001
v 27.250002 29.000000 8.875001
v 27.250004 29.000004 9.750001
v 27.250002 29.000000 10.625001
v 27.250002 29.000000 11.500000
v 27.250004 29.000004 12.375001
v 27.250002 29.000000 13.250001
v 27.250000 28.999998 14.125000
v 27.250002 29.000004 15.000002
v 27.250000 28.999998 15.874998
v 27.250004 29.000004 16.750002
v 27.250004 29.000004 17.625002
v 27.250002 29.000000 18.500000
v 27.250006 29.000004 19.375002
v 27.250004 29.000004 20.250002
v 27.250002 29.000000 21.125000
v 27.250004 29.000004 22.000002
v 27.250000 29.000004 22.875002
v 27.250002 29.000000 23.750000
v 27.250002 29.000000 24.625002
v 27.250000 29.000004 25.500000
v 27.250002 29.000000 26.375000
v 27.250002 29.000000 27.250002
v 27.250000 29.000004 28.125000
v 26.374998 29.000000 1.875000
v 26.375000 29.000000 2.750000
v 26.375004 29.000004 3.625000
v 26.375002 29.000000 4.500000
v 26.375002 29.000004 5.375001
v 26.375004 29.000004 6.250001
v 26.375006 29.000008 7.125001
v 26.375002 29.000000 8.000000
v 26.375002 29.000004 8.875002
v 26.375002 29.000000 9.750001
v 26.375006 29.000004 10.625001
v 26.375002 29.000000 11.500000
v 26.375004 29.000008 12.375002
v 26.375004 29.000004 13.250001
v 26.375004 29.000004 14.125002
v 26.375002 29.000000 15.000000
v 26.375004 29.000004 15.875002
v 26.375004 29.000004 16.750002
v 26.375002 29.000004 17.625004
v 26.375000 29.000000 18.500002
v 26.375004 29.000004 19.375004
v 26.375002 29.000004 20.250002
v 26.375004 29.000004 21.125004
v 26.375004 29.000004 22.000002
v 26.375006 29.000008 22.875004
v 26.375004 29.000004 23.750002
v 26.375004 29.000008 24.625004
v 26.375002 29.000000 25.500000
v 26.375004 29.000004 26.375004
v 26.375002 29.000004 27.250004
v 26.375002 29.000004 28.125002
v 25.500002 29.000000 1.875000
v 25.500000 29.000004 2.750000
v 25.500000 29.000000 3.625000
v 25.500004 29.000004 4.500000
v 25.500000 29.000004 5.375001
v 25.500000 29.000000 6.250000
v 25.500004 29.000004 7.125000
v 25.500000 29.000004 8.000001
v 25.500000 29.000000 8.875000
v 25.500004 29.000004 9.750001
v 25.500002 29.000004 10.625001
v 25.500000 29.000000 11.500000
v 25.500004 29.000004 12.375001
v 25.500000 29.000004 13.250001
v 25.500000 29.000000 14.125000
v 25.500004 29.000004 15.000002
v 25.500000 29.000004 15.875002
v 25.500002 29.000004 16.750000
v 25.500002 29.000000 17.625002
v 25.500000 29.000004 18.500002
v 25.500002 29.000004 19.375002
v 25.500004 29.000004 20.250002
v 25.500000 29.000000 21.125002
v 25.500000 29.000000 22.000000
v 25.500004 29.000004 22.875004
v 25.500000 29.000000 23.750002
v 25.500002 29.000004 24.625004
v 25.500002 29.000000 25.500004
v 25.500000 29.000000 26.375002
v 25.500000 29.000000 27.250000
v 25.500002 29.000000 28.125004
v 24.625002 29.000004 1.875000
v 24.625002 29.000000 2.750000
v 24.625004 29.000004 3.625000
v 24.625002 29.000004 4.500000
v 24.625004 29.000008 5.375000
v 24.625002 29.000000 6.250000
v 24.625002 29.000000 7.125000
v 24.625002 29.000000 8.000001
v 24.625000 29.000004 8.875000
v 24.625004 29.000004 9.750001
v 24.625002 29.000004 10.625001
v 24.625002 29.000000 11.500000
v 24.625000 29.000000 12.375001
v 24.625002 29.000000 13.250002
v 24.625002 29.000004 14.125000
v 24.625002 29.000004 15.000002
v 24.625002 29.000004 15.875000
v 24.625002 29.000004 16.750002
v 24.625000 29.000000 17.625000
v 24.625002 29.000004 18.500002
v 24.625002 29.000008 19.375002
v 24.625000 29.000004 20.250000
v 24.625004 29.000004 21.125004
v 24.625004 29.000004 22.000002
v 24.625002 29.000000 22.875002
v 24.625002 29.000004 23.750002
v 24.625002 29.000004 24.625004
v 24.625002 29.000004 25.500000
v 24.625004 29.000008 26.375002
v 24.625002 29.000004 27.250002
v 24.625004 29.000004 28.125002
v 23.750002 29.000004 1.875000
v 23.750000 29.000000 2.750000
v 23.750000 29.000000 3.625000
v 23.750002 29.000004 4.500000
v 23.750002 29.000004 5.375000
v 23.750002 29.000004 6.250000
v 23.750002 29.000004 7.125001
v 23.750000 29.000000 8.000000
v 23.750002 29.000004 8.875001
v 23.750002 29.000004 9.750001
v 23.750000 29.000000 10.625000
v 23.750002 29.000000 11.500001
v 23.750002 29.000004 12.375000
v 23.750000 29.000000 13.250000
v 23.750000 29.000000 14.125000
v 23.750002 29.000004 15.000000
v 23.750000 29.000000 15.875000
v 23.750000 29.000000 16.750000
v 23.750002 29.000004 17.625002
v 23.750002 29.000004 18.500002
v 23.750002 29.000004 19.375002
v 23.750000 29.000000 20.250002
v 23.750002 29.000004 21.125004
v 23.750000 29.000000 22.000000
v 23.750000 29.000000 22.875002
v 23.750002 29.000004 23.750004
v 23.750002 29.000004 24.625004
v 23.750002 29.000004 25.500000
v 23.750000 29.000000 26.375000
v 23.750002 29.000004 27.250004
v 23.750000 29.000000 28.125000
v 22.875004 29.000004 1.875000
v 22.875000 29.000004 2.750000
v 22.875002 29.000004 3.625000
v 22.875004 29.000004 4.500000
v 22.875002 29.000000 5.375001
v 22.875000 29.000000 6.250001
v 22.875004 29.000008 7.125000
v 22.875002 29.000004 8.000001
v 22.875004 29.000008 8.875002
v 22.875004 29.000004 9.750001
v 22.875002 29.000004 10.625000
v 22.875000 29.000000 11.500000
v 22.875004 29.000008 12.375000
v 22.875000 29.000004 13.250001
v 22.875002 29.000000 14.125000
v 22.875004 29.000000 15.000000
v 22.875002 29.000000 15.875002
v 22.875002 29.000004 16.750002
v 22.875002 29.000004 17.625004
v 22.875000 29.000004 18.500002
v 22.875000 29.000000 19.375002
v 22.875004 29.000004 20.250004
v 22.875004 29.000004 21.125000
v 22.875002 29.000004 22.000004
v 22.875004 29.000008 22.875002
v 22.875000 29.000004 23.750002
v 22.875000 29.000000 24.625002
v 22.875002 29.000000 25.500004
v 22.875002 29.000000 26.375002
v 22.875000 29.000004 27.250002
v 22.875002 29.000004 28.125004
v 22.000002 29.000004 1.875000
v 22.000002 29.000000 2.750000
v 22.000002 29.000000 3.625000
v 22.000002 29.000004 4.500000
v 22.000002 29.000000 5.375000
v 22.000002 29.000000 6.250001
v 22.000002 29.000004 7.125000
v 22.000002 29.000000 8.000001
v 22.000002 29.000000 8.875001
v 22.000004 29.000004 9.750001
v 22.000004 29.000000 10.625001
v 22.000002 29.000000 11.500001
v 22.000004 29.000004 12.375001
v 22.000004 29.000000 13.250001
v 22.000002 29.000000 14.125001
v 22.000004 29.000004 15.000002
v 22.000002 29.000000 15.875000
v 22.000002 29.000004 16.750002
v 22.000000 29.000004 17.625000
v 22.000002 29.000004 18.500002
v 22.000002 29.000004 19.375004
v 22.000002 29.000004 20.250002
v 22.000002 29.000004 21.125002
v 22.000002 29.000004 22.000002
v 22.000002 29.000004 22.875000
v 22.000002 29.000004 23.750002
v 22.000002 29.000004 24.625004
v 22.000002 29.000004 25.500000
v 22.000002 29.000004 26.375002
v 22.000002 29.000004 27.250002
v 22.000002 29.000004 28.125000
v 21.125002 29.000000 1.875000
v 21.125002 29.000004 2.750000
v 21.125002 29.000004 3.625000
v 21.125000 29.000000 4.500001
v 21.125002 29.000004 5.375001
v 21.125002 29.000004 6.250000
v 21.125004 29.000004 7.125001
v 21.125002 29.000004 8.000001
v 21.125002 29.000004 8.875002
v 21.125002 29.000004 9.750001
v 21.125002 29.000004 10.625002
v 21.125002 29.000004 11.500000
v 21.125002 29.000004 12.375001
v 21.125002 29.000004 13.250000
v 21.125000 29.000000 14.125002
v 21.125002 29.000004 15.000000
v 21.125000 29.000004 15.875002
v 21.125002 29.000000 16.750000
v 21.125002 29.000004 17.625000
v 21.125002 29.000004 18.500002
v 21.125004 29.000000 19.375004
v 21.125002 29.000004 20.250002
v 21.125002 29.000004 21.125002
v 21.125002 29.000004 22.000004
v 21.125004 29.000004 22.875004
v 21.125002 29.000004 23.750002
v 21.125002 29.000004 24.625000
v 21.125002 29.000000 25.500002
v 21.125004 29.000004 26.375002
v 21.125002 29.000004 27.250002
v 21.125000 29.000000 28.125000
v 20.250002 29.000004 1.875000
v 20.250000 29.000004 2.750000
v 20.250002 29.000000 3.625000
v 20.250002 29.000000 4.500000
v 20.250000 29.000004 5.375000
v 20.250000 29.000000 6.250001
v 20.250002 29.000004 7.125000
v 20.250000 29.000004 8.000001
v 20.250000 29.000000 8.875001
v 20.250004 29.000004 9.750001
v 20.250000 29.000004 10.625001
v 20.250000 29.000000 11.500000
v 20.250004 29.000004 12.375001
v 20.250000 29.000004 13.250001
v 20.250002 29.000000 14.125000
v 20.250004 29.000004 15.000000
v 20.250000 29.000004 15.875002
v 20.250002 29.000004 16.750002
v 20.250004 29.000004 17.625004
v 20.250000 29.000004 18.500002
v 20.250002 29.000000 19.375002
v 20.250002 29.000000 20.250004
v 20.250000 29.000004 21.125002
v 20.250004 29.000004 22.000004
v 20.250002 29.000000 22.875004
v 20.250000 29.000004 23.750002
v 20.250002 29.000004 24.625004
v 20.250002 29.000000 25.500004
v 20.250002 29.000000 26.375002
v 20.250000 29.000000 27.250002
v 20.250002 29.000000 28.125004
v 19.375002 29.000000 1.875000
v 19.375000 29.000000 2.750000
v 19.375004 29.000004 3.625000
v 19.375002 29.000004 4.500000
v 19.375002 29.000004 5.375000
v 19.375002 29.000004 6.250000
v 19.375002 28.999998 7.125001
v 19.375004 29.000000 8.000001
v 19.375002 29.000004 8.875001
v 19.375000 29.000004 9.750001
v 19.375000 29.000004 10.625001
v 19.375002 29.000004 11.500001
v 19.375002 29.000000 12.375001
v 19.375002 29.000000 13.250001
v 19.375002 29.000004 14.125001
v 19.375000 29.000000 15.000002
v 19.375002 29.000000 15.875002
v 19.375002 29.000004 16.750000
v 19.375002 29.000000 17.625002
v 19.375002 29.000004 18.500002
v 19.375002 29.000004 19.375002
v 19.375002 29.000004 20.250000
v 19.375000 29.000004 21.125002
v 19.375002 29.000004 22.000004
v 19.375002 29.000000 22.875000
v 19.375002 29.000004 23.750002
v 19.375004 29.000004 24.625002
v 19.375002 29.000004 25.500000
v 19.375002 29.000004 26.375004
v 19.375000 29.000000 27.250000
v 19.375002 29.000000 28.125004
v 18.500000 29.000000 1.875000
v 18.500002 29.000000 2.750000
v 18.500002 29.000004 3.625000
v 18.500000 29.000000 4.500001
v 18.500002 29.000004 5.375000
v 18.500002 29.000000 6.250000
v 18.500002 29.000000 7.125001
v 18.500002 29.000004 8.000001
v 18.500002 29.000000 8.875000
v 18.500002 29.000000 9.750001
v 18.500002 29.000004 10.625001
v 18.500002 29.000000 11.500000
v 18.500002 29.000004 12.375001
v 18.500002 29.000004 13.250001
v 18.500000 29.000000 14.125000
v 18.500002 29.000004 15.000000
v 18.500000 29.000000 15.875000
v 18.500002 29.000000 16.750002
v 18.500002 29.000004 17.625002
v 18.500000 29.000000 18.500002
v 18.500002 29.000004 19.375004
v 18.500002 29.000004 20.250000
v 18.500002 29.000000 21.125002
v 18.500002 29.000004 22.000004
v 18.500002 29.000004 22.875002
v 18.500002 29.000004 23.750002
v 18.500002 29.000004 24.625004
v 18.500002 29.000000 25.500002
v 18.500002 29.000004 26.375004
v 18.500000 29.000000 27.250000
v 18.500000 29.000000 28.125000
v 17.625002 29.000004 1.875000
v 17.625000 29.000004 2.750000
v 17.625002 29.000000 3.625000
v 17.625002 29.000000 4.500000
v 17.625002 29.000004 5.375001
v 17.625002 29.000004 6.250001
v 17.625002 29.000004 7.125000
v 17.625000 29.000004 8.000001
v 17.625002 29.000008 8.875002
v 17.625004 29.000004 9.750001
v 17.625002 28.999998 10.625000
v 17.625002 29.000004 11.500001
v 17.625000 29.000004 12.375001
v 17.625000 29.000004 13.250001
v 17.625000 29.000000 14.125002
v 17.625004 29.000004 15.000000
v 17.625002 29.000004 15.875000
v 17.625002 29.000000 16.750002
v 17.625000 29.000004 17.625002
v 17.625000 29.000004 18.500002
v 17.625000 29.000004 19.375002
v 17.625002 29.000000 20.250004
v 17.625002 29.000000 21.125002
v 17.625002 29.000004 22.000002
v 17.625002 29.000004 22.875004
v 17.625000 29.000004 23.750002
v 17.625002 29.000000 24.625002
v 17.625002 29.000000 25.500004
v 17.625002 29.000004 26.375000
v 17.625000 29.000000 27.250002
v 17.625000 29.000004 28.125002
v 16.750000 29.000004 1.875000
v 16.750000 29.000000 2.750000
v 16.750002 29.000004 3.625000
v 16.750000 29.000004 4.500000
v 16.750002 29.000000 5.375000
v 16.750002 29.000000 6.250001
v 16.750000 29.000004 7.125001
v 16.750002 29.000000 8.000001
v 16.750002 29.000000 8.875001
v 16.750000 29.000004 9.750001
v 16.750002 29.000000 10.625001
v 16.750000 29.000000 11.500001
v 16.750000 29.000004 12.375001
v 16.750002 29.000000 13.250001
v 16.750000 29.000000 14.125001
v 16.750000 29.000000 15.000002
v 16.750002 29.000000 15.875000
v 16.750000 29.000004 16.750000
v 16.750002 29.000000 17.625000
v 16.750002 29.000004 18.500002
v 16.750000 29.000004 19.375000
v 16.750002 29.000004 20.250000
v 16.750002 29.000004 21.125002
v 16.750000 29.000004 22.000004
v 16.750002 29.000004 22.875000
v 16.750002 29.000004 23.750002
v 16.750000 29.000004 24.625000
v 16.750002 29.000004 25.500000
v 16.750002 29.000004 26.375004
v 16.750000 29.000000 27.250000
v 16.750002 29.000004 28.125002
v 15.875002 29.000004 1.875000
v 15.875000 29.000000 2.750000
v 15.875002 29.000000 3.625000
v 15.875000 29.000000 4.500000
v 15.875000 29.000004 5.375000
v 15.875000 29.000000 6.250000
v 15.875000 29.000000 7.125000
v 15.875000 29.000000 8.000000
v 15.875000 29.000000 8.875000
v 15.875000 29.000000 9.750001
v 15.875002 29.000004 10.625001
v 15.875000 29.000000 11.500000
v 15.875000 29.000000 12.375002
v 15.875002 29.000000 13.250001
v 15.875002 29.000004 14.125000
v 15.875002 29.000000 15.000000
v 15.875000 29.000000 15.875002
v 15.875002 29.000000 16.750002
v 15.875000 29.000000 17.625002
v 15.875000 29.000000 18.500000
v 15.875000 29.000004 19.375002
v 15.875000 29.000004 20.250000
v 15.875000 29.000000 21.125000
v 15.875000 29.000000 22.000000
v 15.875000 29.000000 22.875000
v 15.875000 29.000000 23.750000
v 15.875000 29.000004 24.625002
v 15.875000 29.000000 25.500000
v 15.875000 29.000004 26.375002
v 15.875000 29.000000 27.250000
v 15.875000 29.000004 28.125000
v 15.000002 29.000004 1.875000
v 15.000000 29.000004 2.750000
v 15.000000 29.000000 3.625000
v 15.000002 29.000004 4.500000
v 15.000002 29.000004 5.375000
v 15.000002 29.000000 6.250000
v 15.000002 29.000000 7.125000
v 15.000002 29.000004 8.000001
v 15.000002 29.000000 8.875001
v 15.000002 29.000000 9.750001
v 15.000000 29.000004 10.625001
v 15.000002 29.000000 11.500000
v 15.000002 29.000000 12.375001
v 15.000000 29.000004 13.250002
v 15.000000 29.000000 14.125000
v 15.000002 29.000000 15.000000
v 15.000000 29.000004 15.875002
v 15.000000 29.000000 16.750000
v 15.000002 29.000000 17.625002
v 15.000000 29.000004 18.500002
v 15.000002 29.000000 19.375000
v 15.000002 29.000000 20.250004
v 15.000000 29.000004 21.125002
v 15.000002 29.000004 22.000004
v 15.000002 29.000000 22.875004
v 15.000000 29.000000 23.750002
v 15.000002 29.000004 24.625002
v 15.000002 29.000004 25.500004
v 15.000000 29.000000 26.375002
v 15.000000 29.000000 27.250002
v 15.000002 29.000000 28.125004
v 14.125001 29.000004 1.875000
v 14.125000 29.000000 2.750000
v 14.125000 29.000004 3.625000
v 14.125000 29.000000 4.500000
v 14.125001 29.000004 5.375000
v 14.125000 29.000000 6.250000
v 14.125000 29.000000 7.125000
v 14.125000 29.000000 8.000001
v 14.125000 29.000000 8.875000
v 14.125000 29.000000 9.750001
v 14.125002 29.000004 10.625000
v 14.125000 29.000000 11.500000
v 14.125001 29.000000 12.375001
v 14.125000 28.999998 13.250001
v 14.125002 29.000004 14.125000
v 14.125000 29.000000 15.000000
v 14.125000 29.000000 15.875002
v 14.125000 28.999998 16.750000
v 14.125001 29.000000 17.625004
v 14.125000 29.000000 18.500000
v 14.125001 29.000004 19.375002
v 14.125000 29.000000 20.250000
v 14.125000 29.000000 21.125000
v 14.125000 29.000000 22.000000
v 14.125001 29.000000 22.875002
v 14.125000 29.000000 23.750000
v 14.125001 29.000000 24.625000
v 14.125000 29.000000 25.500000
v 14.125002 29.000004 26.375004
v 14.125000 28.999998 27.250000
v 14.125000 29.000000 28.125000
v 13.250001 29.000000 1.875000
v 13.250000 28.999998 2.750000
v 13.250001 29.000004 3.625000
v 13.250001 29.000004 4.500000
v 13.250001 29.000000 5.375000
v 13.250002 29.000004 6.250001
v 13.250001 29.000004 7.125001
v 13.250001 29.000000 8.000001
v 13.250002 29.000000 8.875001
v 13.250001 29.000004 9.750001
v 13.250001 29.000000 10.625001
v 13.250000 29.000000 11.500000
v 13.250001 29.000004 12.375001
v 13.250001 29.000000 13.250001
v 13.250000 29.000000 14.125000
v 13.250001 29.000000 15.000002
v 13.250002 29.000004 15.875000
v 13.250001 29.000004 16.750000
v 13.250001 29.000000 17.625002
v 13.250002 29.000004 18.500000
v 13.250001 29.000004 19.375000
v 13.250002 29.000004 20.250002
v 13.250000 29.000004 21.125000
v 13.250002 29.000004 22.000002
v 13.250002 29.000004 22.875002
v 13.250000 29.000004 23.750000
v 13.250001 29.000004 24.625002
v 13.250001 29.000004 25.500002
v 13.250001 29.000004 26.375004
v 13.250001 29.000004 27.250002
v 13.250002 29.000004 28.125002
v 12.375001 29.000004 1.875000
v 12.375001 29.000004 2.750000
v 12.375000 29.000004 3.625000
v 12.375001 29.000000 4.500000
v 12.375001 29.000004 5.375000
v 12.375000 29.000004 6.250001
v 12.375002 29.000004 7.125000
v 12.375001 29.000004 8.000001
v 12.375002 29.000004 8.875001
v 12.375001 29.000004 9.750002
v 12.375000 29.000000 10.625001
v 12.375002 29.000004 11.500000
v 12.375001 29.000004 12.375000
v 12.375001 29.000004 13.250002
v 12.375000 29.000004 14.125002
v 12.375001 29.000004 15.000002
v 12.375001 29.000004 15.875002
v 12.375000 29.000000 16.750000
v 12.375001 29.000004 17.625000
v 12.375001 29.000004 18.500002
v 12.375001 29.000004 19.375002
v 12.375002 29.000004 20.250002
v 12.375000 29.000004 21.125000
v 12.375002 29.000000 22.000004
v 12.375000 29.000004 22.875002
v 12.375001 29.000000 23.750002
v 12.375001 29.000004 24.625000
v 12.375000 29.000000 25.500004
v 12.375001 29.000004 26.375002
v 12.375001 29.000000 27.250004
v 12.375000 29.000004 28.125000
v 11.500000 29.000000 1.875000
v 11.500000 29.000000 2.750000
v 11.500001 29.000004 3.625000
v 11.500000 29.000000 4.500001
v 11.500000 29.000004 5.375000
v 11.500000 29.000004 6.250000
v 11.500000 29.000000 7.125001
v 11.500001 29.000004 8.000001
v 11.500000 29.000000 8.875000
v 11.500000 29.000000 9.750001
v 11.500001 29.000004 10.625001
v 11.500000 29.000000 11.500000
v 11.500000 29.000004 12.375001
v 11.500000 29.000004 13.250001
v 11.500000 29.000000 14.125000
v 11.500000 29.000000 15.000002
v 11.500000 29.000000 15.875000
v 11.500000 28.999998 16.750000
v 11.500000 29.000004 17.625002
v 11.500000 29.000000 18.500000
v 11.500000 29.000004 19.375004
v 11.500000 29.000000 20.250002
v 11.500000 29.000000 21.125002
v 11.500001 29.000004 22.000004
v 11.500000 29.000000 22.875002
v 11.500000 29.000000 23.750000
v 11.500000 29.000000 24.625000
v 11.500000 29.000000 25.500000
v 11.500000 29.000000 26.375000
v 11.500000 29.000000 27.250000
v 11.500000 29.000000 28.125000
v 10.625001 29.000004 1.875000
v 10.625000 29.000000 2.750000
v 10.625000 29.000004 3.625000
v 10.625001 29.000004 4.500000
v 10.625002 29.000004 5.375000
v 10.625001 29.000004 6.250000
v 10.625000 29.000000 7.125001
v 10.625001 29.000000 8.000001
v 10.625000 29.000004 8.875001
v 10.625001 29.000004 9.750001
v 10.625001 29.000004 10.625001
v 10.625000 29.000004 11.500001
v 10.625001 29.000004 12.375001
v 10.625001 29.000000 13.250001
v 10.625000 29.000004 14.125001
v 10.625001 29.000004 15.000002
v 10.625001 29.000000 15.875002
v 10.625001 29.000004 16.750000
v 10.625001 29.000000 17.625002
v 10.625001 29.000004 18.500000
v 10.625002 29.000004 19.375002
v 10.625001 29.000004 20.250002
v 10.625000 29.000004 21.125004
v 10.625002 29.000004 22.000004
v 10.625000 29.000004 22.875002
v 10.625000 29.000004 23.750002
v 10.625001 29.000004 24.625002
v 10.625001 29.000004 25.500002
v 10.625001 29.000004 26.375004
v 10.625001 29.000004 27.250004
v 10.625002 29.000004 28.125004
v 9.750001 29.000004 1.875000
v 9.750001 29.000004 2.750000
v 9.750001 29.000004 3.625000
v 9.750001 29.000000 4.500000
v 9.750001 29.000004 5.375000
v 9.750001 29.000004 6.250001
v 9.750001 29.000004 7.125000
v 9.750001 29.000004 8.000001
v 9.750001 29.000004 8.875001
v 9.750001 29.000004 9.750002
v 9.750001 29.000004 10.625002
v 9.750001 29.000004 11.500000
v 9.750001 29.000004 12.375002
v 9.750001 29.000004 13.250000
v 9.750001 29.000004 14.125000
v 9.750001 29.000004 15.000002
v 9.750001 29.000000 15.875002
v 9.750000 29.000004 16.750002
v 9.750001 29.000004 17.625002
v 9.750001 29.000000 18.500002
v 9.750000 29.000000 19.375002
v 9.750001 29.000004 20.250002
v 9.750001 29.000000 21.125002
v 9.750001 29.000000 22.000004
v 9.750001 29.000004 22.875002
v 9.750001 29.000000 23.750002
v 9.750001 29.000000 24.625004
v 9.750001 29.000000 25.500002
v 9.750001 29.000000 26.375002
v 9.750001 29.000000 27.250004
v 9.750001 29.000000 28.125004
v 8.875001 29.000000 1.875000
v 8.875001 29.000004 2.750000
v 8.875000 29.000000 3.625000
v 8.875000 29.000000 4.500001
v 8.875001 29.000004 5.375000
v 8.875001 29.000004 6.250000
v 8.875000 29.000000 7.125001
v 8.875001 29.000004 8.000001
v 8.875002 29.000004 8.875001
v 8.875000 29.000004 9.750001
v 8.875001 29.000004 10.625000
v 8.875000 29.000000 11.500000
v 8.875001 29.000000 12.375000
v 8.875000 28.999998 13.250001
v 8.875000 29.000000 14.125000
v 8.875001 29.000004 15.000002
v 8.875001 29.000004 15.875002
v 8.875001 29.000004 16.750002
v 8.875001 29.000004 17.625002
v 8.875000 29.000000 18.500000
v 8.875000 29.000000 19.375004
v 8.875001 29.000004 20.250002
v 8.875001 29.000004 21.125000
v 8.875001 29.000004 22.000004
v 8.875001 29.000000 22.875004
v 8.875001 29.000004 23.750004
v 8.875000 29.000000 24.625002
v 8.875000 29.000000 25.500002
v 8.875000 29.000004 26.375004
v 8.875001 29.000000 27.250002
v 8.875001 29.000000 28.125002
v 8.000000 29.000004 1.875000
v 8.000000 29.000004 2.750000
v 8.000000 29.000004 3.625000
v 8.000001 29.000004 4.500000
v 8.000001 29.000004 5.375000
v 8.000001 29.000004 6.250001
v 8.000001 29.000004 7.125000
v 8.000001 29.000000 8.000000
v 8.000000 29.000000 8.875001
v 8.000001 29.000004 9.750001
v 8.000001 29.000000 10.625001
v 8.000001 29.000004 11.500001
v 8.000001 29.000004 12.375001
v 8.000001 29.000000 13.250001
v 8.000000 29.000000 14.125001
v 8.000001 29.000004 15.000002
v 8.000000 29.000004 15.875000
v 8.000001 29.000004 16.750002
v 8.000001 29.000004 17.625002
v 8.000001 29.000004 18.500002
v 8.000001 29.000004 19.375002
v 8.000001 29.000004 20.250004
v 8.000001 29.000004 21.125002
v 8.000000 29.000004 22.000000
v 8.000001 29.000004 22.875002
v 8.000001 29.000004 23.750000
v 8.000001 29.000004 24.625004
v 8.000000 29.000000 25.500002
v 8.000001 29.000004 26.375004
v 8.000001 29.000004 27.250004
v 8.000000 29.000000 28.125000
v 7.125000 29.000004 1.875000
v 7.125001 29.000004 2.750000
v 7.125000 29.000004 3.625000
v 7.125001 29.000004 4.500000
v 7.125000 29.000000 5.375000
v 7.125001 29.000000 6.250001
v 7.125000 29.000004 7.125001
v 7.125000 29.000004 8.000000
v 7.125000 29.000004 8.875002
v 7.125001 29.000004 9.750002
v 7.125000 29.000004 10.625001
v 7.125001 29.000000 11.500000
v 7.125000 29.000000 12.375001
v 7.125000 29.000004 13.250002
v 7.125000 29.000004 14.125000
v 7.125001 29.000004 15.000002
v 7.125000 29.000000 15.875000
v 7.125000 29.000004 16.750002
v 7.125000 29.000000 17.625002
v 7.125001 29.000000 18.500002
v 7.125001 29.000004 19.375002
v 7.125000 29.000004 20.250002
v 7.125001 29.000004 21.125004
v 7.125000 29.000004 22.000002
v 7.125001 29.000004 22.875004
v 7.125001 29.000000 23.750002
v 7.125000 29.000004 24.625002
v 7.125001 29.000004 25.500002
v 7.125001 29.000004 26.375004
v 7.125001 29.000000 27.250004
v 7.125000 29.000000 28.125002
v 6.250000 29.000004 1.875000
v 6.250000 29.000000 2.750000
v 6.250001 29.000000 3.625000
v 6.250000 29.000004 4.500000
v 6.250000 29.000004 5.375000
v 6.250001 29.000004 6.250000
v 6.250001 29.000004 7.125001
v 6.250001 29.000004 8.000001
v 6.250001 29.000004 8.875001
v 6.250001 29.000004 9.750001
v 6.250000 29.000004 10.625001
v 6.250000 29.000004 11.500001
v 6.250001 29.000004 12.375002
v 6.250000 29.000004 13.250001
v 6.250000 29.000000 14.125001
v 6.250000 29.000000 15.000002
v 6.250000 29.000000 15.875000
v 6.250001 29.000004 16.750002
v 6.250001 29.000004 17.625002
v 6.250000 29.000000 18.500000
v 6.250000 29.000004 19.375002
v 6.250001 29.000000 20.250002
v 6.250000 29.000004 21.125004
v 6.250001 29.000004 22.000004
v 6.250001 29.000000 22.875002
v 6.250000 29.000004 23.750004
v 6.250000 29.000004 24.625002
v 6.250000 29.000000 25.500000
v 6.250001 29.000004 26.375004
v 6.250000 29.000000 27.250002
v 6.250000 29.000000 28.125004
v 5.375000 29.000004 1.875000
v 5.375000 29.000004 2.750000
v 5.375000 29.000004 3.625000
v 5.375001 29.000004 4.500000
v 5.375000 29.000000 5.375000
v 5.375000 29.000004 6.250000
v 5.375000 29.000004 7.125000
v 5.375000 29.000004 8.000001
v 5.375000 29.000004 8.875000
v 5.375000 29.000004 9.750001
v 5.375000 29.000004 10.625002
v 5.375000 29.000000 11.500001
v 5.375000 29.000004 12.375001
v 5.375000 29.000000 13.250001
v 5.375000 29.000000 14.125002
v 5.375000 29.000004 15.000002
v 5.375001 29.000004 15.875002
v 5.375000 29.000004 16.750000
v 5.375000 29.000004 17.625002
v 5.375001 29.000004 18.500002
v 5.375000 29.000000 19.375002
v 5.375000 29.000004 20.250002
v 5.375001 29.000000 21.125002
v 5.375000 29.000004 22.000004
v 5.375000 29.000000 22.875000
v 5.375000 29.000004 23.750002
v 5.375000 29.000000 24.625002
v 5.375000 29.000000 25.500002
v 5.375001 29.000004 26.375004
v 5.375000 29.000000 27.250002
v 5.375000 29.000004 28.125004
v 4.500000 29.000000 1.875000
v 4.500000 29.000004 2.750000
v 4.500000 29.000000 3.625000
v 4.500000 29.000004 4.500000
v 4.500000 29.000004 5.375000
v 4.500000 29.000000 6.250000
v 4.500000 29.000004 7.125000
v 4.500000 29.000004 8.000000
v 4.500001 29.000000 8.875000
v 4.500000 29.000004 9.750001
v 4.500000 29.000004 10.625000
v 4.500001 29.000000 11.500000
v 4.500000 29.000004 12.375001
v 4.500000 29.000004 13.250000
v 4.500000 29.000000 14.125000
v 4.500000 29.000004 15.000002
v 4.500001 29.000000 15.875000
v 4.500000 29.000004 16.750002
v 4.500000 29.000000 17.625002
v 4.500001 29.000000 18.500002
v 4.500000 29.000004 19.375002
v 4.500000 29.000000 20.250002
v 4.500001 29.000000 21.125002
v 4.500000 29.000004 22.000002
v 4.500001 29.000004 22.875002
v 4.500000 29.000000 23.750002
v 4.500000 29.000000 24.625002
v 4.500000 29.000000 25.500002
v 4.500000 29.000000 26.375002
v 4.500000 29.000000 27.250002
v 4.500000 29.000000 28.125000
v 3.625000 29.000000 1.875000
v 3.625000 29.000000 2.750000
v 3.625000 29.000004 3.625000
v 3.625000 29.000004 4.500000
v 3.625000 29.000004 5.375001
v 3.625000 29.000004 6.250001
v 3.625000 29.000004 7.125001
v 3.625000 29.000004 8.000001
v 3.625000 29.000004 8.875000
v 3.625000 29.000004 9.750001
v 3.625000 29.000004 10.625001
v 3.625000 29.000004 11.500001
v 3.625000 29.000004 12.375001
v 3.625000 29.000004 13.250001
v 3.625000 29.000004 14.125002
v 3.625000 29.000000 15.000002
v 3.625000 29.000004 15.875000
v 3.625000 29.000004 16.750000
v 3.625000 29.000000 17.625002
v 3.625000 29.000004 18.500002
v 3.625000 29.000004 19.375002
v 3.625000 29.000004 20.250002
v 3.625000 29.000000 21.125002
v 3.625000 29.000000 22.000002
v 3.625000 29.000000 22.875000
v 3.625000 29.000000 23.750002
v 3.625000 29.000004 24.625004
v 3.625000 29.000000 25.500000
v 3.625000 29.000004 26.375004
v 3.625000 29.000000 27.250002
v 3.625000 29.000004 28.125002
v 2.750000 29.000000 1.875000
v 2.750000 29.000004 2.750000
v 2.750000 29.000004 3.625000
v 2.750000 29.000004 4.500000
v 2.750000 29.000004 5.375000
v 2.750000 29.000004 6.250000
v 2.750000 29.000004 7.125000
v 2.750000 29.000004 8.000001
v 2.750000 29.000004 8.875001
v 2.750000 29.000004 9.750001
v 2.750000 29.000004 10.625001
v 2.750000 29.000000 11.500000
v 2.750000 29.000004 12.375001
v 2.750000 29.000004 13.250001
v 2.750000 29.000000 14.125000
v 2.750000 29.000004 15.000002
v 2.750000 29.000000 15.875000
v 2.750000 29.000000 16.750000
v 2.750000 29.000004 17.625002
v 2.750000 29.000000 18.500002
v 2.750000 29.000000 19.375000
v 2.750000 29.000000 20.250002
v 2.750000 29.000004 21.125002
v 2.750000 29.000004 22.000002
v 2.750000 29.000000 22.875002
v 2.750000 29.000000 23.750002
v 2.750000 29.000000 24.625002
v 2.750000 29.000000 25.500002
v 2.750000 29.000000 26.375002
v 2.750000 29.000000 27.250002
v 2.750000 29.000000 28.125002
v 1.875000 29.000004 1.875000
v 1.875000 29.000004 2.750000
v 1.875000 29.000000 3.625000
v 1.875000 29.000004 4.500000
v 1.875000 29.000004 5.375000
v 1.875000 29.000004 6.250000
v 1.875000 29.000004 7.125000
v 1.875000 29.000000 8.000000
v 1.875000 29.000000 8.875000
v 1.875000 29.000004 9.750001
v 1.875000 29.000008 10.625002
v 1.875000 29.000000 11.500000
v 1.875000 29.000004 12.375000
v 1.875000 29.000004 13.250002
v 1.875000 29.000000 14.125000
v 1.875000 29.000004 15.000000
v 1.875000 29.000000 15.875000
v 1.875000 29.000004 16.750002
v 1.875000 29.000004 17.625000
v 1.875000 29.000000 18.500000
v 1.875000 29.000000 19.375002
v 1.875000 29.000000 20.250002
v 1.875000 29.000000 21.125000
v 1.875000 29.000000 22.000002
v 1.875000 29.000000 22.875002
v 1.875000 29.000000 23.750002
v 1.875000 29.000004 24.625004
v 1.875000 29.000000 25.500000
v 1.875000 29.000000 26.375002
v 1.875000 29.000000 27.250000
v 1.875000 29.000000 28.125000
v 29.000004 1.875000 1.875000
v 29.000000 1.875000 2.750000
v 29.000000 1.875000 3.625000
v 29.000000 1.875000 4.500000
v 29.000004 1.875000 5.375001
v 29.000004 1.875000 6.250000
v 29.000004 1.875000 7.125000
v 29.000004 1.875000 8.000000
v 29.000004 1.875000 8.875000
v 29.000004 1.875000 9.750001
v 29.000004 1.875000 10.625002
v 29.000000 1.875000 11.500000
v 29.000004 1.875000 12.375000
v 29.000004 1.875000 13.250001
v 29.000000 1.875000 14.125000
v 29.000004 1.875000 15.000000
v 29.000004 1.875000 15.875000
v 29.000004 1.875000 16.750002
v 29.000004 1.875000 17.625002
v 29.000000 1.875000 18.500002
v 29.000004 1.875000 19.375004
v 29.000004 1.875000 20.250002
v 29.000000 1.875000 21.125002
v 29.000000 1.875000 22.000000
v 29.000004 1.875000 22.875004
v 29.000004 1.875000 23.750004
v 29.000000 1.875000 24.625004
v 29.000000 1.875000 25.500002
v 29.000004 1.875000 26.375002
v 29.000000 1.875000 27.250000
v 29.000004 1.875000 28.125000
v 29.000000 2.750000 1.875000
v 29.000000 2.750000 2.750000
v 29.000000 2.750000 3.625000
v 29.000004 2.750000 4.500000
v 29.000000 2.750000 5.375000
v 29.000000 2.750000 6.250000
v 29.000004 2.750000 7.125001
v 29.000000 2.750000 8.000001
v 29.000000 2.750000 8.875001
v 29.000004 2.750000 9.750001
v 29.000000 2.750000 10.625001
v 29.000000 2.750000 11.500000
v 29.000004 2.750000 12.375001
v 29.000000 2.750000 13.250001
v 28.999998 2.750000 14.125000
v 29.000004 2.750000 15.000002
v 28.999998 2.750000 15.874998
v 29.000004 2.750000 16.750002
v 29.000004 2.750000 17.625002
v 29.000000 2.750000 18.500000
v 29.000004 2.750000 19.375002
v 29.000004 2.750000 20.250002
v 29.000000 2.750000 21.125000
v 29.000004 2.750000 22.000002
v 29.000004 2.750000 22.875002
v 29.000000 2.750000 23.750000
v 29.000000 2.750000 24.625002
v 29.000004 2.750000 25.500000
v 29.000000 2.750000 26.375000
v 29.000000 2.750000 27.250002
v 29.000004 2.750000 28.125000
v 29.000000 3.625000 1.875000
v 29.000000 3.625000 2.750000
v 29.000004 3.625000 3.625000
v 29.000000 3.625000 4.500000
v 29.000004 3.625000 5.375001
v 29.000004 3.625000 6.250001
v 29.000008 3.625000 7.125001
v 29.000000 3.625000 8.000000
v 29.000004 3.625000 8.875002
v 29.000000 3.625000 9.750001
v 29.000004 3.625000 10.625001
v 29.000000 3.625000 11.500000
v 29.000008 3.625000 12.375002
v 29.000004 3.625000 13.250001
v 29.000004 3.625000 14.125002
v 29.000000 3.625000 15.000000
v 29.000004 3.625000 15.875002
v 29.000004 3.625000 16.750002
v 29.000004 3.625000 17.625004
v 29.000000 3.625000 18.500002
v 29.000004 3.625000 19.375004
v 29.000004 3.625000 20.250002
v 29.000004 3.625000 21.125004
v 29.000004 3.625000 22.000002
v 29.000008 3.625000 22.875004
v 29.000004 3.625000 23.750002
v 29.000008 3.625000 24.625004
v 29.000000 3.625000 25.500000
v 29.000004 3.625000 26.375004
v 29.000004 3.625000 27.250004
v 29.000004 3.625000 28.125002
v 29.000000 4.500000 1.875000
v 29.000004 4.500000 2.750000
v 29.000000 4.500000 3.625000
v 29.000004 4.500000 4.500000
v 29.000004 4.500000 5.375001
v 29.000000 4.500000 6.250000
v 29.000004 4.500000 7.125000
v 29.000004 4.500000 8.000001
v 29.000000 4.500001 8.875000
v 29.000004 4.500000 9.750001
v 29.000004 4.500000 10.625001
v 29.000000 4.500001 11.500000
v 29.000004 4.500000 12.375001
v 29.000004 4.500000 13.250001
v 29.000000 4.500000 14.125000
v 29.000004 4.500000 15.000002
v 29.000004 4.500000 15.875002
v 29.000004 4.500000 16.750000
v 29.000000 4.500000 17.625002
v 29.000004 4.500001 18.500002
v 29.000004 4.500000 19.375002
v 29.000004 4.500000 20.250002
v 29.000000 4.500001 21.125002
v 29.000000 4.500000 22.000000
v 29.000004 4.500001 22.875004
v 29.000000 4.500000 23.750002
v 29.000004 4.500000 24.625004
v 29.000000 4.500000 25.500004
v 29.000000 4.500000 26.375002
v 29.000000 4.500000 27.250000
v 29.000000 4.500000 28.125004
v 29.000004 5.375001 1.875000
v 29.000000 5.375000 2.750000
v 29.000004 5.375000 3.625000
v 29.000004 5.375001 4.500000
v 29.000008 5.375000 5.375000
v 29.000000 5.375000 6.250000
v 29.000000 5.375001 7.125000
v 29.000000 5.375000 8.000001
v 29.000004 5.375000 8.875000
v 29.000004 5.375001 9.750001
v 29.000004 5.375000 10.625001
v 29.000000 5.375000 11.500000
v 29.000000 5.375001 12.375001
v 29.000000 5.375000 13.250002
v 29.000004 5.375000 14.125000
v 29.000004 5.375000 15.000002
v 29.000004 5.375000 15.875000
v 29.000004 5.375000 16.750002
v 29.000000 5.375001 17.625000
v 29.000004 5.375000 18.500002
v 29.000008 5.375000 19.375002
v 29.000004 5.375001 20.250000
v 29.000004 5.375000 21.125004
v 29.000004 5.375000 22.000002
v 29.000000 5.375001 22.875002
v 29.000004 5.375000 23.750002
v 29.000004 5.375000 24.625004
v 29.000004 5.375001 25.500000
v 29.000008 5.375000 26.375002
v 29.000004 5.375000 27.250002
v 29.000004 5.375001 28.125002
v 29.000004 6.250000 1.875000
v 29.000000 6.250000 2.750000
v 29.000000 6.250001 3.625000
v 29.000004 6.250000 4.500000
v 29.000004 6.250000 5.375000
v 29.000004 6.250001 6.250000
v 29.000004 6.250001 7.125001
v 29.000000 6.250001 8.000000
v 29.000004 6.250001 8.875001
v 29.000004 6.250001 9.750001
v 29.000000 6.250000 10.625000
v 29.000000 6.250000 11.500001
v 29.000004 6.250001 12.375000
v 29.000000 6.250000 13.250000
v 29.000000 6.250000 14.125000
v 29.000004 6.250000 15.000000
v 29.000000 6.250000 15.875000
v 29.000000 6.250000 16.750000
v 29.000004 6.250001 17.625002
v 29.000004 6.250000 18.500002
v 29.000004 6.250000 19.375002
v 29.000000 6.250001 20.250002
v 29.000004 6.250001 21.125004
v 29.000000 6.250001 22.000000
v 29.000000 6.250001 22.875002
v 29.000004 6.250001 23.750004
v 29.000004 6.250000 24.625004
v 29.000004 6.250000 25.500000
v 29.000000 6.250001 26.375000
v 29.000004 6.250000 27.250004
v 29.000000 6.250000 28.125000
v 29.000004 7.125000 1.875000
v 29.000004 7.125001 2.750000
v 29.000004 7.125001 3.625000
v 29.000004 7.125000 4.500000
v 29.000000 7.125001 5.375001
v 29.000000 7.125001 6.250001
v 29.000008 7.125000 7.125000
v 29.000004 7.125000 8.000001
v 29.000008 7.125001 8.875002
v 29.000004 7.125000 9.750001
v 29.000004 7.125001 10.625000
v 29.000000 7.125001 11.500000
v 29.000008 7.125000 12.375000
v 29.000004 7.125000 13.250001
v 29.000000 7.125001 14.125000
v 29.000000 7.125000 15.000000
v 29.000000 7.125000 15.875002
v 29.000004 7.125000 16.750002
v 29.000004 7.125000 17.625004
v 29.000004 7.125001 18.500002
v 29.000000 7.125000 19.375002
v 29.000004 7.125000 20.250004
v 29.000004 7.125001 21.125000
v 29.000004 7.125000 22.000004
v 29.000008 7.125000 22.875002
v 29.000004 7.125001 23.750002
v 29.000000 7.125000 24.625002
v 29.000000 7.125000 25.500004
v 29.000000 7.125000 26.375002
v 29.000004 7.125001 27.250002
v 29.000004 7.125000 28.125004
v 29.000004 8.000001 1.875000
v 29.000000 8.000000 2.750000
v 29.000000 8.000000 3.625000
v 29.000004 8.000001 4.500000
v 29.000000 8.000001 5.375000
v 29.000000 8.000000 6.250001
v 29.000004 8.000001 7.125000
v 29.000000 8.000001 8.000001
v 29.000000 8.000000 8.875001
v 29.000004 8.000001 9.750001
v 29.000000 8.000001 10.625001
v 29.000000 8.000000 11.500001
v 29.000004 8.000001 12.375001
v 29.000000 8.000001 13.250001
v 29.000000 8.000000 14.125001
v 29.000004 8.000001 15.000002
v 29.000000 8.000001 15.875000
v 29.000004 8.000001 16.750002
v 29.000004 8.000001 17.625000
v 29.000004 8.000001 18.500002
v 29.000004 8.000001 19.375004
v 29.000004 8.000001 20.250002
v 29.000004 8.000001 21.125002
v 29.000004 8.000000 22.000002
v 29.000004 8.000001 22.875000
v 29.000004 8.000001 23.750002
v 29.000004 8.000000 24.625004
v 29.000004 8.000001 25.500000
v 29.000004 8.000001 26.375002
v 29.000004 8.000000 27.250002
v 29.000004 8.000001 28.125000
v 29.000000 8.875002 1.875000
v 29.000004 8.875001 2.750000
v 29.000004 8.875000 3.625000
v 29.000000 8.875000 4.500001
v 29.000004 8.875002 5.375001
v 29.000004 8.875001 6.250000
v 29.000004 8.875000 7.125001
v 29.000004 8.875001 8.000001
v 29.000004 8.875002 8.875002
v 29.000004 8.875001 9.750001
v 29.000004 8.875002 10.625002
v 29.000004 8.875000 11.500000
v 29.000004 8.875002 12.375001
v 29.000004 8.875000 13.250000
v 29.000000 8.875000 14.125002
v 29.000004 8.875001 15.000000
v 29.000004 8.875000 15.875002
v 29.000000 8.875001 16.750000
v 29.000004 8.875001 17.625000
v 29.000004 8.875000 18.500002
v 29.000000 8.875001 19.375004
v 29.000004 8.875001 20.250002
v 29.000004 8.875002 21.125002
v 29.000004 8.875001 22.000004
v 29.000004 8.875000 22.875004
v 29.000004 8.875001 23.750002
v 29.000004 8.875000 24.625000
v 29.000000 8.875000 25.500002
v 29.000004 8.875000 26.375002
v 29.000004 8.875001 27.250002
v 29.000000 8.875002 28.125000
v 29.000004 9.750001 1.875000
v 29.000004 9.750000 2.750000
v 29.000000 9.750001 3.625000
v 29.000000 9.750001 4.500000
v 29.000004 9.750001 5.375000
v 29.000000 9.750001 6.250001
v 29.000004 9.750001 7.125000
v 29.000004 9.750001 8.000001
v 29.000000 9.750001 8.875001
v 29.000004 9.750001 9.750001
v 29.000004 9.750000 10.625001
v 29.000000 9.750001 11.500000
v 29.000004 9.750002 12.375001
v 29.000004 9.750000 13.250001
v 29.000000 9.750000 14.125000
v 29.000004 9.750001 15.000000
v 29.000004 9.750000 15.875002
v 29.000004 9.750000 16.750002
v 29.000004 9.750002 17.625004
v 29.000004 9.750001 18.500002
v 29.000000 9.750001 19.375002
v 29.000000 9.750002 20.250004
v 29.000004 9.750001 21.125002
v 29.000004 9.750001 22.000004
v 29.000000 9.750001 22.875004
v 29.000004 9.750001 23.750002
v 29.000004 9.750001 24.625004
v 29.000000 9.750001 25.500004
v 29.000000 9.750001 26.375002
v 29.000000 9.750000 27.250002
v 29.000000 9.750002 28.125004
v 29.000000 10.625001 1.875000
v 29.000000 10.625000 2.750000
v 29.000004 10.625001 3.625000
v 29.000004 10.625000 4.500000
v 29.000004 10.625000 5.375000
v 29.000004 10.625001 6.250000
v 28.999998 10.625001 7.125001
v 29.000000 10.625001 8.000001
v 29.000004 10.625001 8.875001
v 29.000004 10.625000 9.750001
v 29.000004 10.625001 10.625001
v 29.000004 10.625001 11.500001
v 29.000000 10.625001 12.375001
v 29.000000 10.625001 13.250001
v 29.000004 10.625001 14.125001
v 29.000000 10.625000 15.000002
v 29.000000 10.625001 15.875002
v 29.000004 10.625001 16.750000
v 29.000000 10.625001 17.625002
v 29.000004 10.625001 18.500002
v 29.000004 10.625000 19.375002
v 29.000004 10.625000 20.250000
v 29.000004 10.625001 21.125002
v 29.000004 10.625001 22.000004
v 29.000000 10.625001 22.875000
v 29.000004 10.625001 23.750002
v 29.000004 10.625000 24.625002
v 29.000004 10.625000 25.500000
v 29.000004 10.625001 26.375004
v 29.000000 10.625000 27.250000
v 29.000000 10.625001 28.125004
v 29.000000 11.500000 1.875000
v 29.000000 11.500000 2.750000
v 29.000004 11.500001 3.625000
v 29.000000 11.500000 4.500001
v 29.000004 11.500001 5.375000
v 29.000000 11.500001 6.250000
v 29.000000 11.500000 7.125001
v 29.000004 11.500001 8.000001
v 29.000000 11.500000 8.875000
v 29.000000 11.500000 9.750001
v 29.000004 11.500001 10.625001
v 29.000000 11.500000 11.500000
v 29.000004 11.500001 12.375001
v 29.000004 11.500001 13.250001
v 29.000000 11.500000 14.125000
v 29.000004 11.500001 15.000000
v 29.000000 11.500000 15.875000
v 29.000000 11.500001 16.750002
v 29.000004 11.500001 17.625002
v 29.000000 11.500000 18.500002
v 29.000004 11.500001 19.375004
v 29.000004 11.500000 20.250000
v 29.000000 11.500000 21.125002
v 29.000004 11.500001 22.000004
v 29.000004 11.500000 22.875002
v 29.000004 11.500001 23.750002
v 29.000004 11.500001 24.625004
v 29.000000 11.500000 25.500002
v 29.000004 11.500001 26.375004
v 29.000000 11.500000 27.250000
v 29.000000 11.500000 28.125000
v 29.000004 12.375000 1.875000
v 29.000004 12.375000 2.750000
v 29.000000 12.375000 3.625000
v 29.000000 12.375001 4.500000
v 29.000004 12.375001 5.375001
v 29.000004 12.375002 6.250001
v 29.000004 12.375001 7.125000
v 29.000004 12.375001 8.000001
v 29.000008 12.375002 8.875002
v 29.000004 12.375001 9.750001
v 28.999998 12.375001 10.625000
v 29.000004 12.375001 11.500001
v 29.000004 12.375000 12.375001
v 29.000004 12.375000 13.250001
v 29.000000 12.375002 14.125002
v 29.000004 12.375001 15.000000
v 29.000004 12.375001 15.875000
v 29.000000 12.375000 16.750002
v 29.000004 12.375000 17.625002
v 29.000004 12.375001 18.500002
v 29.000004 12.375001 19.375002
v 29.000000 12.375002 20.250004
v 29.000000 12.375001 21.125002
v 29.000004 12.375001 22.000002
v 29.000004 12.375000 22.875004
v 29.000004 12.375002 23.750002
v 29.000000 12.375001 24.625002
v 29.000000 12.375001 25.500004
v 29.000004 12.375001 26.375000
v 29.000000 12.375000 27.250002
v 29.000004 12.375000 28.125002
v 29.000004 13.250002 1.875000
v 29.000000 13.250000 2.750000
v 29.000004 13.250001 3.625000
v 29.000004 13.250000 4.500000
v 29.000000 13.250001 5.375000
v 29.000000 13.250001 6.250001
v 29.000004 13.250002 7.125001
v 29.000000 13.250001 8.000001
v 29.000000 13.250001 8.875001
v 29.000004 13.250002 9.750001
v 29.000000 13.250002 10.625001
v 29.000000 13.250001 11.500001
v 29.000004 13.250001 12.375001
v 29.000000 13.250002 13.250001
v 29.000000 13.250001 14.125001
v 29.000000 13.250000 15.000002
v 29.000000 13.250000 15.875000
v 29.000004 13.250001 16.750000
v 29.000000 13.250001 17.625000
v 29.000004 13.250001 18.500002
v 29.000004 13.250001 19.375000
v 29.000004 13.250000 20.250000
v 29.000004 13.250001 21.125002
v 29.000004 13.250001 22.000004
v 29.000004 13.250000 22.875000
v 29.000004 13.250001 23.750002
v 29.000004 13.250001 24.625000
v 29.000004 13.250000 25.500000
v 29.000004 13.250001 26.375004
v 29.000000 13.250000 27.250000
v 29.000004 13.250000 28.125002
v 29.000004 14.125000 1.875000
v 29.000000 14.125000 2.750000
v 29.000000 14.125000 3.625000
v 29.000000 14.125000 4.500000
v 29.000004 14.125000 5.375000
v 29.000000 14.125000 6.250000
v 29.000000 14.125000 7.125000
v 29.000000 14.125001 8.000000
v 29.000000 14.125000 8.875000
v 29.000000 14.125000 9.750001
v 29.000004 14.125003 10.625001
v 29.000000 14.125000 11.500000
v 29.000000 14.125002 12.375002
v 29.000000 14.125001 13.250001
v 29.000004 14.125000 14.125000
v 29.000000 14.125001 15.000000
v 29.000000 14.125002 15.875002
v 29.000000 14.125000 16.750002
v 29.000000 14.125002 17.625002
v 29.000000 14.125000 18.500000
v 29.000004 14.125002 19.375002
v 29.000004 14.125000 20.250000
v 29.000000 14.125000 21.125000
v 29.000000 14.125001 22.000000
v 29.000000 14.125000 22.875000
v 29.000000 14.125000 23.750000
v 29.000004 14.125000 24.625002
v 29.000000 14.125000 25.500000
v 29.000004 14.125002 26.375002
v 29.000000 14.125000 27.250000
v 29.000004 14.125000 28.125000
v 29.000004 15.000000 1.875000
v 29.000004 15.000000 2.750000
v 29.000000 15.000000 3.625000
v 29.000004 15.000002 4.500000
v 29.000004 15.000002 5.375000
v 29.000000 15.000002 6.250000
v 29.000000 15.000002 7.125000
v 29.000004 15.000002 8.000001
v 29.000000 15.000002 8.875001
v 29.000000 15.000002 9.750001
v 29.000004 15.000000 10.625001
v 29.000000 15.000002 11.500000
v 29.000000 15.000002 12.375001
v 29.000004 15.000000 13.250002
v 29.000000 15.000000 14.125000
v 29.000000 15.000002 15.000000
v 29.000004 15.000000 15.875002
v 29.000000 15.000002 16.750000
v 29.000000 15.000002 17.625002
v 29.000004 15.000002 18.500002
v 29.000000 15.000002 19.375000
v 29.000000 15.000002 20.250004
v 29.000004 15.000002 21.125002
v 29.000004 15.000002 22.000004
v 29.000000 15.000002 22.875004
v 29.000000 15.000002 23.750002
v 29.000004 15.000002 24.625002
v 29.000004 15.000002 25.500004
v 29.000000 15.000000 26.375002
v 29.000000 15.000000 27.250002
v 29.000000 15.000002 28.125004
v 29.000004 15.875000 1.875000
v 29.000000 15.875000 2.750000
v 29.000004 15.875000 3.625000
v 29.000000 15.875002 4.500000
v 29.000004 15.875002 5.375000
v 29.000000 15.875000 6.250000
v 29.000000 15.875000 7.125000
v 29.000000 15.875000 8.000001
v 29.000000 15.875002 8.875000
v 29.000000 15.875002 9.750001
v 29.000004 15.875002 10.625000
v 29.000000 15.875000 11.500000
v 29.000000 15.875000 12.375001
v 28.999998 15.875002 13.250001
v 29.000004 15.875000 14.125000
v 29.000000 15.875002 15.000000
v 29.000000 15.875000 15.875002
v 28.999998 15.875000 16.750000
v 29.000000 15.875000 17.625004
v 29.000000 15.875000 18.500000
v 29.000004 15.875002 19.375002
v 29.000000 15.875000 20.250000
v 29.000000 15.875000 21.125000
v 29.000000 15.875002 22.000000
v 29.000000 15.875002 22.875002
v 29.000000 15.875000 23.750000
v 29.000000 15.875000 24.625000
v 29.000000 15.875000 25.500000
v 29.000004 15.875002 26.375004
v 28.999998 15.875000 27.250000
v 29.000000 15.875000 28.125000
v 29.000000 16.750002 1.875000
v 28.999998 16.750000 2.750000
v 29.000004 16.750000 3.625000
v 29.000004 16.750002 4.500000
v 29.000000 16.750000 5.375000
v 29.000004 16.750002 6.250001
v 29.000004 16.750002 7.125001
v 29.000000 16.750000 8.000001
v 29.000000 16.750002 8.875001
v 29.000004 16.750002 9.750001
v 29.000000 16.750000 10.625001
v 29.000000 16.750002 11.500000
v 29.000004 16.750002 12.375001
v 29.000000 16.750000 13.250001
v 29.000000 16.750002 14.125000
v 29.000000 16.750002 15.000002
v 29.000004 16.750000 15.875000
v 29.000004 16.750000 16.750000
v 29.000000 16.750002 17.625002
v 29.000004 16.750000 18.500000
v 29.000004 16.750000 19.375000
v 29.000004 16.750002 20.250002
v 29.000004 16.750000 21.125000
v 29.000004 16.750002 22.000002
v 29.000004 16.750002 22.875002
v 29.000004 16.750000 23.750000
v 29.000004 16.750002 24.625002
v 29.000004 16.750002 25.500002
v 29.000004 16.750000 26.375004
v 29.000004 16.750002 27.250002
v 29.000004 16.750002 28.125002
v 29.000004 17.625002 1.875000
v 29.000004 17.625002 2.750000
v 29.000004 17.625002 3.625000
v 29.000000 17.625002 4.500000
v 29.000004 17.625002 5.375000
v 29.000004 17.625002 6.250001
v 29.000004 17.625004 7.125000
v 29.000004 17.625002 8.000001
v 29.000004 17.625002 8.875001
v 29.000004 17.625002 9.750002
v 29.000000 17.625002 10.625001
v 29.000004 17.625002 11.500000
v 29.000004 17.625002 12.375000
v 29.000004 17.625000 13.250002
v 29.000004 17.625002 14.125002
v 29.000004 17.625002 15.000002
v 29.000004 17.625000 15.875002
v 29.000000 17.625002 16.750000
v 29.000004 17.625000 17.625000
v 29.000004 17.625002 18.500002
v 29.000004 17.625004 19.375002
v 29.000004 17.625004 20.250002
v 29.000004 17.625000 21.125000
v 29.000000 17.625002 22.000004
v 29.000004 17.625002 22.875002
v 29.000000 17.625002 23.750002
v 29.000004 17.625002 24.625000
v 29.000000 17.625002 25.500004
v 29.000004 17.625004 26.375002
v 29.000000 17.625000 27.250004
v 29.000004 17.625000 28.125000
v 29.000000 18.500002 1.875000
v 29.000000 18.500000 2.750000
v 29.000004 18.500002 3.625000
v 29.000000 18.500002 4.500001
v 29.000004 18.500002 5.375000
v 29.000004 18.500002 6.250000
v 29.000000 18.500002 7.125001
v 29.000004 18.500002 8.000001
v 29.000000 18.500000 8.875000
v 29.000000 18.500002 9.750001
v 29.000004 18.500002 10.625001
v 29.000000 18.500000 11.500000
v 29.000004 18.500002 12.375001
v 29.000004 18.500002 13.250001
v 29.000000 18.500000 14.125000
v 29.000000 18.500002 15.000002
v 29.000000 18.500000 15.875000
v 28.999998 18.500002 16.750000
v 29.000004 18.500002 17.625002
v 29.000000 18.500000 18.500000
v 29.000004 18.500004 19.375004
v 29.000000 18.500000 20.250002
v 29.000000 18.500002 21.125002
v 29.000004 18.500002 22.000004
v 29.000000 18.500000 22.875002
v 29.000000 18.500002 23.750000
v 29.000000 18.500002 24.625000
v 29.000000 18.500000 25.500000
v 29.000000 18.500002 26.375000
v 29.000000 18.500000 27.250000
v 29.000000 18.500000 28.125000
v 29.000004 19.375002 1.875000
v 29.000000 19.375000 2.750000
v 29.000004 19.375002 3.625000
v 29.000004 19.375002 4.500000
v 29.000004 19.375000 5.375000
v 29.000004 19.375000 6.250000
v 29.000000 19.375002 7.125001
v 29.000000 19.375000 8.000001
v 29.000004 19.375002 8.875001
v 29.000004 19.375004 9.750001
v 29.000004 19.375002 10.625001
v 29.000004 19.375002 11.500001
v 29.000004 19.375002 12.375001
v 29.000000 19.375000 13.250001
v 29.000004 19.375002 14.125001
v 29.000004 19.375002 15.000002
v 29.000000 19.375002 15.875002
v 29.000004 19.375002 16.750000
v 29.000000 19.375004 17.625002
v 29.000004 19.375004 18.500000
v 29.000004 19.375002 19.375002
v 29.000004 19.375002 20.250002
v 29.000004 19.375004 21.125004
v 29.000004 19.375002 22.000004
v 29.000004 19.375002 22.875002
v 29.000004 19.375002 23.750002
v 29.000004 19.375000 24.625002
v 29.000004 19.375002 25.500002
v 29.000004 19.375002 26.375004
v 29.000004 19.375002 27.250004
v 29.000004 19.375004 28.125004
v 29.000004 20.250002 1.875000
v 29.000004 20.250002 2.750000
v 29.000004 20.250002 3.625000
v 29.000000 20.250002 4.500000
v 29.000004 20.250002 5.375000
v 29.000004 20.250002 6.250001
v 29.000004 20.250004 7.125000
v 29.000004 20.250002 8.000001
v 29.000004 20.250002 8.875001
v 29.000004 20.250002 9.750002
v 29.000004 20.250000 10.625002
v 29.000004 20.250002 11.500000
v 29.000004 20.250004 12.375002
v 29.000004 20.250000 13.250000
v 29.000004 20.250000 14.125000
v 29.000004 20.250002 15.000002
v 29.000000 20.250002 15.875002
v 29.000004 20.250004 16.750002
v 29.000004 20.250004 17.625002
v 29.000000 20.250002 18.500002
v 29.000000 20.250002 19.375002
v 29.000004 20.250004 20.250002
v 29.000000 20.250002 21.125002
v 29.000000 20.250002 22.000004
v 29.000004 20.250002 22.875002
v 29.000000 20.250002 23.750002
v 29.000000 20.250002 24.625004
v 29.000000 20.250002 25.500002
v 29.000000 20.250002 26.375002
v 29.000000 20.250000 27.250004
v 29.000000 20.250002 28.125004
v 29.000000 21.125002 1.875000
v 29.000004 21.125000 2.750000
v 29.000000 21.125002 3.625000
v 29.000000 21.125002 4.500001
v 29.000004 21.125004 5.375000
v 29.000004 21.125002 6.250000
v 29.000000 21.125004 7.125001
v 29.000004 21.125002 8.000001
v 29.000004 21.125002 8.875001
v 29.000004 21.125002 9.750001
v 29.000004 21.125004 10.625000
v 29.000000 21.125000 11.500000
v 29.000000 21.125002 12.375000
v 28.999998 21.125000 13.250001
v 29.000000 21.125000 14.125000
v 29.000004 21.125002 15.000002
v 29.000004 21.125000 15.875002
v 29.000004 21.125002 16.750002
v 29.000004 21.125000 17.625002
v 29.000000 21.125000 18.500000
v 29.000000 21.125000 19.375004
v 29.000004 21.125002 20.250002
v 29.000004 21.125004 21.125000
v 29.000004 21.125002 22.000004
v 29.000000 21.125004 22.875004
v 29.000004 21.125004 23.750004
v 29.000000 21.125000 24.625002
v 29.000000 21.125000 25.500002
v 29.000004 21.125004 26.375004
v 29.000000 21.125004 27.250002
v 29.000000 21.125000 28.125002
v 29.000004 22.000002 1.875000
v 29.000004 22.000002 2.750000
v 29.000004 22.000002 3.625000
v 29.000004 22.000004 4.500000
v 29.000004 22.000002 5.375000
v 29.000004 22.000004 6.250001
v 29.000004 22.000004 7.125000
v 29.000000 22.000000 8.000000
v 29.000000 22.000002 8.875001
v 29.000004 22.000004 9.750001
v 29.000000 22.000004 10.625001
v 29.000004 22.000002 11.500001
v 29.000004 22.000004 12.375001
v 29.000000 22.000000 13.250001
v 29.000000 22.000002 14.125001
v 29.000004 22.000004 15.000002
v 29.000004 22.000002 15.875000
v 29.000004 22.000002 16.750002
v 29.000004 22.000004 17.625002
v 29.000004 22.000004 18.500002
v 29.000004 22.000004 19.375002
v 29.000004 22.000004 20.250004
v 29.000004 22.000004 21.125002
v 29.000004 22.000000 22.000000
v 29.000004 22.000002 22.875002
v 29.000004 22.000002 23.750000
v 29.000004 22.000004 24.625004
v 29.000000 22.000002 25.500002
v 29.000004 22.000002 26.375004
v 29.000004 22.000004 27.250004
v 29.000000 22.000000 28.125000
v 29.000004 22.875004 1.875000
v 29.000004 22.875002 2.750000
v 29.000004 22.875002 3.625000
v 29.000004 22.875004 4.500000
v 29.000000 22.875002 5.375000
v 29.000000 22.875002 6.250001
v 29.000004 22.875002 7.125001
v 29.000004 22.875004 8.000000
v 29.000004 22.875004 8.875002
v 29.000004 22.875002 9.750002
v 29.000004 22.875004 10.625001
v 29.000000 22.875002 11.500000
v 29.000000 22.875002 12.375001
v 29.000004 22.875000 13.250002
v 29.000004 22.875002 14.125000
v 29.000004 22.875002 15.000002
v 29.000000 22.875002 15.875000
v 29.000004 22.875004 16.750002
v 29.000000 22.875002 17.625002
v 29.000000 22.875002 18.500002
v 29.000004 22.875002 19.375002
v 29.000004 22.875002 20.250002
v 29.000004 22.875002 21.125004
v 29.000004 22.875002 22.000002
v 29.000004 22.875004 22.875004
v 29.000000 22.875002 23.750002
v 29.000004 22.875000 24.625002
v 29.000004 22.875002 25.500002
v 29.000004 22.875004 26.375004
v 29.000000 22.875002 27.250004
v 29.000000 22.875002 28.125002
v 29.000004 23.750002 1.875000
v 29.000000 23.750000 2.750000
v 29.000000 23.750000 3.625000
v 29.000004 23.750002 4.500000
v 29.000004 23.750002 5.375000
v 29.000004 23.750002 6.250000
v 29.000004 23.750004 7.125001
v 29.000004 23.750002 8.000001
v 29.000004 23.750004 8.875001
v 29.000004 23.750002 9.750001
v 29.000004 23.750002 10.625001
v 29.000004 23.750002 11.500001
v 29.000004 23.750002 12.375002
v 29.000004 23.750002 13.250001
v 29.000000 23.750000 14.125001
v 29.000000 23.750002 15.000002
v 29.000000 23.750000 15.875000
v 29.000004 23.750004 16.750002
v 29.000004 23.750002 17.625002
v 29.000000 23.750000 18.500000
v 29.000004 23.750004 19.375002
v 29.000000 23.750002 20.250002
v 29.000004 23.750004 21.125004
v 29.000004 23.750004 22.000004
v 29.000000 23.750002 22.875002
v 29.000004 23.750004 23.750004
v 29.000004 23.750002 24.625002
v 29.000000 23.750002 25.500000
v 29.000004 23.750004 26.375004
v 29.000000 23.750002 27.250002
v 29.000000 23.750004 28.125004
v 29.000004 24.625004 1.875000
v 29.000004 24.625002 2.750000
v 29.000004 24.625004 3.625000
v 29.000004 24.625004 4.500000
v 29.000000 24.625002 5.375000
v 29.000004 24.625004 6.250000
v 29.000004 24.625002 7.125000
v 29.000004 24.625004 8.000001
v 29.000004 24.625002 8.875000
v 29.000004 24.625004 9.750001
v 29.000004 24.625002 10.625002
v 29.000000 24.625002 11.500001
v 29.000004 24.625002 12.375001
v 29.000000 24.625000 13.250001
v 29.000000 24.625002 14.125002
v 29.000004 24.625004 15.000002
v 29.000004 24.625002 15.875002
v 29.000004 24.625002 16.750000
v 29.000004 24.625002 17.625002
v 29.000004 24.625004 18.500002
v 29.000000 24.625002 19.375002
v 29.000004 24.625004 20.250002
v 29.000000 24.625002 21.125002
v 29.000004 24.625004 22.000004
v 29.000000 24.625000 22.875000
v 29.000004 24.625002 23.750002
v 29.000000 24.625002 24.625002
v 29.000000 24.625002 25.500002
v 29.000004 24.625004 26.375004
v 29.000000 24.625002 27.250002
v 29.000004 24.625004 28.125004
v 29.000000 25.500002 1.875000
v 29.000004 25.500002 2.750000
v 29.000000 25.500000 3.625000
v 29.000004 25.500004 4.500000
v 29.000004 25.500002 5.375000
v 29.000000 25.500000 6.250000
v 29.000004 25.500004 7.125000
v 29.000004 25.500002 8.000000
v 29.000000 25.500002 8.875000
v 29.000004 25.500002 9.750001
v 29.000004 25.500002 10.625000
v 29.000000 25.500002 11.500000
v 29.000004 25.500002 12.375001
v 29.000004 25.500000 13.250000
v 29.000000 25.500000 14.125000
v 29.000004 25.500004 15.000002
v 29.000000 25.500002 15.875000
v 29.000004 25.500002 16.750002
v 29.000000 25.500002 17.625002
v 29.000000 25.500002 18.500002
v 29.000004 25.500002 19.375002
v 29.000000 25.500002 20.250002
v 29.000000 25.500002 21.125002
v 29.000004 25.500002 22.000002
v 29.000004 25.500002 22.875002
v 29.000000 25.500002 23.750002
v 29.000000 25.500002 24.625002
v 29.000000 25.500002 25.500002
v 29.000000 25.500002 26.375002
v 29.000000 25.500002 27.250002
v 29.000000 25.500000 28.125000
v 29.000000 26.375000 1.875000
v 29.000000 26.375000 2.750000
v 29.000004 26.375002 3.625000
v 29.000004 26.375002 4.500000
v 29.000004 26.375002 5.375001
v 29.000004 26.375004 6.250001
v 29.000004 26.375004 7.125001
v 29.000004 26.375002 8.000001
v 29.000004 26.375004 8.875000
v 29.000004 26.375002 9.750001
v 29.000004 26.375004 10.625001
v 29.000004 26.375002 11.500001
v 29.000004 26.375004 12.375001
v 29.000004 26.375004 13.250001
v 29.000004 26.375002 14.125002
v 29.000000 26.375002 15.000002
v 29.000004 26.375004 15.875000
v 29.000004 26.375004 16.750000
v 29.000000 26.375002 17.625002
v 29.000004 26.375004 18.500002
v 29.000004 26.375004 19.375002
v 29.000004 26.375002 20.250002
v 29.000000 26.375002 21.125002
v 29.000000 26.375004 22.000002
v 29.000000 26.375002 22.875000
v 29.000000 26.375002 23.750002
v 29.000004 26.375004 24.625004
v 29.000000 26.375000 25.500000
v 29.000004 26.375004 26.375004
v 29.000000 26.375002 27.250002
v 29.000004 26.375002 28.125002
v 29.000000 27.250002 1.875000
v 29.000004 27.250002 2.750000
v 29.000004 27.250004 3.625000
v 29.000004 27.250004 4.500000
v 29.000004 27.250002 5.375000
v 29.000004 27.250004 6.250000
v 29.000004 27.250004 7.125000
v 29.000004 27.250004 8.000001
v 29.000004 27.250004 8.875001
v 29.000004 27.250004 9.750001
v 29.000004 27.250004 10.625001
v 29.000000 27.250000 11.500000
v 29.000004 27.250004 12.375001
v 29.000004 27.250004 13.250001
v 29.000000 27.250000 14.125000
v 29.000004 27.250004 15.000002
v 29.000000 27.250000 15.875000
v 29.000000 27.250000 16.750000
v 29.000004 27.250002 17.625002
v 29.000000 27.250002 18.500002
v 29.000000 27.250000 19.375000
v 29.000000 27.250002 20.250002
v 29.000004 27.250002 21.125002
v 29.000004 27.250002 22.000002
v 29.000000 27.250002 22.875002
v 29.000000 27.250002 23.750002
v 29.000000 27.250002 24.625002
v 29.000000 27.250002 25.500002
v 29.000000 27.250002 26.375002
v 29.000000 27.250002 27.250002
v 29.000000 27.250002 28.125002
v 29.000004 28.125000 1.875000
v 29.000004 28.125000 2.750000
v 29.000000 28.125002 3.625000
v 29.000004 28.125000 4.500000
v 29.000004 28.125002 5.375000
v 29.000004 28.125002 6.250000
v 29.000004 28.125002 7.125000
v 29.000000 28.125000 8.000000
v 29.000000 28.125000 8.875000
v 29.000004 28.125004 9.750001
v 29.000008 28.125006 10.625002
v 29.000000 28.125000 11.500000
v 29.000004 28.125002 12.375000
v 29.000004 28.125002 13.250002
v 29.000000 28.125002 14.125000
v 29.000004 28.125004 15.000000
v 29.000000 28.125000 15.875000
v 29.000004 28.125004 16.750002
v 29.000004 28.125004 17.625000
v 29.000000 28.125000 18.500000
v 29.000000 28.125002 19.375002
v 29.000000 28.125002 20.250002
v 29.000000 28.125002 21.125000
v 29.000000 28.125002 22.000002
v 29.000000 28.125002 22.875002
v 29.000000 28.125002 23.750002
v 29.000004 28.125004 24.625004
v 29.000000 28.125000 25.500000
v 29.000000 28.125002 26.375002
v 29.000000 28.125000 27.250000
v 29.000000 28.125000 28.125000
vn -0.0000 -0.0000 1.0000
vn -1.0000 -0.0000 -0.0000
vn -0.0000 -1.0000 -0.0000
vn -0.0000 -0.0000 -1.0000
vn -0.0000 1.0000 -0.0000
vn 1.0000 -0.0000 -0.0000
vt 0.632812 0.507812
vt 0.640625 0.507812
vt 0.640625 0.515625
vt 0.632813 0.515625
vt 0.648438 0.507813
vt 0.648438 0.515625
vt 0.656250 0.507812
vt 0.656250 0.515625
vt 0.664063 0.507813
vt 0.664063 0.515625
vt 0.671875 0.507812
vt 0.671875 0.515625
vt 0.679688 0.507813
vt 0.679688 0.515625
vt 0.687500 0.507813
vt 0.687500 0.515625
vt 0.695313 0.507813
vt 0.695313 0.515625
vt 0.703125 0.507813
vt 0.703125 0.515625
vt 0.710938 0.507813
vt 0.710938 0.515625
vt 0.718750 0.507812
vt 0.718750 0.515625
vt 0.726563 0.507812
vt 0.726563 0.515625
vt 0.734375 0.507813
vt 0.734375 0.515625
vt 0.742188 0.507812
vt 0.742187 0.515625
vt 0.750000 0.507812
vt 0.750000 0.515625
vt 0.757812 0.507812
vt 0.757813 0.515625
vt 0.765625 0.507812
vt 0.765625 0.515625
vt 0.773438 0.507813
vt 0.773438 0.515625
vt 0.781250 0.507812
vt 0.781250 0.515625
vt 0.789063 0.507813
vt 0.789062 0.515625
vt 0.796875 0.507813
vt 0.796875 0.515625
vt 0.804688 0.507812
vt 0.804688 0.515625
vt 0.812500 0.507813
vt 0.812500 0.515625
vt 0.820313 0.507813
vt 0.820313 0.515625
vt 0.828125 0.507813
vt 0.828125 0.515625
vt 0.835938 0.507813
vt 0.835938 0.515625
vt 0.843750 0.507812
vt 0.843750 0.515625
vt 0.851562 0.507813
vt 0.851563 0.515625
vt 0.859375 0.507812
vt 0.859375 0.515625
vt 0.867188 0.507812
vt 0.867188 0.515625
vt 0.640625 0.523438
vt 0.632812 0.523438
vt 0.648438 0.523438
vt 0.656250 0.523438
vt 0.664063 0.523438
vt 0.671875 0.523438
vt 0.679688 0.523438
vt 0.687500 0.523438
vt 0.695312 0.523438
vt 0.703125 0.523438
vt 0.710938 0.523438
vt 0.718750 0.523438
vt 0.726562 0.523438
vt 0.734375 0.523438
vt 0.742188 0.523438
vt 0.750000 0.523438
vt 0.757813 0.523438
vt 0.765625 0.523438
vt 0.773438 0.523438
vt 0.781250 0.523438
vt 0.789062 0.523438
vt 0.796875 0.523438
vt 0.804688 0.523438
vt 0.812500 0.523438
vt 0.820313 0.523438
vt 0.828125 0.523438
vt 0.835938 0.523438
vt 0.843750 0.523438
vt 0.851563 0.523438
vt 0.859375 0.523438
vt 0.867188 0.523438
vt 0.640625 0.531250
vt 0.632812 0.531250
vt 0.648438 0.531250
vt 0.656250 0.531250
vt 0.664063 0.531250
vt 0.671875 0.531250
vt 0.679688 0.531250
vt 0.687500 0.531250
vt 0.695313 0.531250
vt 0.703125 0.531250
vt 0.710938 0.531250
vt 0.718750 0.531250
vt 0.726563 0.531250
vt 0.734375 0.531250
vt 0.742188 0.531250
vt 0.750000 0.531250
vt 0.757812 0.531250
vt 0.765625 0.531250
vt 0.773438 0.531250
vt 0.781250 0.531250
vt 0.789063 0.531250
vt 0.796875 0.531250
vt 0.804688 0.531250
vt 0.812500 0.531250
vt 0.820312 0.531250
vt 0.828125 0.531250
vt 0.835938 0.531250
vt 0.843750 0.531250
vt 0.851563 0.531250
vt 0.859375 0.531250
vt 0.867188 0.531250
vt 0.640625 0.539063
vt 0.632813 0.539063
vt 0.648438 0.539062
vt 0.656250 0.539063
vt 0.664063 0.539063
vt 0.671875 0.539063
vt 0.679688 0.539063
vt 0.687500 0.539062
vt 0.695312 0.539062
vt 0.703125 0.539063
vt 0.710938 0.539063
vt 0.718750 0.539063
vt 0.726563 0.539062
vt 0.734375 0.539063
vt 0.742188 0.539063
vt 0.750000 0.539063
vt 0.757812 0.539062
vt 0.765625 0.539063
vt 0.773438 0.539062
vt 0.781250 0.539062
vt 0.789063 0.539063
vt 0.796875 0.539063
vt 0.804688 0.539062
vt 0.812500 0.539062
vt 0.820313 0.539063
vt 0.828125 0.539062
vt 0.835938 0.539063
vt 0.843750 0.539063
vt 0.851563 0.539063
vt 0.859375 0.539063
vt 0.867188 0.539063
vt 0.640625 0.546875
vt 0.632813 0.546875
vt 0.648438 0.546875
vt 0.656250 0.546875
vt 0.664063 0.546875
vt 0.671875 0.546875
vt 0.679688 0.546875
vt 0.687500 0.546875
vt 0.695313 0.546875
vt 0.703125 0.546875
vt 0.710938 0.546875
vt 0.718750 0.546875
vt 0.726563 0.546875
vt 0.734375 0.546875
vt 0.742188 0.546875
vt 0.750000 0.546875
vt 0.757813 0.546875
vt 0.765625 0.546875
vt 0.773438 0.546875
vt 0.781250 0.546875
vt 0.789062 0.546875
vt 0.796875 0.546875
vt 0.804688 0.546875
vt 0.812500 0.546875
vt 0.820313 0.546875
vt 0.828125 0.546875
vt 0.835938 0.546875
vt 0.843750 0.546875
vt 0.851563 0.546875
vt 0.859375 0.546875
vt 0.867188 0.546875
vt 0.640625 0.554688
vt 0.632813 0.554688
vt 0.648438 0.554688
vt 0.656250 0.554688
vt 0.664063 0.554688
vt 0.671875 0.554688
vt 0.679688 0.554688
vt 0.687500 0.554688
vt 0.695313 0.554688
vt 0.703125 0.554688
vt 0.710938 0.554688
vt 0.718750 0.554688
vt 0.726562 0.554688
vt 0.734375 0.554688
vt 0.742188 0.554688
vt 0.750000 0.554687
vt 0.757813 0.554688
vt 0.765625 0.554688
vt 0.773438 0.554687
vt 0.781250 0.554688
vt 0.789063 0.554688
vt 0.796875 0.554688
vt 0.804688 0.554688
vt 0.812500 0.554688
vt 0.820313 0.554688
vt 0.828125 0.554688
vt 0.835938 0.554688
vt 0.843750 0.554688
vt 0.851563 0.554688
vt 0.859375 0.554688
vt 0.867188 0.554688
vt 0.640625 0.562500
vt 0.632813 0.562500
vt 0.648438 0.562500
vt 0.656250 0.562500
vt 0.664063 0.562500
vt 0.671875 0.562500
vt 0.679688 0.562500
vt 0.687500 0.562500
vt 0.695313 0.562500
vt 0.703125 0.562500
vt 0.710938 0.562500
vt 0.718750 0.562500
vt 0.726563 0.562500
vt 0.734375 0.562500
vt 0.742188 0.562500
vt 0.750000 0.562500
vt 0.757813 0.562500
vt 0.765625 0.562500
vt 0.773438 0.562500
vt 0.781250 0.562500
vt 0.789063 0.562500
vt 0.796875 0.562500
vt 0.804688 0.562500
vt 0.812500 0.562500
vt 0.820313 0.562500
vt 0.828125 0.562500
vt 0.835938 0.562500
vt 0.843750 0.562500
vt 0.851563 0.562500
vt 0.859375 0.562500
vt 0.867188 0.562500
vt 0.640625 0.570312
vt 0.632813 0.570313
vt 0.648438 0.570313
vt 0.656250 0.570312
vt 0.664062 0.570312
vt 0.671875 0.570312
vt 0.679688 0.570312
vt 0.687500 0.570313
vt 0.695312 0.570313
vt 0.703125 0.570313
vt 0.710938 0.570313
vt 0.718750 0.570313
vt 0.726562 0.570312
vt 0.734375 0.570312
vt 0.742188 0.570312
vt 0.750000 0.570313
vt 0.757812 0.570312
vt 0.765625 0.570313
vt 0.773438 0.570312
vt 0.781250 0.570313
vt 0.789063 0.570313
vt 0.796875 0.570313
vt 0.804688 0.570313
vt 0.812500 0.570313
vt 0.820313 0.570312
vt 0.828125 0.570313
vt 0.835938 0.570312
vt 0.843750 0.570312
vt 0.851562 0.570312
vt 0.859375 0.570312
vt 0.867188 0.570312
vt 0.640625 0.578125
vt 0.632812 0.578125
vt 0.648438 0.578125
vt 0.656250 0.578125
vt 0.664062 0.578125
vt 0.671875 0.578125
vt 0.679688 0.578125
vt 0.687500 0.578125
vt 0.695313 0.578125
vt 0.703125 0.578125
vt 0.710938 0.578125
vt 0.718750 0.578125
vt 0.726563 0.578125
vt 0.734375 0.578125
vt 0.742188 0.578125
vt 0.750000 0.578125
vt 0.757813 0.578125
vt 0.765625 0.578125
vt 0.773438 0.578125
vt 0.781250 0.578125
vt 0.789063 0.578125
vt 0.796875 0.578125
vt 0.804688 0.578125
vt 0.812500 0.578125
vt 0.820312 0.578125
vt 0.828125 0.578125
vt 0.835938 0.578125
vt 0.843750 0.578125
vt 0.851563 0.578125
vt 0.859375 0.578125
vt 0.867188 0.578125
vt 0.640625 0.585938
vt 0.632813 0.585938
vt 0.648438 0.585938
vt 0.656250 0.585938
vt 0.664063 0.585938
vt 0.671875 0.585938
vt 0.679688 0.585938
vt 0.687500 0.585937
vt 0.695313 0.585938
vt 0.703125 0.585938
vt 0.710938 0.585938
vt 0.718750 0.585938
vt 0.726562 0.585938
vt 0.734375 0.585938
vt 0.742188 0.585938
vt 0.750000 0.585938
vt 0.757812 0.585938
vt 0.765625 0.585938
vt 0.773438 0.585938
vt 0.781250 0.585938
vt 0.789062 0.585938
vt 0.796875 0.585938
vt 0.804688 0.585938
vt 0.812500 0.585938
vt 0.820313 0.585938
vt 0.828125 0.585938
vt 0.835938 0.585938
vt 0.843750 0.585938
vt 0.851563 0.585938
vt 0.859375 0.585938
vt 0.867188 0.585938
vt 0.640625 0.593750
vt 0.632812 0.593750
vt 0.648438 0.593750
vt 0.656250 0.593750
vt 0.664063 0.593750
vt 0.671875 0.593750
vt 0.679688 0.593750
vt 0.687500 0.593750
vt 0.695313 0.593750
vt 0.703125 0.593750
vt 0.710938 0.593750
vt 0.718750 0.593750
vt 0.726563 0.593750
vt 0.734375 0.593750
vt 0.742188 0.593750
vt 0.750000 0.593750
vt 0.757812 0.593750
vt 0.765625 0.593750
vt 0.773438 0.593750
vt 0.781250 0.593750
vt 0.789062 0.593750
vt 0.796875 0.593750
vt 0.804688 0.593750
vt 0.812500 0.593750
vt 0.820313 0.593750
vt 0.828125 0.593750
vt 0.835938 0.593750
vt 0.843750 0.593750
vt 0.851563 0.593750
vt 0.859375 0.593750
vt 0.867188 0.593750
vt 0.640625 0.601563
vt 0.632812 0.601562
vt 0.648438 0.601562
vt 0.656250 0.601562
vt 0.664062 0.601562
vt 0.671875 0.601563
vt 0.679688 0.601562
vt 0.687500 0.601563
vt 0.695312 0.601562
vt 0.703125 0.601563
vt 0.710938 0.601562
vt 0.718750 0.601563
vt 0.726563 0.601563
vt 0.734375 0.601563
vt 0.742188 0.601563
vt 0.750000 0.601562
vt 0.757812 0.601563
vt 0.765625 0.601562
vt 0.773438 0.601563
vt 0.781250 0.601563
vt 0.789062 0.601563
vt 0.796875 0.601563
vt 0.804688 0.601562
vt 0.812500 0.601563
vt 0.820313 0.601562
vt 0.828125 0.601563
vt 0.835938 0.601562
vt 0.843750 0.601562
vt 0.851563 0.601562
vt 0.859375 0.601563
vt 0.867188 0.601562
vt 0.640625 0.609375
vt 0.632813 0.609375
vt 0.648438 0.609375
vt 0.656250 0.609375
vt 0.664063 0.609375
vt 0.671875 0.609375
vt 0.679688 0.609375
vt 0.687500 0.609375
vt 0.695313 0.609375
vt 0.703125 0.609375
vt 0.710938 0.609375
vt 0.718750 0.609375
vt 0.726563 0.609375
vt 0.734375 0.609375
vt 0.742188 0.609375
vt 0.750000 0.609375
vt 0.757812 0.609375
vt 0.765625 0.609375
vt 0.773438 0.609375
vt 0.781250 0.609375
vt 0.789062 0.609375
vt 0.796875 0.609375
vt 0.804688 0.609375
vt 0.812500 0.609375
vt 0.820313 0.609375
vt 0.828125 0.609375
vt 0.835938 0.609375
vt 0.843750 0.609375
vt 0.851563 0.609375
vt 0.859375 0.609375
vt 0.867188 0.609375
vt 0.640625 0.617188
vt 0.632812 0.617188
vt 0.648438 0.617187
vt 0.656250 0.617188
vt 0.664062 0.617188
vt 0.671875 0.617188
vt 0.679688 0.617188
vt 0.687500 0.617188
vt 0.695312 0.617188
vt 0.703125 0.617188
vt 0.710938 0.617188
vt 0.718750 0.617188
vt 0.726563 0.617188
vt 0.734375 0.617188
vt 0.742188 0.617188
vt 0.750000 0.617188
vt 0.757812 0.617188
vt 0.765625 0.617188
vt 0.773438 0.617188
vt 0.781250 0.617188
vt 0.789063 0.617188
vt 0.796875 0.617188
vt 0.804688 0.617188
vt 0.812500 0.617188
vt 0.820313 0.617188
vt 0.828125 0.617188
vt 0.835938 0.617188
vt 0.843750 0.617188
vt 0.851563 0.617188
vt 0.859375 0.617188
vt 0.867188 0.617187
vt 0.640625 0.625000
vt 0.632812 0.625000
vt 0.648438 0.625000
vt 0.656250 0.625000
vt 0.664063 0.625000
vt 0.671875 0.625000
vt 0.679688 0.625000
vt 0.687500 0.625000
vt 0.695313 0.625000
vt 0.703125 0.625000
vt 0.710938 0.625000
vt 0.718750 0.625000
vt 0.726563 0.625000
vt 0.734375 0.625000
vt 0.742188 0.625000
vt 0.750000 0.625000
vt 0.757812 0.625000
vt 0.765625 0.625000
vt 0.773438 0.625000
vt 0.781250 0.625000
vt 0.789063 0.625000
vt 0.796875 0.625000
vt 0.804688 0.625000
vt 0.812500 0.625000
vt 0.820313 0.625000
vt 0.828125 0.625000
vt 0.835938 0.625000
vt 0.843750 0.625000
vt 0.851562 0.625000
vt 0.859375 0.625000
vt 0.867188 0.625000
vt 0.640625 0.632812
vt 0.632812 0.632812
vt 0.648438 0.632812
vt 0.656250 0.632812
vt 0.664063 0.632813
vt 0.671875 0.632812
vt 0.679688 0.632812
vt 0.687500 0.632812
vt 0.695313 0.632812
vt 0.703125 0.632813
vt 0.710938 0.632812
vt 0.718750 0.632812
vt 0.726563 0.632813
vt 0.734375 0.632812
vt 0.742188 0.632813
vt 0.750000 0.632812
vt 0.757812 0.632813
vt 0.765625 0.632812
vt 0.773438 0.632813
vt 0.781250 0.632812
vt 0.789063 0.632813
vt 0.796875 0.632813
vt 0.804688 0.632812
vt 0.812500 0.632812
vt 0.820313 0.632813
vt 0.828125 0.632813
vt 0.835938 0.632812
vt 0.843750 0.632812
vt 0.851563 0.632813
vt 0.859375 0.632812
vt 0.867188 0.632812
vt 0.640625 0.640625
vt 0.632813 0.640625
vt 0.648438 0.640625
vt 0.656250 0.640625
vt 0.664062 0.640625
vt 0.671875 0.640625
vt 0.679688 0.640625
vt 0.687500 0.640625
vt 0.695313 0.640625
vt 0.703125 0.640625
vt 0.710938 0.640625
vt 0.718750 0.640625
vt 0.726563 0.640625
vt 0.734375 0.640625
vt 0.742188 0.640625
vt 0.750000 0.640625
vt 0.757812 0.640625
vt 0.765625 0.640625
vt 0.773438 0.640625
vt 0.781250 0.640625
vt 0.789063 0.640625
vt 0.796875 0.640625
vt 0.804688 0.640625
vt 0.812500 0.640625
vt 0.820313 0.640625
vt 0.828125 0.640625
vt 0.835938 0.640625
vt 0.843750 0.640625
vt 0.851562 0.640625
vt 0.859375 0.640625
vt 0.867188 0.640625
vt 0.640625 0.648438
vt 0.632812 0.648438
vt 0.648438 0.648438
vt 0.656250 0.648438
vt 0.664063 0.648438
vt 0.671875 0.648438
vt 0.679688 0.648438
vt 0.687500 0.648438
vt 0.695313 0.648438
vt 0.703125 0.648438
vt 0.710938 0.648438
vt 0.718750 0.648438
vt 0.726562 0.648438
vt 0.734375 0.648438
vt 0.742188 0.648438
vt 0.750000 0.648438
vt 0.757813 0.648438
vt 0.765625 0.648438
vt 0.773438 0.648438
vt 0.781250 0.648438
vt 0.789063 0.648438
vt 0.796875 0.648438
vt 0.804688 0.648438
vt 0.812500 0.648438
vt 0.820312 0.648438
vt 0.828125 0.648438
vt 0.835938 0.648438
vt 0.843750 0.648438
vt 0.851563 0.648438
vt 0.859375 0.648438
vt 0.867188 0.648438
vt 0.640625 0.656250
vt 0.632812 0.656250
vt 0.648438 0.656250
vt 0.656250 0.656250
vt 0.664063 0.656250
vt 0.671875 0.656250
vt 0.679688 0.656250
vt 0.687500 0.656250
vt 0.695312 0.656250
vt 0.703125 0.656250
vt 0.710938 0.656250
vt 0.718750 0.656250
vt 0.726562 0.656250
vt 0.734375 0.656250
vt 0.742188 0.656250
vt 0.750000 0.656250
vt 0.757812 0.656250
vt 0.765625 0.656250
vt 0.773438 0.656250
vt 0.781250 0.656250
vt 0.789063 0.656250
vt 0.796875 0.656250
vt 0.804688 0.656250
vt 0.812500 0.656250
vt 0.820312 0.656250
vt 0.828125 0.656250
vt 0.835938 0.656250
vt 0.843750 0.656250
vt 0.851562 0.656250
vt 0.859375 0.656250
vt 0.867188 0.656250
vt 0.640625 0.664062
vt 0.632813 0.664062
vt 0.648438 0.664063
vt 0.656250 0.664063
vt 0.664063 0.664063
vt 0.671875 0.664063
vt 0.679688 0.664063
vt 0.687500 0.664063
vt 0.695313 0.664063
vt 0.703125 0.664063
vt 0.710938 0.664063
vt 0.718750 0.664063
vt 0.726563 0.664063
vt 0.734375 0.664063
vt 0.742188 0.664063
vt 0.750000 0.664063
vt 0.757812 0.664062
vt 0.765625 0.664063
vt 0.773438 0.664062
vt 0.781250 0.664063
vt 0.789063 0.664063
vt 0.796875 0.664063
vt 0.804688 0.664063
vt 0.812500 0.664063
vt 0.820312 0.664062
vt 0.828125 0.664063
vt 0.835938 0.664063
vt 0.843750 0.664063
vt 0.851563 0.664063
vt 0.859375 0.664063
vt 0.867188 0.664063
vt 0.640625 0.671875
vt 0.632812 0.671875
vt 0.648438 0.671875
vt 0.656250 0.671875
vt 0.664063 0.671875
vt 0.671875 0.671875
vt 0.679688 0.671875
vt 0.687500 0.671875
vt 0.695313 0.671875
vt 0.703125 0.671875
vt 0.710938 0.671875
vt 0.718750 0.671875
vt 0.726563 0.671875
vt 0.734375 0.671875
vt 0.742188 0.671875
vt 0.750000 0.671875
vt 0.757813 0.671875
vt 0.765625 0.671875
vt 0.773438 0.671875
vt 0.781250 0.671875
vt 0.789063 0.671875
vt 0.796875 0.671875
vt 0.804688 0.671875
vt 0.812500 0.671875
vt 0.820313 0.671875
vt 0.828125 0.671875
vt 0.835938 0.671875
vt 0.843750 0.671875
vt 0.851563 0.671875
vt 0.859375 0.671875
vt 0.867188 0.671875
vt 0.640625 0.679688
vt 0.632813 0.679688
vt 0.648438 0.679688
vt 0.656250 0.679688
vt 0.664063 0.679688
vt 0.671875 0.679688
vt 0.679688 0.679688
vt 0.687500 0.679688
vt 0.695313 0.679688
vt 0.703125 0.679688
vt 0.710938 0.679688
vt 0.718750 0.679688
vt 0.726562 0.679688
vt 0.734375 0.679688
vt 0.742188 0.679688
vt 0.750000 0.679688
vt 0.757813 0.679688
vt 0.765625 0.679688
vt 0.773438 0.679688
vt 0.781250 0.679688
vt 0.789063 0.679688
vt 0.796875 0.679688
vt 0.804688 0.679688
vt 0.812500 0.679688
vt 0.820313 0.679688
vt 0.828125 0.679688
vt 0.835938 0.679688
vt 0.843750 0.679688
vt 0.851563 0.679688
vt 0.859375 0.679688
vt 0.867188 0.679688
vt 0.640625 0.687500
vt 0.632813 0.687500
vt 0.648438 0.687500
vt 0.656250 0.687500
vt 0.664063 0.687500
vt 0.671875 0.687500
vt 0.679688 0.687500
vt 0.687500 0.687500
vt 0.695313 0.687500
vt 0.703125 0.687500
vt 0.710938 0.687500
vt 0.718750 0.687500
vt 0.726563 0.687500
vt 0.734375 0.687500
vt 0.742188 0.687500
vt 0.750000 0.687500
vt 0.757813 0.687500
vt 0.765625 0.687500
vt 0.773438 0.687500
vt 0.781250 0.687500
vt 0.789062 0.687500
vt 0.796875 0.687500
vt 0.804688 0.687500
vt 0.812500 0.687500
vt 0.820313 0.687500
vt 0.828125 0.687500
vt 0.835938 0.687500
vt 0.843750 0.687500
vt 0.851563 0.687500
vt 0.859375 0.687500
vt 0.867188 0.687500
vt 0.640625 0.695313
vt 0.632812 0.695313
vt 0.648438 0.695313
vt 0.656250 0.695313
vt 0.664062 0.695313
vt 0.671875 0.695312
vt 0.679688 0.695313
vt 0.687500 0.695313
vt 0.695313 0.695313
vt 0.703125 0.695313
vt 0.710938 0.695313
vt 0.718750 0.695313
vt 0.726562 0.695313
vt 0.734375 0.695313
vt 0.742188 0.695313
vt 0.750000 0.695313
vt 0.757812 0.695312
vt 0.765625 0.695312
vt 0.773438 0.695313
vt 0.781250 0.695312
vt 0.789063 0.695313
vt 0.796875 0.695313
vt 0.804688 0.695313
vt 0.812500 0.695312
vt 0.820313 0.695313
vt 0.828125 0.695313
vt 0.835938 0.695312
vt 0.843750 0.695313
vt 0.851563 0.695313
vt 0.859375 0.695312
vt 0.867188 0.695312
vt 0.640625 0.703125
vt 0.632813 0.703125
vt 0.648438 0.703125
vt 0.656250 0.703125
vt 0.664063 0.703125
vt 0.671875 0.703125
vt 0.679688 0.703125
vt 0.687500 0.703125
vt 0.695313 0.703125
vt 0.703125 0.703125
vt 0.710938 0.703125
vt 0.718750 0.703125
vt 0.726563 0.703125
vt 0.734375 0.703125
vt 0.742188 0.703125
vt 0.750000 0.703125
vt 0.757813 0.703125
vt 0.765625 0.703125
vt 0.773438 0.703125
vt 0.781250 0.703125
vt 0.789062 0.703125
vt 0.796875 0.703125
vt 0.804688 0.703125
vt 0.812500 0.703125
vt 0.820313 0.703125
vt 0.828125 0.703125
vt 0.835938 0.703125
vt 0.843750 0.703125
vt 0.851563 0.703125
vt 0.859375 0.703125
vt 0.867188 0.703125
vt 0.640625 0.710938
vt 0.632813 0.710938
vt 0.648438 0.710938
vt 0.656250 0.710938
vt 0.664063 0.710938
vt 0.671875 0.710938
vt 0.679688 0.710938
vt 0.687500 0.710938
vt 0.695313 0.710938
vt 0.703125 0.710938
vt 0.710938 0.710938
vt 0.718750 0.710938
vt 0.726563 0.710938
vt 0.734375 0.710938
vt 0.742188 0.710938
vt 0.750000 0.710938
vt 0.757813 0.710938
vt 0.765625 0.710938
vt 0.773438 0.710938
vt 0.781250 0.710938
vt 0.789062 0.710938
vt 0.796875 0.710938
vt 0.804688 0.710938
vt 0.812500 0.710938
vt 0.820313 0.710938
vt 0.828125 0.710938
vt 0.835938 0.710938
vt 0.843750 0.710938
vt 0.851563 0.710938
vt 0.859375 0.710938
vt 0.867188 0.710938
vt 0.640625 0.718750
vt 0.632812 0.718750
vt 0.648438 0.718750
vt 0.656250 0.718750
vt 0.664062 0.718750
vt 0.671875 0.718750
vt 0.679688 0.718750
vt 0.687500 0.718750
vt 0.695313 0.718750
vt 0.703125 0.718750
vt 0.710938 0.718750
vt 0.718750 0.718750
vt 0.726563 0.718750
vt 0.734375 0.718750
vt 0.742188 0.718750
vt 0.750000 0.718750
vt 0.757812 0.718750
vt 0.765625 0.718750
vt 0.773438 0.718750
vt 0.781250 0.718750
vt 0.789063 0.718750
vt 0.796875 0.718750
vt 0.804688 0.718750
vt 0.812500 0.718750
vt 0.820313 0.718750
vt 0.828125 0.718750
vt 0.835938 0.718750
vt 0.843750 0.718750
vt 0.851563 0.718750
vt 0.859375 0.718750
vt 0.867188 0.718750
vt 0.640625 0.726562
vt 0.632813 0.726563
vt 0.648438 0.726563
vt 0.656250 0.726562
vt 0.664063 0.726563
vt 0.671875 0.726563
vt 0.679688 0.726563
vt 0.687500 0.726563
vt 0.695312 0.726563
vt 0.703125 0.726562
vt 0.710938 0.726563
vt 0.718750 0.726563
vt 0.726563 0.726563
vt 0.734375 0.726563
vt 0.742188 0.726563
vt 0.750000 0.726562
vt 0.757813 0.726563
vt 0.765625 0.726563
vt 0.773438 0.726562
vt 0.781250 0.726563
vt 0.789063 0.726563
vt 0.796875 0.726563
vt 0.804688 0.726562
vt 0.812500 0.726563
vt 0.820312 0.726563
vt 0.828125 0.726562
vt 0.835938 0.726563
vt 0.843750 0.726562
vt 0.851563 0.726563
vt 0.859375 0.726563
vt 0.867188 0.726563
vt 0.640625 0.734375
vt 0.632813 0.734375
vt 0.648438 0.734375
vt 0.656250 0.734375
vt 0.664063 0.734375
vt 0.671875 0.734375
vt 0.679688 0.734375
vt 0.687500 0.734375
vt 0.695313 0.734375
vt 0.703125 0.734375
vt 0.710938 0.734375
vt 0.718750 0.734375
vt 0.726563 0.734375
vt 0.734375 0.734375
vt 0.742188 0.734375
vt 0.750000 0.734375
vt 0.757813 0.734375
vt 0.765625 0.734375
vt 0.773438 0.734375
vt 0.781250 0.734375
vt 0.789062 0.734375
vt 0.796875 0.734375
vt 0.804688 0.734375
vt 0.812500 0.734375
vt 0.820313 0.734375
vt 0.828125 0.734375
vt 0.835938 0.734375
vt 0.843750 0.734375
vt 0.851562 0.734375
vt 0.859375 0.734375
vt 0.867188 0.734375
vt 0.640625 0.742188
vt 0.632812 0.742188
vt 0.648438 0.742188
vt 0.656250 0.742188
vt 0.664063 0.742188
vt 0.671875 0.742188
vt 0.679688 0.742188
vt 0.687500 0.742188
vt 0.695313 0.742188
vt 0.703125 0.742188
vt 0.710938 0.742188
vt 0.718750 0.742188
vt 0.726563 0.742188
vt 0.734375 0.742188
vt 0.742188 0.742188
vt 0.750000 0.742188
vt 0.757813 0.742188
vt 0.765625 0.742188
vt 0.773438 0.742188
vt 0.781250 0.742188
vt 0.789063 0.742188
vt 0.796875 0.742188
vt 0.804688 0.742188
vt 0.812500 0.742188
vt 0.820313 0.742188
vt 0.828125 0.742188
vt 0.835938 0.742188
vt 0.843750 0.742188
vt 0.851562 0.742188
vt 0.859375 0.742188
vt 0.867188 0.742188
vt 0.625000 0.500000
vt 0.632812 0.500000
vt 0.625000 0.507813
vt 0.640625 0.500000
vt 0.648438 0.500000
vt 0.656250 0.500000
vt 0.664063 0.500000
vt 0.671875 0.500000
vt 0.679688 0.500000
vt 0.687500 0.500000
vt 0.695312 0.500000
vt 0.703125 0.500000
vt 0.710938 0.500000
vt 0.718750 0.500000
vt 0.726563 0.500000
vt 0.734375 0.500000
vt 0.742188 0.500000
vt 0.750000 0.500000
vt 0.757812 0.500000
vt 0.765625 0.500000
vt 0.773438 0.500000
vt 0.781250 0.500000
vt 0.789063 0.500000
vt 0.796875 0.500000
vt 0.804688 0.500000
vt 0.812500 0.500000
vt 0.820313 0.500000
vt 0.828125 0.500000
vt 0.835938 0.500000
vt 0.843750 0.500000
vt 0.851563 0.500000
vt 0.859375 0.500000
vt 0.867188 0.500000
vt 0.875000 0.500000
vt 0.875000 0.507813
vt 0.875000 0.515625
vt 0.875000 0.523438
vt 0.875000 0.531250
vt 0.875000 0.539062
vt 0.875000 0.546875
vt 0.875000 0.554688
vt 0.875000 0.562500
vt 0.875000 0.570313
vt 0.875000 0.578125
vt 0.875000 0.585938
vt 0.875000 0.593750
vt 0.875000 0.601563
vt 0.875000 0.609375
vt 0.875000 0.617188
vt 0.875000 0.625000
vt 0.875000 0.632812
vt 0.875000 0.640625
vt 0.875000 0.648438
vt 0.875000 0.656250
vt 0.875000 0.664063
vt 0.875000 0.671875
vt 0.875000 0.679688
vt 0.875000 0.687500
vt 0.875000 0.695312
vt 0.875000 0.703125
vt 0.875000 0.710938
vt 0.875000 0.718750
vt 0.875000 0.726563
vt 0.875000 0.734375
vt 0.875000 0.742188
vt 0.875000 0.750000
vt 0.867188 0.750000
vt 0.859375 0.750000
vt 0.851562 0.750000
vt 0.843750 0.750000
vt 0.835938 0.750000
vt 0.828125 0.750000
vt 0.820313 0.750000
vt 0.812500 0.750000
vt 0.804688 0.750000
vt 0.796875 0.750000
vt 0.789063 0.750000
vt 0.781250 0.750000
vt 0.773438 0.750000
vt 0.765625 0.750000
vt 0.757813 0.750000
vt 0.750000 0.750000
vt 0.742188 0.750000
vt 0.734375 0.750000
vt 0.726563 0.750000
vt 0.718750 0.750000
vt 0.710938 0.750000
vt 0.703125 0.750000
vt 0.695312 0.750000
vt 0.687500 0.750000
vt 0.679688 0.750000
vt 0.671875 0.750000
vt 0.664063 0.750000
vt 0.656250 0.750000
vt 0.648438 0.750000
vt 0.640625 0.750000
vt 0.632812 0.750000
vt 0.625000 0.742188
vt 0.625000 0.750000
vt 0.625000 0.734375
vt 0.625000 0.726562
vt 0.625000 0.718750
vt 0.625000 0.710938
vt 0.625000 0.703125
vt 0.625000 0.695312
vt 0.625000 0.687500
vt 0.625000 0.679688
vt 0.625000 0.671875
vt 0.625000 0.664063
vt 0.625000 0.656250
vt 0.625000 0.648438
vt 0.625000 0.640625
vt 0.625000 0.632812
vt 0.625000 0.625000
vt 0.625000 0.617188
vt 0.625000 0.609375
vt 0.625000 0.601563
vt 0.625000 0.593750
vt 0.625000 0.585938
vt 0.625000 0.578125
vt 0.625000 0.570313
vt 0.625000 0.562500
vt 0.625000 0.554688
vt 0.625000 0.546875
vt 0.625000 0.539062
vt 0.625000 0.531250
vt 0.625000 0.523438
vt 0.625000 0.515625
vt 0.382812 0.757812
vt 0.390625 0.757812
vt 0.390625 0.765625
vt 0.382812 0.765625
vt 0.398438 0.757813
vt 0.398438 0.765625
vt 0.406250 0.757813
vt 0.406250 0.765625
vt 0.414063 0.757813
vt 0.414063 0.765625
vt 0.421875 0.757813
vt 0.421875 0.765625
vt 0.429688 0.757813
vt 0.429688 0.765625
vt 0.437500 0.757813
vt 0.437500 0.765625
vt 0.445312 0.757813
vt 0.445312 0.765625
vt 0.453125 0.757813
vt 0.453125 0.765625
vt 0.460938 0.757813
vt 0.460938 0.765625
vt 0.468750 0.757812
vt 0.468750 0.765625
vt 0.476562 0.757813
vt 0.476563 0.765625
vt 0.484375 0.757813
vt 0.484375 0.765625
vt 0.492188 0.757812
vt 0.492188 0.765625
vt 0.500000 0.757813
vt 0.500000 0.765625
vt 0.507812 0.757812
vt 0.507812 0.765625
vt 0.515625 0.757813
vt 0.515625 0.765625
vt 0.523438 0.757813
vt 0.523438 0.765625
vt 0.531250 0.757812
vt 0.531250 0.765625
vt 0.539063 0.757813
vt 0.539063 0.765625
vt 0.546875 0.757813
vt 0.546875 0.765625
vt 0.554688 0.757813
vt 0.554688 0.765625
vt 0.562500 0.757812
vt 0.562500 0.765625
vt 0.570313 0.757813
vt 0.570313 0.765625
vt 0.578125 0.757813
vt 0.578125 0.765625
vt 0.585938 0.757812
vt 0.585938 0.765625
vt 0.593750 0.757813
vt 0.593750 0.765625
vt 0.601562 0.757813
vt 0.601563 0.765625
vt 0.609375 0.757812
vt 0.609375 0.765625
vt 0.617188 0.757812
vt 0.617188 0.765625
vt 0.390625 0.773438
vt 0.382813 0.773438
vt 0.398438 0.773438
vt 0.406250 0.773438
vt 0.414063 0.773438
vt 0.421875 0.773438
vt 0.429688 0.773438
vt 0.437500 0.773438
vt 0.445313 0.773438
vt 0.453125 0.773438
vt 0.460938 0.773438
vt 0.468750 0.773438
vt 0.476563 0.773438
vt 0.484375 0.773438
vt 0.492188 0.773437
vt 0.500000 0.773438
vt 0.507813 0.773437
vt 0.515625 0.773438
vt 0.523438 0.773438
vt 0.531250 0.773438
vt 0.539063 0.773438
vt 0.546875 0.773438
vt 0.554688 0.773438
vt 0.562500 0.773438
vt 0.570313 0.773438
vt 0.578125 0.773438
vt 0.585938 0.773438
vt 0.593750 0.773438
vt 0.601563 0.773438
vt 0.609375 0.773438
vt 0.617187 0.773438
vt 0.390625 0.781250
vt 0.382812 0.781250
vt 0.398438 0.781250
vt 0.406250 0.781250
vt 0.414063 0.781250
vt 0.421875 0.781250
vt 0.429688 0.781250
vt 0.437500 0.781250
vt 0.445312 0.781250
vt 0.453125 0.781250
vt 0.460938 0.781250
vt 0.468750 0.781250
vt 0.476562 0.781250
vt 0.484375 0.781250
vt 0.492188 0.781250
vt 0.500000 0.781250
vt 0.507813 0.781250
vt 0.515625 0.781250
vt 0.523438 0.781250
vt 0.531250 0.781250
vt 0.539062 0.781250
vt 0.546875 0.781250
vt 0.554688 0.781250
vt 0.562500 0.781250
vt 0.570313 0.781250
vt 0.578125 0.781250
vt 0.585938 0.781250
vt 0.593750 0.781250
vt 0.601563 0.781250
vt 0.609375 0.781250
vt 0.617188 0.781250
vt 0.390625 0.789063
vt 0.382813 0.789063
vt 0.398438 0.789063
vt 0.406250 0.789063
vt 0.414063 0.789063
vt 0.421875 0.789062
vt 0.429688 0.789062
vt 0.437500 0.789063
vt 0.445312 0.789062
vt 0.453125 0.789062
vt 0.460938 0.789063
vt 0.468750 0.789062
vt 0.476563 0.789062
vt 0.484375 0.789063
vt 0.492188 0.789063
vt 0.500000 0.789063
vt 0.507813 0.789063
vt 0.515625 0.789063
vt 0.523438 0.789062
vt 0.531250 0.789062
vt 0.539063 0.789063
vt 0.546875 0.789062
vt 0.554688 0.789063
vt 0.562500 0.789063
vt 0.570313 0.789062
vt 0.578125 0.789063
vt 0.585938 0.789063
vt 0.593750 0.789063
vt 0.601563 0.789063
vt 0.609375 0.789063
vt 0.617188 0.789063
vt 0.390625 0.796875
vt 0.382813 0.796875
vt 0.398438 0.796875
vt 0.406250 0.796875
vt 0.414063 0.796875
vt 0.421875 0.796875
vt 0.429688 0.796875
vt 0.437500 0.796875
vt 0.445313 0.796875
vt 0.453125 0.796875
vt 0.460938 0.796875
vt 0.468750 0.796875
vt 0.476563 0.796875
vt 0.484375 0.796875
vt 0.492188 0.796875
vt 0.500000 0.796875
vt 0.507812 0.796875
vt 0.515625 0.796875
vt 0.523438 0.796875
vt 0.531250 0.796875
vt 0.539062 0.796875
vt 0.546875 0.796875
vt 0.554688 0.796875
vt 0.562500 0.796875
vt 0.570313 0.796875
vt 0.578125 0.796875
vt 0.585938 0.796875
vt 0.593750 0.796875
vt 0.601562 0.796875
vt 0.609375 0.796875
vt 0.617188 0.796875
vt 0.390625 0.804688
vt 0.382813 0.804688
vt 0.398438 0.804688
vt 0.406250 0.804688
vt 0.414062 0.804688
vt 0.421875 0.804688
vt 0.429688 0.804688
vt 0.437500 0.804688
vt 0.445313 0.804688
vt 0.453125 0.804688
vt 0.460938 0.804688
vt 0.468750 0.804688
vt 0.476563 0.804688
vt 0.484375 0.804688
vt 0.492188 0.804688
vt 0.500000 0.804688
vt 0.507813 0.804688
vt 0.515625 0.804688
vt 0.523438 0.804688
vt 0.531250 0.804688
vt 0.539062 0.804688
vt 0.546875 0.804688
vt 0.554688 0.804688
vt 0.562500 0.804688
vt 0.570313 0.804688
vt 0.578125 0.804688
vt 0.585938 0.804688
vt 0.593750 0.804688
vt 0.601562 0.804688
vt 0.609375 0.804688
vt 0.617188 0.804688
vt 0.390625 0.812500
vt 0.382813 0.812500
vt 0.398438 0.812500
vt 0.406250 0.812500
vt 0.414063 0.812500
vt 0.421875 0.812500
vt 0.429688 0.812500
vt 0.437500 0.812500
vt 0.445312 0.812500
vt 0.453125 0.812500
vt 0.460938 0.812500
vt 0.468750 0.812500
vt 0.476563 0.812500
vt 0.484375 0.812500
vt 0.492188 0.812500
vt 0.500000 0.812500
vt 0.507813 0.812500
vt 0.515625 0.812500
vt 0.523438 0.812500
vt 0.531250 0.812500
vt 0.539063 0.812500
vt 0.546875 0.812500
vt 0.554688 0.812500
vt 0.562500 0.812500
vt 0.570312 0.812500
vt 0.578125 0.812500
vt 0.585938 0.812500
vt 0.593750 0.812500
vt 0.601563 0.812500
vt 0.609375 0.812500
vt 0.617188 0.812500
vt 0.390625 0.820313
vt 0.382812 0.820312
vt 0.398438 0.820313
vt 0.406250 0.820312
vt 0.414063 0.820313
vt 0.421875 0.820312
vt 0.429688 0.820313
vt 0.437500 0.820313
vt 0.445313 0.820313
vt 0.453125 0.820313
vt 0.460938 0.820313
vt 0.468750 0.820313
vt 0.476562 0.820312
vt 0.484375 0.820312
vt 0.492188 0.820312
vt 0.500000 0.820313
vt 0.507813 0.820312
vt 0.515625 0.820313
vt 0.523438 0.820312
vt 0.531250 0.820313
vt 0.539062 0.820313
vt 0.546875 0.820313
vt 0.554688 0.820313
vt 0.562500 0.820313
vt 0.570313 0.820313
vt 0.578125 0.820313
vt 0.585938 0.820313
vt 0.593750 0.820312
vt 0.601563 0.820313
vt 0.609375 0.820313
vt 0.617188 0.820312
vt 0.390625 0.828125
vt 0.382813 0.828125
vt 0.398438 0.828125
vt 0.406250 0.828125
vt 0.414063 0.828125
vt 0.421875 0.828125
vt 0.429688 0.828125
vt 0.437500 0.828125
vt 0.445313 0.828125
vt 0.453125 0.828125
vt 0.460938 0.828125
vt 0.468750 0.828125
vt 0.476563 0.828125
vt 0.484375 0.828125
vt 0.492188 0.828125
vt 0.500000 0.828125
vt 0.507812 0.828125
vt 0.515625 0.828125
vt 0.523438 0.828125
vt 0.531250 0.828125
vt 0.539062 0.828125
vt 0.546875 0.828125
vt 0.554688 0.828125
vt 0.562500 0.828125
vt 0.570313 0.828125
vt 0.578125 0.828125
vt 0.585938 0.828125
vt 0.593750 0.828125
vt 0.601562 0.828125
vt 0.609375 0.828125
vt 0.617188 0.828125
vt 0.390625 0.835938
vt 0.382812 0.835938
vt 0.398438 0.835938
vt 0.406250 0.835938
vt 0.414063 0.835938
vt 0.421875 0.835938
vt 0.429688 0.835937
vt 0.437500 0.835938
vt 0.445313 0.835938
vt 0.453125 0.835938
vt 0.460938 0.835938
vt 0.468750 0.835938
vt 0.476563 0.835938
vt 0.484375 0.835938
vt 0.492188 0.835938
vt 0.500000 0.835938
vt 0.507813 0.835938
vt 0.515625 0.835938
vt 0.523438 0.835938
vt 0.531250 0.835938
vt 0.539063 0.835938
vt 0.546875 0.835938
vt 0.554688 0.835938
vt 0.562500 0.835938
vt 0.570313 0.835938
vt 0.578125 0.835938
vt 0.585938 0.835938
vt 0.593750 0.835938
vt 0.601563 0.835938
vt 0.609375 0.835938
vt 0.617188 0.835938
vt 0.390625 0.843750
vt 0.382812 0.843750
vt 0.398438 0.843750
vt 0.406250 0.843750
vt 0.414063 0.843750
vt 0.421875 0.843750
vt 0.429688 0.843750
vt 0.437500 0.843750
vt 0.445313 0.843750
vt 0.453125 0.843750
vt 0.460938 0.843750
vt 0.468750 0.843750
vt 0.476563 0.843750
vt 0.484375 0.843750
vt 0.492188 0.843750
vt 0.500000 0.843750
vt 0.507812 0.843750
vt 0.515625 0.843750
vt 0.523438 0.843750
vt 0.531250 0.843750
vt 0.539063 0.843750
vt 0.546875 0.843750
vt 0.554688 0.843750
vt 0.562500 0.843750
vt 0.570313 0.843750
vt 0.578125 0.843750
vt 0.585938 0.843750
vt 0.593750 0.843750
vt 0.601563 0.843750
vt 0.609375 0.843750
vt 0.617188 0.843750
vt 0.390625 0.851563
vt 0.382813 0.851563
vt 0.398438 0.851563
vt 0.406250 0.851563
vt 0.414063 0.851562
vt 0.421875 0.851563
vt 0.429688 0.851563
vt 0.437500 0.851563
vt 0.445313 0.851563
vt 0.453125 0.851563
vt 0.460938 0.851562
vt 0.468750 0.851563
vt 0.476563 0.851563
vt 0.484375 0.851563
vt 0.492188 0.851563
vt 0.500000 0.851563
vt 0.507813 0.851563
vt 0.515625 0.851563
vt 0.523438 0.851563
vt 0.531250 0.851563
vt 0.539063 0.851562
vt 0.546875 0.851563
vt 0.554688 0.851563
vt 0.562500 0.851563
vt 0.570313 0.851563
vt 0.578125 0.851563
vt 0.585938 0.851562
vt 0.593750 0.851563
vt 0.601563 0.851563
vt 0.609375 0.851563
vt 0.617188 0.851563
vt 0.390625 0.859375
vt 0.382813 0.859375
vt 0.398438 0.859375
vt 0.406250 0.859375
vt 0.414063 0.859375
vt 0.421875 0.859375
vt 0.429688 0.859375
vt 0.437500 0.859375
vt 0.445313 0.859375
vt 0.453125 0.859375
vt 0.460938 0.859375
vt 0.468750 0.859375
vt 0.476563 0.859375
vt 0.484375 0.859375
vt 0.492188 0.859375
vt 0.500000 0.859375
vt 0.507813 0.859375
vt 0.515625 0.859375
vt 0.523438 0.859375
vt 0.531250 0.859375
vt 0.539063 0.859375
vt 0.546875 0.859375
vt 0.554688 0.859375
vt 0.562500 0.859375
vt 0.570312 0.859375
vt 0.578125 0.859375
vt 0.585938 0.859375
vt 0.593750 0.859375
vt 0.601563 0.859375
vt 0.609375 0.859375
vt 0.617188 0.859375
vt 0.390625 0.867188
vt 0.382813 0.867188
vt 0.398438 0.867188
vt 0.406250 0.867188
vt 0.414063 0.867188
vt 0.421875 0.867188
vt 0.429688 0.867188
vt 0.437500 0.867188
vt 0.445313 0.867188
vt 0.453125 0.867188
vt 0.460938 0.867188
vt 0.468750 0.867188
vt 0.476563 0.867188
vt 0.484375 0.867188
vt 0.492188 0.867188
vt 0.500000 0.867188
vt 0.507813 0.867188
vt 0.515625 0.867188
vt 0.523438 0.867188
vt 0.531250 0.867188
vt 0.539063 0.867188
vt 0.546875 0.867188
vt 0.554688 0.867188
vt 0.562500 0.867188
vt 0.570313 0.867188
vt 0.578125 0.867188
vt 0.585938 0.867188
vt 0.593750 0.867188
vt 0.601562 0.867188
vt 0.609375 0.867188
vt 0.617188 0.867188
vt 0.390625 0.875000
vt 0.382813 0.875000
vt 0.398438 0.875000
vt 0.406250 0.875000
vt 0.414063 0.875000
vt 0.421875 0.875000
vt 0.429688 0.875000
vt 0.437500 0.875000
vt 0.445313 0.875000
vt 0.453125 0.875000
vt 0.460938 0.875000
vt 0.468750 0.875000
vt 0.476562 0.875000
vt 0.484375 0.875000
vt 0.492188 0.875000
vt 0.500000 0.875000
vt 0.507813 0.875000
vt 0.515625 0.875000
vt 0.523438 0.875000
vt 0.531250 0.875000
vt 0.539062 0.875000
vt 0.546875 0.875000
vt 0.554688 0.875000
vt 0.562500 0.875000
vt 0.570312 0.875000
vt 0.578125 0.875000
vt 0.585938 0.875000
vt 0.593750 0.875000
vt 0.601563 0.875000
vt 0.609375 0.875000
vt 0.617188 0.875000
vt 0.390625 0.882812
vt 0.382813 0.882812
vt 0.398438 0.882813
vt 0.406250 0.882813
vt 0.414063 0.882812
vt 0.421875 0.882812
vt 0.429688 0.882813
vt 0.437500 0.882812
vt 0.445313 0.882813
vt 0.453125 0.882813
vt 0.460938 0.882813
vt 0.468750 0.882812
vt 0.476562 0.882812
vt 0.484375 0.882812
vt 0.492188 0.882812
vt 0.500000 0.882813
vt 0.507812 0.882813
vt 0.515625 0.882812
vt 0.523438 0.882812
vt 0.531250 0.882812
vt 0.539063 0.882813
vt 0.546875 0.882813
vt 0.554688 0.882813
vt 0.562500 0.882812
vt 0.570312 0.882813
vt 0.578125 0.882813
vt 0.585938 0.882812
vt 0.593750 0.882813
vt 0.601563 0.882813
vt 0.609375 0.882812
vt 0.617188 0.882812
vt 0.390625 0.890625
vt 0.382813 0.890625
vt 0.398438 0.890625
vt 0.406250 0.890625
vt 0.414063 0.890625
vt 0.421875 0.890625
vt 0.429688 0.890625
vt 0.437500 0.890625
vt 0.445313 0.890625
vt 0.453125 0.890625
vt 0.460938 0.890625
vt 0.468750 0.890625
vt 0.476563 0.890625
vt 0.484375 0.890625
vt 0.492188 0.890625
vt 0.500000 0.890625
vt 0.507813 0.890625
vt 0.515625 0.890625
vt 0.523438 0.890625
vt 0.531250 0.890625
vt 0.539063 0.890625
vt 0.546875 0.890625
vt 0.554688 0.890625
vt 0.562500 0.890625
vt 0.570313 0.890625
vt 0.578125 0.890625
vt 0.585938 0.890625
vt 0.593750 0.890625
vt 0.601563 0.890625
vt 0.609375 0.890625
vt 0.617188 0.890625
vt 0.390625 0.898438
vt 0.382813 0.898438
vt 0.398438 0.898438
vt 0.406250 0.898438
vt 0.414063 0.898438
vt 0.421875 0.898438
vt 0.429688 0.898438
vt 0.437500 0.898438
vt 0.445313 0.898438
vt 0.453125 0.898438
vt 0.460938 0.898438
vt 0.468750 0.898438
vt 0.476563 0.898438
vt 0.484375 0.898438
vt 0.492188 0.898438
vt 0.500000 0.898438
vt 0.507813 0.898438
vt 0.515625 0.898438
vt 0.523438 0.898438
vt 0.531250 0.898438
vt 0.539063 0.898438
vt 0.546875 0.898438
vt 0.554688 0.898438
vt 0.562500 0.898438
vt 0.570312 0.898438
vt 0.578125 0.898438
vt 0.585938 0.898438
vt 0.593750 0.898438
vt 0.601563 0.898438
vt 0.609375 0.898438
vt 0.617188 0.898438
vt 0.390625 0.906250
vt 0.382812 0.906250
vt 0.398438 0.906250
vt 0.406250 0.906250
vt 0.414063 0.906250
vt 0.421875 0.906250
vt 0.429688 0.906250
vt 0.437500 0.906250
vt 0.445312 0.906250
vt 0.453125 0.906250
vt 0.460938 0.906250
vt 0.468750 0.906250
vt 0.476563 0.906250
vt 0.484375 0.906250
vt 0.492188 0.906250
vt 0.500000 0.906250
vt 0.507812 0.906250
vt 0.515625 0.906250
vt 0.523438 0.906250
vt 0.531250 0.906250
vt 0.539062 0.906250
vt 0.546875 0.906250
vt 0.554688 0.906250
vt 0.562500 0.906250
vt 0.570312 0.906250
vt 0.578125 0.906250
vt 0.585938 0.906250
vt 0.593750 0.906250
vt 0.601563 0.906250
vt 0.609375 0.906250
vt 0.617188 0.906250
vt 0.390625 0.914062
vt 0.382813 0.914063
vt 0.398438 0.914063
vt 0.406250 0.914063
vt 0.414062 0.914063
vt 0.421875 0.914063
vt 0.429688 0.914063
vt 0.437500 0.914063
vt 0.445313 0.914063
vt 0.453125 0.914063
vt 0.460938 0.914063
vt 0.468750 0.914062
vt 0.476563 0.914063
vt 0.484375 0.914062
vt 0.492188 0.914063
vt 0.500000 0.914063
vt 0.507813 0.914063
vt 0.515625 0.914063
vt 0.523438 0.914063
vt 0.531250 0.914063
vt 0.539063 0.914063
vt 0.546875 0.914063
vt 0.554688 0.914063
vt 0.562500 0.914063
vt 0.570312 0.914063
vt 0.578125 0.914063
vt 0.585938 0.914063
vt 0.593750 0.914063
vt 0.601563 0.914063
vt 0.609375 0.914063
vt 0.617188 0.914063
vt 0.390625 0.921875
vt 0.382813 0.921875
vt 0.398438 0.921875
vt 0.406250 0.921875
vt 0.414063 0.921875
vt 0.421875 0.921875
vt 0.429688 0.921875
vt 0.437500 0.921875
vt 0.445313 0.921875
vt 0.453125 0.921875
vt 0.460938 0.921875
vt 0.468750 0.921875
vt 0.476563 0.921875
vt 0.484375 0.921875
vt 0.492188 0.921875
vt 0.500000 0.921875
vt 0.507813 0.921875
vt 0.515625 0.921875
vt 0.523438 0.921875
vt 0.531250 0.921875
vt 0.539063 0.921875
vt 0.546875 0.921875
vt 0.554688 0.921875
vt 0.562500 0.921875
vt 0.570313 0.921875
vt 0.578125 0.921875
vt 0.585938 0.921875
vt 0.593750 0.921875
vt 0.601563 0.921875
vt 0.609375 0.921875
vt 0.617188 0.921875
vt 0.390625 0.929688
vt 0.382813 0.929688
vt 0.398438 0.929688
vt 0.406250 0.929688
vt 0.414063 0.929688
vt 0.421875 0.929688
vt 0.429688 0.929688
vt 0.437500 0.929688
vt 0.445313 0.929688
vt 0.453125 0.929688
vt 0.460938 0.929688
vt 0.468750 0.929688
vt 0.476562 0.929688
vt 0.484375 0.929688
vt 0.492188 0.929688
vt 0.500000 0.929688
vt 0.507813 0.929688
vt 0.515625 0.929688
vt 0.523438 0.929688
vt 0.531250 0.929688
vt 0.539063 0.929688
vt 0.546875 0.929688
vt 0.554688 0.929688
vt 0.562500 0.929688
vt 0.570313 0.929688
vt 0.578125 0.929688
vt 0.585938 0.929688
vt 0.593750 0.929688
vt 0.601563 0.929688
vt 0.609375 0.929688
vt 0.617188 0.929688
vt 0.390625 0.937500
vt 0.382812 0.937500
vt 0.398438 0.937500
vt 0.406250 0.937500
vt 0.414063 0.937500
vt 0.421875 0.937500
vt 0.429688 0.937500
vt 0.437500 0.937500
vt 0.445312 0.937500
vt 0.453125 0.937500
vt 0.460938 0.937500
vt 0.468750 0.937500
vt 0.476563 0.937500
vt 0.484375 0.937500
vt 0.492188 0.937500
vt 0.500000 0.937500
vt 0.507812 0.937500
vt 0.515625 0.937500
vt 0.523438 0.937500
vt 0.531250 0.937500
vt 0.539063 0.937500
vt 0.546875 0.937500
vt 0.554688 0.937500
vt 0.562500 0.937500
vt 0.570313 0.937500
vt 0.578125 0.937500
vt 0.585938 0.937500
vt 0.593750 0.937500
vt 0.601563 0.937500
vt 0.609375 0.937500
vt 0.617188 0.937500
vt 0.390625 0.945313
vt 0.382813 0.945313
vt 0.398438 0.945313
vt 0.406250 0.945313
vt 0.414063 0.945313
vt 0.421875 0.945313
vt 0.429688 0.945313
vt 0.437500 0.945313
vt 0.445313 0.945313
vt 0.453125 0.945313
vt 0.460938 0.945313
vt 0.468750 0.945313
vt 0.476563 0.945313
vt 0.484375 0.945313
vt 0.492188 0.945312
vt 0.500000 0.945313
vt 0.507812 0.945313
vt 0.515625 0.945313
vt 0.523438 0.945313
vt 0.531250 0.945313
vt 0.539062 0.945313
vt 0.546875 0.945313
vt 0.554688 0.945313
vt 0.562500 0.945313
vt 0.570313 0.945313
vt 0.578125 0.945313
vt 0.585938 0.945313
vt 0.593750 0.945313
vt 0.601563 0.945313
vt 0.609375 0.945313
vt 0.617188 0.945313
vt 0.390625 0.953125
vt 0.382813 0.953125
vt 0.398438 0.953125
vt 0.406250 0.953125
vt 0.414063 0.953125
vt 0.421875 0.953125
vt 0.429688 0.953125
vt 0.437500 0.953125
vt 0.445313 0.953125
vt 0.453125 0.953125
vt 0.460938 0.953125
vt 0.468750 0.953125
vt 0.476563 0.953125
vt 0.484375 0.953125
vt 0.492188 0.953125
vt 0.500000 0.953125
vt 0.507812 0.953125
vt 0.515625 0.953125
vt 0.523438 0.953125
vt 0.531250 0.953125
vt 0.539063 0.953125
vt 0.546875 0.953125
vt 0.554688 0.953125
vt 0.562500 0.953125
vt 0.570313 0.953125
vt 0.578125 0.953125
vt 0.585938 0.953125
vt 0.593750 0.953125
vt 0.601563 0.953125
vt 0.609375 0.953125
vt 0.617188 0.953125
vt 0.390625 0.960938
vt 0.382813 0.960938
vt 0.398438 0.960938
vt 0.406250 0.960938
vt 0.414063 0.960938
vt 0.421875 0.960938
vt 0.429688 0.960938
vt 0.437500 0.960938
vt 0.445312 0.960938
vt 0.453125 0.960938
vt 0.460938 0.960938
vt 0.468750 0.960938
vt 0.476563 0.960938
vt 0.484375 0.960938
vt 0.492188 0.960938
vt 0.500000 0.960938
vt 0.507813 0.960938
vt 0.515625 0.960938
vt 0.523438 0.960938
vt 0.531250 0.960938
vt 0.539062 0.960938
vt 0.546875 0.960938
vt 0.554688 0.960938
vt 0.562500 0.960938
vt 0.570313 0.960938
vt 0.578125 0.960938
vt 0.585938 0.960938
vt 0.593750 0.960938
vt 0.601563 0.960938
vt 0.609375 0.960938
vt 0.617188 0.960938
vt 0.390625 0.968750
vt 0.382813 0.968750
vt 0.398438 0.968750
vt 0.406250 0.968750
vt 0.414063 0.968750
vt 0.421875 0.968750
vt 0.429688 0.968750
vt 0.437500 0.968750
vt 0.445312 0.968750
vt 0.453125 0.968750
vt 0.460938 0.968750
vt 0.468750 0.968750
vt 0.476563 0.968750
vt 0.484375 0.968750
vt 0.492188 0.968750
vt 0.500000 0.968750
vt 0.507813 0.968750
vt 0.515625 0.968750
vt 0.523438 0.968750
vt 0.531250 0.968750
vt 0.539062 0.968750
vt 0.546875 0.968750
vt 0.554688 0.968750
vt 0.562500 0.968750
vt 0.570312 0.968750
vt 0.578125 0.968750
vt 0.585938 0.968750
vt 0.593750 0.968750
vt 0.601562 0.968750
vt 0.609375 0.968750
vt 0.617188 0.968750
vt 0.390625 0.976562
vt 0.382812 0.976562
vt 0.398438 0.976563
vt 0.406250 0.976563
vt 0.414063 0.976563
vt 0.421875 0.976563
vt 0.429688 0.976563
vt 0.437500 0.976563
vt 0.445313 0.976563
vt 0.453125 0.976563
vt 0.460938 0.976563
vt 0.468750 0.976563
vt 0.476563 0.976563
vt 0.484375 0.976563
vt 0.492188 0.976563
vt 0.500000 0.976563
vt 0.507813 0.976563
vt 0.515625 0.976563
vt 0.523438 0.976563
vt 0.531250 0.976563
vt 0.539063 0.976563
vt 0.546875 0.976563
vt 0.554688 0.976563
vt 0.562500 0.976563
vt 0.570312 0.976563
vt 0.578125 0.976563
vt 0.585938 0.976563
vt 0.593750 0.976563
vt 0.601563 0.976563
vt 0.609375 0.976563
vt 0.617188 0.976563
vt 0.390625 0.984375
vt 0.382812 0.984375
vt 0.398438 0.984375
vt 0.406250 0.984375
vt 0.414063 0.984375
vt 0.421875 0.984375
vt 0.429688 0.984375
vt 0.437500 0.984375
vt 0.445312 0.984375
vt 0.453125 0.984375
vt 0.460938 0.984375
vt 0.468750 0.984375
vt 0.476563 0.984375
vt 0.484375 0.984375
vt 0.492188 0.984375
vt 0.500000 0.984375
vt 0.507812 0.984375
vt 0.515625 0.984375
vt 0.523438 0.984375
vt 0.531250 0.984375
vt 0.539062 0.984375
vt 0.546875 0.984375
vt 0.554688 0.984375
vt 0.562500 0.984375
vt 0.570312 0.984375
vt 0.578125 0.984375
vt 0.585938 0.984375
vt 0.593750 0.984375
vt 0.601562 0.984375
vt 0.609375 0.984375
vt 0.617188 0.984375
vt 0.390625 0.992188
vt 0.382813 0.992188
vt 0.398438 0.992188
vt 0.406250 0.992188
vt 0.414063 0.992188
vt 0.421875 0.992188
vt 0.429688 0.992188
vt 0.437500 0.992188
vt 0.445312 0.992188
vt 0.453125 0.992188
vt 0.460938 0.992188
vt 0.468750 0.992188
vt 0.476562 0.992188
vt 0.484375 0.992188
vt 0.492188 0.992188
vt 0.500000 0.992188
vt 0.507812 0.992188
vt 0.515625 0.992188
vt 0.523438 0.992188
vt 0.531250 0.992188
vt 0.539063 0.992188
vt 0.546875 0.992188
vt 0.554688 0.992188
vt 0.562500 0.992188
vt 0.570312 0.992188
vt 0.578125 0.992188
vt 0.585938 0.992188
vt 0.593750 0.992188
vt 0.601562 0.992188
vt 0.609375 0.992188
vt 0.617188 0.992188
vt 0.375000 0.750000
vt 0.382812 0.750000
vt 0.375000 0.757813
vt 0.390625 0.750000
vt 0.398438 0.750000
vt 0.406250 0.750000
vt 0.414063 0.750000
vt 0.421875 0.750000
vt 0.429688 0.750000
vt 0.437500 0.750000
vt 0.445313 0.750000
vt 0.453125 0.750000
vt 0.460938 0.750000
vt 0.468750 0.750000
vt 0.476563 0.750000
vt 0.484375 0.750000
vt 0.492188 0.750000
vt 0.500000 0.750000
vt 0.507812 0.750000
vt 0.515625 0.750000
vt 0.523438 0.750000
vt 0.531250 0.750000
vt 0.539063 0.750000
vt 0.546875 0.750000
vt 0.554688 0.750000
vt 0.562500 0.750000
vt 0.570313 0.750000
vt 0.578125 0.750000
vt 0.585938 0.750000
vt 0.593750 0.750000
vt 0.601563 0.750000
vt 0.609375 0.750000
vt 0.617188 0.750000
vt 0.625000 0.757813
vt 0.625000 0.765625
vt 0.625000 0.773438
vt 0.625000 0.781250
vt 0.625000 0.789062
vt 0.625000 0.796875
vt 0.625000 0.804688
vt 0.625000 0.812500
vt 0.625000 0.820313
vt 0.625000 0.828125
vt 0.625000 0.835938
vt 0.625000 0.843750
vt 0.625000 0.851563
vt 0.625000 0.859375
vt 0.625000 0.867188
vt 0.625000 0.875000
vt 0.625000 0.882812
vt 0.625000 0.890625
vt 0.625000 0.898438
vt 0.625000 0.906250
vt 0.625000 0.914063
vt 0.625000 0.921875
vt 0.625000 0.929688
vt 0.625000 0.937500
vt 0.625000 0.945313
vt 0.625000 0.953125
vt 0.625000 0.960938
vt 0.625000 0.968750
vt 0.625000 0.976563
vt 0.625000 0.984375
vt 0.625000 0.992188
vt 0.625000 1.000000
vt 0.617188 1.000000
vt 0.609375 1.000000
vt 0.601562 1.000000
vt 0.593750 1.000000
vt 0.585938 1.000000
vt 0.578125 1.000000
vt 0.570313 1.000000
vt 0.562500 1.000000
vt 0.554688 1.000000
vt 0.546875 1.000000
vt 0.539063 1.000000
vt 0.531250 1.000000
vt 0.523438 1.000000
vt 0.515625 1.000000
vt 0.507812 1.000000
vt 0.500000 1.000000
vt 0.492188 1.000000
vt 0.484375 1.000000
vt 0.476563 1.000000
vt 0.468750 1.000000
vt 0.460938 1.000000
vt 0.453125 1.000000
vt 0.445313 1.000000
vt 0.437500 1.000000
vt 0.429688 1.000000
vt 0.421875 1.000000
vt 0.414063 1.000000
vt 0.406250 1.000000
vt 0.398438 1.000000
vt 0.390625 1.000000
vt 0.382812 1.000000
vt 0.375000 0.992188
vt 0.375000 1.000000
vt 0.375000 0.984375
vt 0.375000 0.976562
vt 0.375000 0.968750
vt 0.375000 0.960938
vt 0.375000 0.953125
vt 0.375000 0.945313
vt 0.375000 0.937500
vt 0.375000 0.929688
vt 0.375000 0.921875
vt 0.375000 0.914063
vt 0.375000 0.906250
vt 0.375000 0.898438
vt 0.375000 0.890625
vt 0.375000 0.882813
vt 0.375000 0.875000
vt 0.375000 0.867188
vt 0.375000 0.859375
vt 0.375000 0.851563
vt 0.375000 0.843750
vt 0.375000 0.835938
vt 0.375000 0.828125
vt 0.375000 0.820313
vt 0.375000 0.812500
vt 0.375000 0.804688
vt 0.375000 0.796875
vt 0.375000 0.789062
vt 0.375000 0.781250
vt 0.375000 0.773438
vt 0.375000 0.765625
vt 0.382813 0.007812
vt 0.390625 0.007812
vt 0.390625 0.015625
vt 0.382813 0.015625
vt 0.398438 0.007812
vt 0.398438 0.015625
vt 0.406250 0.007812
vt 0.406250 0.015625
vt 0.414063 0.007812
vt 0.414063 0.015625
vt 0.421875 0.007812
vt 0.421875 0.015625
vt 0.429688 0.007812
vt 0.429688 0.015625
vt 0.437500 0.007812
vt 0.437500 0.015625
vt 0.445313 0.007812
vt 0.445313 0.015625
vt 0.453125 0.007812
vt 0.453125 0.015625
vt 0.460938 0.007812
vt 0.460938 0.015625
vt 0.468750 0.007812
vt 0.468750 0.015625
vt 0.476563 0.007812
vt 0.476563 0.015625
vt 0.484375 0.007812
vt 0.484375 0.015625
vt 0.492188 0.007812
vt 0.492188 0.015625
vt 0.500000 0.007812
vt 0.500000 0.015625
vt 0.507813 0.007812
vt 0.507813 0.015625
vt 0.515625 0.007812
vt 0.515625 0.015625
vt 0.523438 0.007812
vt 0.523438 0.015625
vt 0.531250 0.007812
vt 0.531250 0.015625
vt 0.539062 0.007812
vt 0.539062 0.015625
vt 0.546875 0.007812
vt 0.546875 0.015625
vt 0.554688 0.007812
vt 0.554688 0.015625
vt 0.562500 0.007812
vt 0.562500 0.015625
vt 0.570312 0.007812
vt 0.570313 0.015625
vt 0.578125 0.007812
vt 0.578125 0.015625
vt 0.585938 0.007812
vt 0.585938 0.015625
vt 0.593750 0.007812
vt 0.593750 0.015625
vt 0.601563 0.007812
vt 0.601563 0.015625
vt 0.609375 0.007812
vt 0.609375 0.015625
vt 0.617188 0.007812
vt 0.617188 0.015625
vt 0.390625 0.023438
vt 0.382813 0.023438
vt 0.398438 0.023438
vt 0.406250 0.023438
vt 0.414062 0.023438
vt 0.421875 0.023438
vt 0.429688 0.023438
vt 0.437500 0.023438
vt 0.445313 0.023438
vt 0.453125 0.023438
vt 0.460938 0.023438
vt 0.468750 0.023438
vt 0.476563 0.023438
vt 0.484375 0.023438
vt 0.492188 0.023438
vt 0.500000 0.023438
vt 0.507812 0.023438
vt 0.515625 0.023438
vt 0.523438 0.023438
vt 0.531250 0.023438
vt 0.539062 0.023438
vt 0.546875 0.023438
vt 0.554688 0.023438
vt 0.562500 0.023438
vt 0.570313 0.023438
vt 0.578125 0.023438
vt 0.585938 0.023437
vt 0.593750 0.023438
vt 0.601563 0.023438
vt 0.609375 0.023438
vt 0.617188 0.023438
vt 0.390625 0.031250
vt 0.382813 0.031250
vt 0.398438 0.031250
vt 0.406250 0.031250
vt 0.414062 0.031250
vt 0.421875 0.031250
vt 0.429688 0.031250
vt 0.437500 0.031250
vt 0.445313 0.031250
vt 0.453125 0.031250
vt 0.460938 0.031250
vt 0.468750 0.031250
vt 0.476563 0.031250
vt 0.484375 0.031250
vt 0.492188 0.031250
vt 0.500000 0.031250
vt 0.507813 0.031250
vt 0.515625 0.031250
vt 0.523438 0.031250
vt 0.531250 0.031250
vt 0.539063 0.031250
vt 0.546875 0.031250
vt 0.554688 0.031250
vt 0.562500 0.031250
vt 0.570313 0.031250
vt 0.578125 0.031250
vt 0.585938 0.031250
vt 0.593750 0.031250
vt 0.601562 0.031250
vt 0.609375 0.031250
vt 0.617188 0.031250
vt 0.390625 0.039063
vt 0.382812 0.039063
vt 0.398438 0.039063
vt 0.406250 0.039063
vt 0.414062 0.039063
vt 0.421875 0.039063
vt 0.429688 0.039063
vt 0.437500 0.039063
vt 0.445312 0.039063
vt 0.453125 0.039063
vt 0.460938 0.039063
vt 0.468750 0.039063
vt 0.476563 0.039063
vt 0.484375 0.039063
vt 0.492188 0.039063
vt 0.500000 0.039063
vt 0.507812 0.039063
vt 0.515625 0.039063
vt 0.523438 0.039063
vt 0.531250 0.039063
vt 0.539063 0.039063
vt 0.546875 0.039063
vt 0.554688 0.039063
vt 0.562500 0.039063
vt 0.570312 0.039063
vt 0.578125 0.039063
vt 0.585938 0.039063
vt 0.593750 0.039063
vt 0.601562 0.039063
vt 0.609375 0.039062
vt 0.617188 0.039063
vt 0.390625 0.046875
vt 0.382812 0.046875
vt 0.398438 0.046875
vt 0.406250 0.046875
vt 0.414063 0.046875
vt 0.421875 0.046875
vt 0.429688 0.046875
vt 0.437500 0.046875
vt 0.445313 0.046875
vt 0.453125 0.046875
vt 0.460938 0.046875
vt 0.468750 0.046875
vt 0.476562 0.046875
vt 0.484375 0.046875
vt 0.492188 0.046875
vt 0.500000 0.046875
vt 0.507813 0.046875
vt 0.515625 0.046875
vt 0.523438 0.046875
vt 0.531250 0.046875
vt 0.539063 0.046875
vt 0.546875 0.046875
vt 0.554688 0.046875
vt 0.562500 0.046875
vt 0.570313 0.046875
vt 0.578125 0.046875
vt 0.585938 0.046875
vt 0.593750 0.046875
vt 0.601563 0.046875
vt 0.609375 0.046875
vt 0.617188 0.046875
vt 0.390625 0.054688
vt 0.382812 0.054688
vt 0.398438 0.054688
vt 0.406250 0.054688
vt 0.414063 0.054688
vt 0.421875 0.054688
vt 0.429688 0.054688
vt 0.437500 0.054688
vt 0.445313 0.054688
vt 0.453125 0.054688
vt 0.460938 0.054688
vt 0.468750 0.054688
vt 0.476563 0.054688
vt 0.484375 0.054688
vt 0.492188 0.054688
vt 0.500000 0.054688
vt 0.507812 0.054688
vt 0.515625 0.054688
vt 0.523438 0.054688
vt 0.531250 0.054688
vt 0.539063 0.054688
vt 0.546875 0.054688
vt 0.554688 0.054688
vt 0.562500 0.054688
vt 0.570312 0.054688
vt 0.578125 0.054688
vt 0.585938 0.054688
vt 0.593750 0.054688
vt 0.601563 0.054688
vt 0.609375 0.054688
vt 0.617188 0.054688
vt 0.390625 0.062500
vt 0.382813 0.062500
vt 0.398438 0.062500
vt 0.406250 0.062500
vt 0.414062 0.062500
vt 0.421875 0.062500
vt 0.429688 0.062500
vt 0.437500 0.062500
vt 0.445313 0.062500
vt 0.453125 0.062500
vt 0.460938 0.062500
vt 0.468750 0.062500
vt 0.476563 0.062500
vt 0.484375 0.062500
vt 0.492188 0.062500
vt 0.500000 0.062500
vt 0.507812 0.062500
vt 0.515625 0.062500
vt 0.523438 0.062500
vt 0.531250 0.062500
vt 0.539062 0.062500
vt 0.546875 0.062500
vt 0.554688 0.062500
vt 0.562500 0.062500
vt 0.570312 0.062500
vt 0.578125 0.062500
vt 0.585938 0.062500
vt 0.593750 0.062500
vt 0.601562 0.062500
vt 0.609375 0.062500
vt 0.617188 0.062500
vt 0.390625 0.070312
vt 0.382813 0.070313
vt 0.398438 0.070313
vt 0.406250 0.070313
vt 0.414062 0.070313
vt 0.421875 0.070312
vt 0.429688 0.070312
vt 0.437500 0.070313
vt 0.445313 0.070313
vt 0.453125 0.070312
vt 0.460938 0.070313
vt 0.468750 0.070313
vt 0.476563 0.070313
vt 0.484375 0.070313
vt 0.492188 0.070313
vt 0.500000 0.070313
vt 0.507813 0.070313
vt 0.515625 0.070313
vt 0.523438 0.070313
vt 0.531250 0.070313
vt 0.539063 0.070313
vt 0.546875 0.070313
vt 0.554688 0.070313
vt 0.562500 0.070313
vt 0.570312 0.070313
vt 0.578125 0.070313
vt 0.585938 0.070313
vt 0.593750 0.070313
vt 0.601562 0.070313
vt 0.609375 0.070312
vt 0.617188 0.070313
vt 0.390625 0.078125
vt 0.382813 0.078125
vt 0.398438 0.078125
vt 0.406250 0.078125
vt 0.414063 0.078125
vt 0.421875 0.078125
vt 0.429688 0.078125
vt 0.437500 0.078125
vt 0.445313 0.078125
vt 0.453125 0.078125
vt 0.460938 0.078125
vt 0.468750 0.078125
vt 0.476563 0.078125
vt 0.484375 0.078125
vt 0.492188 0.078125
vt 0.500000 0.078125
vt 0.507813 0.078125
vt 0.515625 0.078125
vt 0.523438 0.078125
vt 0.531250 0.078125
vt 0.539062 0.078125
vt 0.546875 0.078125
vt 0.554688 0.078125
vt 0.562500 0.078125
vt 0.570312 0.078125
vt 0.578125 0.078125
vt 0.585938 0.078125
vt 0.593750 0.078125
vt 0.601562 0.078125
vt 0.609375 0.078125
vt 0.617188 0.078125
vt 0.390625 0.085938
vt 0.382812 0.085938
vt 0.398438 0.085938
vt 0.406250 0.085938
vt 0.414062 0.085938
vt 0.421875 0.085938
vt 0.429688 0.085938
vt 0.437500 0.085938
vt 0.445313 0.085938
vt 0.453125 0.085938
vt 0.460938 0.085938
vt 0.468750 0.085938
vt 0.476563 0.085938
vt 0.484375 0.085938
vt 0.492188 0.085938
vt 0.500000 0.085938
vt 0.507813 0.085938
vt 0.515625 0.085938
vt 0.523438 0.085938
vt 0.531250 0.085938
vt 0.539063 0.085938
vt 0.546875 0.085938
vt 0.554688 0.085938
vt 0.562500 0.085938
vt 0.570312 0.085938
vt 0.578125 0.085938
vt 0.585938 0.085938
vt 0.593750 0.085938
vt 0.601563 0.085938
vt 0.609375 0.085938
vt 0.617188 0.085938
vt 0.390625 0.093750
vt 0.382812 0.093750
vt 0.398438 0.093750
vt 0.406250 0.093750
vt 0.414062 0.093750
vt 0.421875 0.093750
vt 0.429688 0.093750
vt 0.437500 0.093750
vt 0.445312 0.093750
vt 0.453125 0.093750
vt 0.460938 0.093750
vt 0.468750 0.093750
vt 0.476562 0.093750
vt 0.484375 0.093750
vt 0.492188 0.093750
vt 0.500000 0.093750
vt 0.507813 0.093750
vt 0.515625 0.093750
vt 0.523438 0.093750
vt 0.531250 0.093750
vt 0.539063 0.093750
vt 0.546875 0.093750
vt 0.554688 0.093750
vt 0.562500 0.093750
vt 0.570313 0.093750
vt 0.578125 0.093750
vt 0.585938 0.093750
vt 0.593750 0.093750
vt 0.601563 0.093750
vt 0.609375 0.093750
vt 0.617188 0.093750
vt 0.390625 0.101563
vt 0.382813 0.101562
vt 0.398438 0.101562
vt 0.406250 0.101563
vt 0.414063 0.101562
vt 0.421875 0.101562
vt 0.429688 0.101563
vt 0.437500 0.101563
vt 0.445312 0.101563
vt 0.453125 0.101563
vt 0.460938 0.101563
vt 0.468750 0.101563
vt 0.476563 0.101563
vt 0.484375 0.101563
vt 0.492188 0.101563
vt 0.500000 0.101562
vt 0.507813 0.101563
vt 0.515625 0.101563
vt 0.523438 0.101563
vt 0.531250 0.101562
vt 0.539063 0.101563
vt 0.546875 0.101563
vt 0.554688 0.101563
vt 0.562500 0.101563
vt 0.570313 0.101563
vt 0.578125 0.101563
vt 0.585938 0.101562
vt 0.593750 0.101563
vt 0.601562 0.101562
vt 0.609375 0.101563
vt 0.617188 0.101563
vt 0.390625 0.109375
vt 0.382812 0.109375
vt 0.398438 0.109375
vt 0.406250 0.109375
vt 0.414063 0.109375
vt 0.421875 0.109375
vt 0.429688 0.109375
vt 0.437500 0.109375
vt 0.445313 0.109375
vt 0.453125 0.109375
vt 0.460938 0.109375
vt 0.468750 0.109375
vt 0.476563 0.109375
vt 0.484375 0.109375
vt 0.492188 0.109375
vt 0.500000 0.109375
vt 0.507812 0.109375
vt 0.515625 0.109375
vt 0.523438 0.109375
vt 0.531250 0.109375
vt 0.539063 0.109375
vt 0.546875 0.109375
vt 0.554688 0.109375
vt 0.562500 0.109375
vt 0.570313 0.109375
vt 0.578125 0.109375
vt 0.585938 0.109375
vt 0.593750 0.109375
vt 0.601563 0.109375
vt 0.609375 0.109375
vt 0.617188 0.109375
vt 0.390625 0.117188
vt 0.382813 0.117188
vt 0.398438 0.117188
vt 0.406250 0.117188
vt 0.414062 0.117188
vt 0.421875 0.117188
vt 0.429688 0.117188
vt 0.437500 0.117188
vt 0.445313 0.117188
vt 0.453125 0.117188
vt 0.460938 0.117188
vt 0.468750 0.117188
vt 0.476562 0.117188
vt 0.484375 0.117188
vt 0.492188 0.117188
vt 0.500000 0.117188
vt 0.507813 0.117188
vt 0.515625 0.117188
vt 0.523438 0.117188
vt 0.531250 0.117188
vt 0.539063 0.117188
vt 0.546875 0.117188
vt 0.554688 0.117188
vt 0.562500 0.117188
vt 0.570312 0.117188
vt 0.578125 0.117188
vt 0.585938 0.117188
vt 0.593750 0.117188
vt 0.601563 0.117188
vt 0.609375 0.117188
vt 0.617188 0.117188
vt 0.390625 0.125000
vt 0.382813 0.125000
vt 0.398438 0.125000
vt 0.406250 0.125000
vt 0.414063 0.125000
vt 0.421875 0.125000
vt 0.429688 0.125000
vt 0.437500 0.125000
vt 0.445313 0.125000
vt 0.453125 0.125000
vt 0.460938 0.125000
vt 0.468750 0.125000
vt 0.476563 0.125000
vt 0.484375 0.125000
vt 0.492188 0.125000
vt 0.500000 0.125000
vt 0.507812 0.125000
vt 0.515625 0.125000
vt 0.523438 0.125000
vt 0.531250 0.125000
vt 0.539063 0.125000
vt 0.546875 0.125000
vt 0.554688 0.125000
vt 0.562500 0.125000
vt 0.570313 0.125000
vt 0.578125 0.125000
vt 0.585938 0.125000
vt 0.593750 0.125000
vt 0.601563 0.125000
vt 0.609375 0.125000
vt 0.617188 0.125000
vt 0.390625 0.132813
vt 0.382813 0.132813
vt 0.398438 0.132812
vt 0.406250 0.132812
vt 0.414062 0.132813
vt 0.421875 0.132813
vt 0.429688 0.132813
vt 0.437500 0.132813
vt 0.445312 0.132813
vt 0.453125 0.132813
vt 0.460938 0.132812
vt 0.468750 0.132813
vt 0.476563 0.132813
vt 0.484375 0.132812
vt 0.492188 0.132813
vt 0.500000 0.132812
vt 0.507813 0.132813
vt 0.515625 0.132813
vt 0.523438 0.132812
vt 0.531250 0.132812
vt 0.539063 0.132813
vt 0.546875 0.132813
vt 0.554688 0.132813
vt 0.562500 0.132813
vt 0.570312 0.132813
vt 0.578125 0.132813
vt 0.585938 0.132813
vt 0.593750 0.132812
vt 0.601563 0.132812
vt 0.609375 0.132813
vt 0.617188 0.132813
vt 0.390625 0.140625
vt 0.382812 0.140625
vt 0.398438 0.140625
vt 0.406250 0.140625
vt 0.414063 0.140625
vt 0.421875 0.140625
vt 0.429688 0.140625
vt 0.437500 0.140625
vt 0.445312 0.140625
vt 0.453125 0.140625
vt 0.460938 0.140625
vt 0.468750 0.140625
vt 0.476563 0.140625
vt 0.484375 0.140625
vt 0.492188 0.140625
vt 0.500000 0.140625
vt 0.507813 0.140625
vt 0.515625 0.140625
vt 0.523438 0.140625
vt 0.531250 0.140625
vt 0.539063 0.140625
vt 0.546875 0.140625
vt 0.554688 0.140625
vt 0.562500 0.140625
vt 0.570313 0.140625
vt 0.578125 0.140625
vt 0.585938 0.140625
vt 0.593750 0.140625
vt 0.601562 0.140625
vt 0.609375 0.140625
vt 0.617188 0.140625
vt 0.390625 0.148438
vt 0.382813 0.148438
vt 0.398438 0.148438
vt 0.406250 0.148438
vt 0.414063 0.148438
vt 0.421875 0.148438
vt 0.429688 0.148438
vt 0.437500 0.148438
vt 0.445313 0.148438
vt 0.453125 0.148438
vt 0.460938 0.148438
vt 0.468750 0.148438
vt 0.476563 0.148438
vt 0.484375 0.148438
vt 0.492188 0.148438
vt 0.500000 0.148438
vt 0.507813 0.148438
vt 0.515625 0.148438
vt 0.523438 0.148438
vt 0.531250 0.148438
vt 0.539062 0.148438
vt 0.546875 0.148438
vt 0.554688 0.148438
vt 0.562500 0.148438
vt 0.570313 0.148438
vt 0.578125 0.148438
vt 0.585938 0.148438
vt 0.593750 0.148438
vt 0.601562 0.148438
vt 0.609375 0.148438
vt 0.617188 0.148438
vt 0.390625 0.156250
vt 0.382812 0.156250
vt 0.398438 0.156250
vt 0.406250 0.156250
vt 0.414063 0.156250
vt 0.421875 0.156250
vt 0.429688 0.156250
vt 0.437500 0.156250
vt 0.445313 0.156250
vt 0.453125 0.156250
vt 0.460938 0.156250
vt 0.468750 0.156250
vt 0.476563 0.156250
vt 0.484375 0.156250
vt 0.492188 0.156250
vt 0.500000 0.156250
vt 0.507812 0.156250
vt 0.515625 0.156250
vt 0.523438 0.156250
vt 0.531250 0.156250
vt 0.539063 0.156250
vt 0.546875 0.156250
vt 0.554688 0.156250
vt 0.562500 0.156250
vt 0.570312 0.156250
vt 0.578125 0.156250
vt 0.585938 0.156250
vt 0.593750 0.156250
vt 0.601562 0.156250
vt 0.609375 0.156250
vt 0.617188 0.156250
vt 0.390625 0.164062
vt 0.382812 0.164062
vt 0.398438 0.164063
vt 0.406250 0.164062
vt 0.414062 0.164062
vt 0.421875 0.164063
vt 0.429688 0.164063
vt 0.437500 0.164062
vt 0.445312 0.164062
vt 0.453125 0.164062
vt 0.460938 0.164063
vt 0.468750 0.164062
vt 0.476563 0.164062
vt 0.484375 0.164063
vt 0.492188 0.164063
vt 0.500000 0.164063
vt 0.507812 0.164063
vt 0.515625 0.164063
vt 0.523438 0.164062
vt 0.531250 0.164062
vt 0.539063 0.164063
vt 0.546875 0.164062
vt 0.554688 0.164062
vt 0.562500 0.164062
vt 0.570313 0.164063
vt 0.578125 0.164062
vt 0.585938 0.164062
vt 0.593750 0.164062
vt 0.601563 0.164063
vt 0.609375 0.164062
vt 0.617188 0.164062
vt 0.390625 0.171875
vt 0.382813 0.171875
vt 0.398438 0.171875
vt 0.406250 0.171875
vt 0.414063 0.171875
vt 0.421875 0.171875
vt 0.429688 0.171875
vt 0.437500 0.171875
vt 0.445313 0.171875
vt 0.453125 0.171875
vt 0.460938 0.171875
vt 0.468750 0.171875
vt 0.476563 0.171875
vt 0.484375 0.171875
vt 0.492188 0.171875
vt 0.500000 0.171875
vt 0.507813 0.171875
vt 0.515625 0.171875
vt 0.523438 0.171875
vt 0.531250 0.171875
vt 0.539063 0.171875
vt 0.546875 0.171875
vt 0.554688 0.171875
vt 0.562500 0.171875
vt 0.570312 0.171875
vt 0.578125 0.171875
vt 0.585938 0.171875
vt 0.593750 0.171875
vt 0.601562 0.171875
vt 0.609375 0.171875
vt 0.617188 0.171875
vt 0.390625 0.179688
vt 0.382813 0.179688
vt 0.398438 0.179688
vt 0.406250 0.179688
vt 0.414062 0.179688
vt 0.421875 0.179688
vt 0.429688 0.179688
vt 0.437500 0.179688
vt 0.445313 0.179688
vt 0.453125 0.179688
vt 0.460938 0.179688
vt 0.468750 0.179688
vt 0.476563 0.179688
vt 0.484375 0.179688
vt 0.492188 0.179688
vt 0.500000 0.179688
vt 0.507812 0.179688
vt 0.515625 0.179688
vt 0.523438 0.179688
vt 0.531250 0.179688
vt 0.539063 0.179688
vt 0.546875 0.179688
vt 0.554688 0.179688
vt 0.562500 0.179688
vt 0.570312 0.179688
vt 0.578125 0.179688
vt 0.585938 0.179688
vt 0.593750 0.179688
vt 0.601562 0.179688
vt 0.609375 0.179688
vt 0.617188 0.179688
vt 0.390625 0.187500
vt 0.382813 0.187500
vt 0.398438 0.187500
vt 0.406250 0.187500
vt 0.414063 0.187500
vt 0.421875 0.187500
vt 0.429688 0.187500
vt 0.437500 0.187500
vt 0.445313 0.187500
vt 0.453125 0.187500
vt 0.460938 0.187500
vt 0.468750 0.187500
vt 0.476563 0.187500
vt 0.484375 0.187500
vt 0.492188 0.187500
vt 0.500000 0.187500
vt 0.507812 0.187500
vt 0.515625 0.187500
vt 0.523438 0.187500
vt 0.531250 0.187500
vt 0.539062 0.187500
vt 0.546875 0.187500
vt 0.554688 0.187500
vt 0.562500 0.187500
vt 0.570313 0.187500
vt 0.578125 0.187500
vt 0.585938 0.187500
vt 0.593750 0.187500
vt 0.601563 0.187500
vt 0.609375 0.187500
vt 0.617188 0.187500
vt 0.390625 0.195313
vt 0.382813 0.195313
vt 0.398438 0.195313
vt 0.406250 0.195312
vt 0.414063 0.195313
vt 0.421875 0.195313
vt 0.429688 0.195312
vt 0.437500 0.195312
vt 0.445313 0.195313
vt 0.453125 0.195312
vt 0.460938 0.195313
vt 0.468750 0.195313
vt 0.476563 0.195313
vt 0.484375 0.195313
vt 0.492188 0.195313
vt 0.500000 0.195313
vt 0.507813 0.195312
vt 0.515625 0.195313
vt 0.523438 0.195313
vt 0.531250 0.195313
vt 0.539063 0.195313
vt 0.546875 0.195312
vt 0.554688 0.195312
vt 0.562500 0.195313
vt 0.570312 0.195312
vt 0.578125 0.195312
vt 0.585938 0.195313
vt 0.593750 0.195313
vt 0.601563 0.195313
vt 0.609375 0.195313
vt 0.617188 0.195312
vt 0.390625 0.203125
vt 0.382813 0.203125
vt 0.398438 0.203125
vt 0.406250 0.203125
vt 0.414063 0.203125
vt 0.421875 0.203125
vt 0.429688 0.203125
vt 0.437500 0.203125
vt 0.445313 0.203125
vt 0.453125 0.203125
vt 0.460938 0.203125
vt 0.468750 0.203125
vt 0.476563 0.203125
vt 0.484375 0.203125
vt 0.492188 0.203125
vt 0.500000 0.203125
vt 0.507813 0.203125
vt 0.515625 0.203125
vt 0.523438 0.203125
vt 0.531250 0.203125
vt 0.539062 0.203125
vt 0.546875 0.203125
vt 0.554688 0.203125
vt 0.562500 0.203125
vt 0.570313 0.203125
vt 0.578125 0.203125
vt 0.585938 0.203125
vt 0.593750 0.203125
vt 0.601562 0.203125
vt 0.609375 0.203125
vt 0.617188 0.203125
vt 0.390625 0.210938
vt 0.382812 0.210938
vt 0.398438 0.210938
vt 0.406250 0.210938
vt 0.414062 0.210938
vt 0.421875 0.210938
vt 0.429688 0.210938
vt 0.437500 0.210938
vt 0.445312 0.210938
vt 0.453125 0.210938
vt 0.460938 0.210938
vt 0.468750 0.210938
vt 0.476563 0.210938
vt 0.484375 0.210938
vt 0.492188 0.210938
vt 0.500000 0.210938
vt 0.507812 0.210938
vt 0.515625 0.210938
vt 0.523438 0.210938
vt 0.531250 0.210938
vt 0.539062 0.210938
vt 0.546875 0.210938
vt 0.554688 0.210938
vt 0.562500 0.210938
vt 0.570312 0.210938
vt 0.578125 0.210938
vt 0.585938 0.210938
vt 0.593750 0.210938
vt 0.601562 0.210938
vt 0.609375 0.210938
vt 0.617188 0.210938
vt 0.390625 0.218750
vt 0.382813 0.218750
vt 0.398438 0.218750
vt 0.406250 0.218750
vt 0.414062 0.218750
vt 0.421875 0.218750
vt 0.429688 0.218750
vt 0.437500 0.218750
vt 0.445313 0.218750
vt 0.453125 0.218750
vt 0.460938 0.218750
vt 0.468750 0.218750
vt 0.476563 0.218750
vt 0.484375 0.218750
vt 0.492188 0.218750
vt 0.500000 0.218750
vt 0.507812 0.218750
vt 0.515625 0.218750
vt 0.523438 0.218750
vt 0.531250 0.218750
vt 0.539062 0.218750
vt 0.546875 0.218750
vt 0.554688 0.218750
vt 0.562500 0.218750
vt 0.570312 0.218750
vt 0.578125 0.218750
vt 0.585938 0.218750
vt 0.593750 0.218750
vt 0.601563 0.218750
vt 0.609375 0.218750
vt 0.617188 0.218750
vt 0.390625 0.226562
vt 0.382813 0.226563
vt 0.398438 0.226563
vt 0.406250 0.226563
vt 0.414062 0.226562
vt 0.421875 0.226562
vt 0.429688 0.226563
vt 0.437500 0.226563
vt 0.445313 0.226563
vt 0.453125 0.226563
vt 0.460938 0.226563
vt 0.468750 0.226562
vt 0.476563 0.226563
vt 0.484375 0.226563
vt 0.492188 0.226563
vt 0.500000 0.226563
vt 0.507813 0.226563
vt 0.515625 0.226563
vt 0.523438 0.226563
vt 0.531250 0.226562
vt 0.539063 0.226563
vt 0.546875 0.226563
vt 0.554688 0.226563
vt 0.562500 0.226562
vt 0.570313 0.226563
vt 0.578125 0.226562
vt 0.585938 0.226563
vt 0.593750 0.226563
vt 0.601563 0.226563
vt 0.609375 0.226563
vt 0.617188 0.226563
vt 0.390625 0.234375
vt 0.382812 0.234375
vt 0.398438 0.234375
vt 0.406250 0.234375
vt 0.414062 0.234375
vt 0.421875 0.234375
vt 0.429688 0.234375
vt 0.437500 0.234375
vt 0.445313 0.234375
vt 0.453125 0.234375
vt 0.460938 0.234375
vt 0.468750 0.234375
vt 0.476562 0.234375
vt 0.484375 0.234375
vt 0.492188 0.234375
vt 0.500000 0.234375
vt 0.507812 0.234375
vt 0.515625 0.234375
vt 0.523438 0.234375
vt 0.531250 0.234375
vt 0.539062 0.234375
vt 0.546875 0.234375
vt 0.554688 0.234375
vt 0.562500 0.234375
vt 0.570313 0.234375
vt 0.578125 0.234375
vt 0.585938 0.234375
vt 0.593750 0.234375
vt 0.601563 0.234375
vt 0.609375 0.234375
vt 0.617188 0.234375
vt 0.390625 0.242188
vt 0.382813 0.242188
vt 0.398438 0.242188
vt 0.406250 0.242188
vt 0.414062 0.242188
vt 0.421875 0.242188
vt 0.429688 0.242188
vt 0.437500 0.242188
vt 0.445313 0.242188
vt 0.453125 0.242188
vt 0.460938 0.242188
vt 0.468750 0.242188
vt 0.476563 0.242188
vt 0.484375 0.242188
vt 0.492188 0.242188
vt 0.500000 0.242188
vt 0.507813 0.242188
vt 0.515625 0.242188
vt 0.523438 0.242188
vt 0.531250 0.242188
vt 0.539063 0.242188
vt 0.546875 0.242188
vt 0.554688 0.242188
vt 0.562500 0.242188
vt 0.570312 0.242188
vt 0.578125 0.242188
vt 0.585938 0.242188
vt 0.593750 0.242188
vt 0.601563 0.242188
vt 0.609375 0.242188
vt 0.617188 0.242188
vt 0.375000 0.000000
vt 0.382813 0.000000
vt 0.375000 0.007812
vt 0.390625 0.000000
vt 0.398438 0.000000
vt 0.406250 0.000000
vt 0.414062 0.000000
vt 0.421875 0.000000
vt 0.429688 0.000000
vt 0.437500 0.000000
vt 0.445313 0.000000
vt 0.453125 0.000000
vt 0.460938 0.000000
vt 0.468750 0.000000
vt 0.476563 0.000000
vt 0.484375 0.000000
vt 0.492188 0.000000
vt 0.500000 0.000000
vt 0.507813 0.000000
vt 0.515625 0.000000
vt 0.523438 0.000000
vt 0.531250 0.000000
vt 0.539062 0.000000
vt 0.546875 0.000000
vt 0.554688 0.000000
vt 0.562500 0.000000
vt 0.570313 0.000000
vt 0.578125 0.000000
vt 0.585938 0.000000
vt 0.593750 0.000000
vt 0.601563 0.000000
vt 0.609375 0.000000
vt 0.617188 0.000000
vt 0.625000 0.000000
vt 0.625000 0.007812
vt 0.625000 0.015625
vt 0.625000 0.023438
vt 0.625000 0.031250
vt 0.625000 0.039063
vt 0.625000 0.046875
vt 0.625000 0.054688
vt 0.625000 0.062500
vt 0.625000 0.070313
vt 0.625000 0.078125
vt 0.625000 0.085938
vt 0.625000 0.093750
vt 0.625000 0.101563
vt 0.625000 0.109375
vt 0.625000 0.117188
vt 0.625000 0.125000
vt 0.625000 0.132813
vt 0.625000 0.140625
vt 0.625000 0.148438
vt 0.625000 0.156250
vt 0.625000 0.164063
vt 0.625000 0.171875
vt 0.625000 0.179688
vt 0.625000 0.187500
vt 0.625000 0.195313
vt 0.625000 0.203125
vt 0.625000 0.210938
vt 0.625000 0.218750
vt 0.625000 0.226563
vt 0.625000 0.234375
vt 0.625000 0.242188
vt 0.625000 0.250000
vt 0.617188 0.250000
vt 0.609375 0.250000
vt 0.601563 0.250000
vt 0.593750 0.250000
vt 0.585938 0.250000
vt 0.578125 0.250000
vt 0.570313 0.250000
vt 0.562500 0.250000
vt 0.554688 0.250000
vt 0.546875 0.250000
vt 0.539062 0.250000
vt 0.531250 0.250000
vt 0.523438 0.250000
vt 0.515625 0.250000
vt 0.507812 0.250000
vt 0.500000 0.250000
vt 0.492188 0.250000
vt 0.484375 0.250000
vt 0.476563 0.250000
vt 0.468750 0.250000
vt 0.460938 0.250000
vt 0.453125 0.250000
vt 0.445313 0.250000
vt 0.437500 0.250000
vt 0.429688 0.250000
vt 0.421875 0.250000
vt 0.414063 0.250000
vt 0.406250 0.250000
vt 0.398438 0.250000
vt 0.390625 0.250000
vt 0.382813 0.250000
vt 0.375000 0.242188
vt 0.375000 0.250000
vt 0.375000 0.234375
vt 0.375000 0.226563
vt 0.375000 0.218750
vt 0.375000 0.210938
vt 0.375000 0.203125
vt 0.375000 0.195313
vt 0.375000 0.187500
vt 0.375000 0.179688
vt 0.375000 0.171875
vt 0.375000 0.164063
vt 0.375000 0.156250
vt 0.375000 0.148438
vt 0.375000 0.140625
vt 0.375000 0.132812
vt 0.375000 0.125000
vt 0.375000 0.117188
vt 0.375000 0.109375
vt 0.375000 0.101563
vt 0.375000 0.093750
vt 0.375000 0.085938
vt 0.375000 0.078125
vt 0.375000 0.070313
vt 0.375000 0.062500
vt 0.375000 0.054688
vt 0.375000 0.046875
vt 0.375000 0.039063
vt 0.375000 0.031250
vt 0.375000 0.023438
vt 0.375000 0.015625
vt 0.132813 0.507812
vt 0.140625 0.507812
vt 0.140625 0.515625
vt 0.132812 0.515625
vt 0.148438 0.507813
vt 0.148438 0.515625
vt 0.156250 0.507812
vt 0.156250 0.515625
vt 0.164063 0.507813
vt 0.164063 0.515625
vt 0.171875 0.507812
vt 0.171875 0.515625
vt 0.179688 0.507813
vt 0.179688 0.515625
vt 0.187500 0.507813
vt 0.187500 0.515625
vt 0.195312 0.507813
vt 0.195313 0.515625
vt 0.203125 0.507813
vt 0.203125 0.515625
vt 0.210938 0.507813
vt 0.210938 0.515625
vt 0.218750 0.507812
vt 0.218750 0.515625
vt 0.226563 0.507812
vt 0.226562 0.515625
vt 0.234375 0.507813
vt 0.234375 0.515625
vt 0.242188 0.507812
vt 0.242188 0.515625
vt 0.250000 0.507812
vt 0.250000 0.515625
vt 0.257812 0.507812
vt 0.257812 0.515625
vt 0.265625 0.507812
vt 0.265625 0.515625
vt 0.273438 0.507813
vt 0.273438 0.515625
vt 0.281250 0.507812
vt 0.281250 0.515625
vt 0.289063 0.507813
vt 0.289063 0.515625
vt 0.296875 0.507813
vt 0.296875 0.515625
vt 0.304688 0.507812
vt 0.304688 0.515625
vt 0.312500 0.507813
vt 0.312500 0.515625
vt 0.320313 0.507813
vt 0.320313 0.515625
vt 0.328125 0.507813
vt 0.328125 0.515625
vt 0.335938 0.507813
vt 0.335938 0.515625
vt 0.343750 0.507812
vt 0.343750 0.515625
vt 0.351563 0.507813
vt 0.351562 0.515625
vt 0.359375 0.507812
vt 0.359375 0.515625
vt 0.367188 0.507812
vt 0.367187 0.515625
vt 0.140625 0.523438
vt 0.132812 0.523438
vt 0.148438 0.523438
vt 0.156250 0.523438
vt 0.164063 0.523438
vt 0.171875 0.523438
vt 0.179688 0.523438
vt 0.187500 0.523438
vt 0.195312 0.523438
vt 0.203125 0.523438
vt 0.210938 0.523438
vt 0.218750 0.523438
vt 0.226563 0.523438
vt 0.234375 0.523438
vt 0.242188 0.523438
vt 0.250000 0.523438
vt 0.257813 0.523438
vt 0.265625 0.523438
vt 0.273438 0.523438
vt 0.281250 0.523438
vt 0.289063 0.523438
vt 0.296875 0.523438
vt 0.304688 0.523438
vt 0.312500 0.523438
vt 0.320313 0.523438
vt 0.328125 0.523438
vt 0.335938 0.523438
vt 0.343750 0.523438
vt 0.351563 0.523438
vt 0.359375 0.523438
vt 0.367188 0.523438
vt 0.140625 0.531250
vt 0.132812 0.531250
vt 0.148438 0.531250
vt 0.156250 0.531250
vt 0.164063 0.531250
vt 0.171875 0.531250
vt 0.179688 0.531250
vt 0.187500 0.531250
vt 0.195313 0.531250
vt 0.203125 0.531250
vt 0.210938 0.531250
vt 0.218750 0.531250
vt 0.226563 0.531250
vt 0.234375 0.531250
vt 0.242187 0.531250
vt 0.250000 0.531250
vt 0.257812 0.531250
vt 0.265625 0.531250
vt 0.273438 0.531250
vt 0.281250 0.531250
vt 0.289063 0.531250
vt 0.296875 0.531250
vt 0.304688 0.531250
vt 0.312500 0.531250
vt 0.320313 0.531250
vt 0.328125 0.531250
vt 0.335938 0.531250
vt 0.343750 0.531250
vt 0.351562 0.531250
vt 0.359375 0.531250
vt 0.367188 0.531250
vt 0.140625 0.539063
vt 0.132813 0.539063
vt 0.148438 0.539062
vt 0.156250 0.539063
vt 0.164063 0.539063
vt 0.171875 0.539063
vt 0.179687 0.539063
vt 0.187500 0.539062
vt 0.195312 0.539062
vt 0.203125 0.539063
vt 0.210938 0.539063
vt 0.218750 0.539063
vt 0.226563 0.539062
vt 0.234375 0.539063
vt 0.242188 0.539063
vt 0.250000 0.539063
vt 0.257812 0.539062
vt 0.265625 0.539063
vt 0.273438 0.539062
vt 0.281250 0.539062
vt 0.289063 0.539063
vt 0.296875 0.539063
vt 0.304688 0.539062
vt 0.312500 0.539062
vt 0.320313 0.539063
vt 0.328125 0.539062
vt 0.335938 0.539063
vt 0.343750 0.539063
vt 0.351563 0.539063
vt 0.359375 0.539063
vt 0.367188 0.539063
vt 0.140625 0.546875
vt 0.132812 0.546875
vt 0.148438 0.546875
vt 0.156250 0.546875
vt 0.164063 0.546875
vt 0.171875 0.546875
vt 0.179688 0.546875
vt 0.187500 0.546875
vt 0.195313 0.546875
vt 0.203125 0.546875
vt 0.210938 0.546875
vt 0.218750 0.546875
vt 0.226563 0.546875
vt 0.234375 0.546875
vt 0.242188 0.546875
vt 0.250000 0.546875
vt 0.257812 0.546875
vt 0.265625 0.546875
vt 0.273438 0.546875
vt 0.281250 0.546875
vt 0.289063 0.546875
vt 0.296875 0.546875
vt 0.304688 0.546875
vt 0.312500 0.546875
vt 0.320313 0.546875
vt 0.328125 0.546875
vt 0.335938 0.546875
vt 0.343750 0.546875
vt 0.351562 0.546875
vt 0.359375 0.546875
vt 0.367188 0.546875
vt 0.140625 0.554688
vt 0.132813 0.554688
vt 0.148438 0.554688
vt 0.156250 0.554688
vt 0.164062 0.554688
vt 0.171875 0.554688
vt 0.179688 0.554688
vt 0.187500 0.554688
vt 0.195313 0.554688
vt 0.203125 0.554688
vt 0.210938 0.554688
vt 0.218750 0.554688
vt 0.226563 0.554688
vt 0.234375 0.554688
vt 0.242188 0.554688
vt 0.250000 0.554687
vt 0.257813 0.554688
vt 0.265625 0.554688
vt 0.273438 0.554687
vt 0.281250 0.554688
vt 0.289062 0.554688
vt 0.296875 0.554688
vt 0.304688 0.554688
vt 0.312500 0.554688
vt 0.320313 0.554688
vt 0.328125 0.554688
vt 0.335938 0.554688
vt 0.343750 0.554688
vt 0.351562 0.554688
vt 0.359375 0.554688
vt 0.367188 0.554688
vt 0.140625 0.562500
vt 0.132812 0.562500
vt 0.148438 0.562500
vt 0.156250 0.562500
vt 0.164063 0.562500
vt 0.171875 0.562500
vt 0.179688 0.562500
vt 0.187500 0.562500
vt 0.195313 0.562500
vt 0.203125 0.562500
vt 0.210938 0.562500
vt 0.218750 0.562500
vt 0.226563 0.562500
vt 0.234375 0.562500
vt 0.242188 0.562500
vt 0.250000 0.562500
vt 0.257812 0.562500
vt 0.265625 0.562500
vt 0.273438 0.562500
vt 0.281250 0.562500
vt 0.289063 0.562500
vt 0.296875 0.562500
vt 0.304688 0.562500
vt 0.312500 0.562500
vt 0.320313 0.562500
vt 0.328125 0.562500
vt 0.335938 0.562500
vt 0.343750 0.562500
vt 0.351563 0.562500
vt 0.359375 0.562500
vt 0.367188 0.562500
vt 0.140625 0.570312
vt 0.132812 0.570313
vt 0.148438 0.570313
vt 0.156250 0.570312
vt 0.164063 0.570312
vt 0.171875 0.570312
vt 0.179688 0.570312
vt 0.187500 0.570313
vt 0.195313 0.570313
vt 0.203125 0.570313
vt 0.210938 0.570313
vt 0.218750 0.570313
vt 0.226562 0.570312
vt 0.234375 0.570312
vt 0.242188 0.570312
vt 0.250000 0.570313
vt 0.257812 0.570312
vt 0.265625 0.570313
vt 0.273438 0.570312
vt 0.281250 0.570313
vt 0.289063 0.570313
vt 0.296875 0.570313
vt 0.304688 0.570313
vt 0.312500 0.570313
vt 0.320312 0.570312
vt 0.328125 0.570313
vt 0.335938 0.570312
vt 0.343750 0.570312
vt 0.351562 0.570312
vt 0.359375 0.570312
vt 0.367188 0.570312
vt 0.140625 0.578125
vt 0.132813 0.578125
vt 0.148438 0.578125
vt 0.156250 0.578125
vt 0.164063 0.578125
vt 0.171875 0.578125
vt 0.179688 0.578125
vt 0.187500 0.578125
vt 0.195313 0.578125
vt 0.203125 0.578125
vt 0.210938 0.578125
vt 0.218750 0.578125
vt 0.226563 0.578125
vt 0.234375 0.578125
vt 0.242188 0.578125
vt 0.250000 0.578125
vt 0.257813 0.578125
vt 0.265625 0.578125
vt 0.273438 0.578125
vt 0.281250 0.578125
vt 0.289062 0.578125
vt 0.296875 0.578125
vt 0.304688 0.578125
vt 0.312500 0.578125
vt 0.320313 0.578125
vt 0.328125 0.578125
vt 0.335938 0.578125
vt 0.343750 0.578125
vt 0.351562 0.578125
vt 0.359375 0.578125
vt 0.367188 0.578125
vt 0.140625 0.585938
vt 0.132812 0.585938
vt 0.148438 0.585938
vt 0.156250 0.585938
vt 0.164063 0.585938
vt 0.171875 0.585938
vt 0.179688 0.585938
vt 0.187500 0.585937
vt 0.195313 0.585938
vt 0.203125 0.585938
vt 0.210938 0.585938
vt 0.218750 0.585938
vt 0.226563 0.585938
vt 0.234375 0.585938
vt 0.242188 0.585938
vt 0.250000 0.585938
vt 0.257812 0.585938
vt 0.265625 0.585938
vt 0.273438 0.585938
vt 0.281250 0.585938
vt 0.289063 0.585938
vt 0.296875 0.585938
vt 0.304688 0.585938
vt 0.312500 0.585938
vt 0.320312 0.585938
vt 0.328125 0.585938
vt 0.335938 0.585938
vt 0.343750 0.585938
vt 0.351563 0.585938
vt 0.359375 0.585938
vt 0.367188 0.585938
vt 0.140625 0.593750
vt 0.132812 0.593750
vt 0.148438 0.593750
vt 0.156250 0.593750
vt 0.164063 0.593750
vt 0.171875 0.593750
vt 0.179688 0.593750
vt 0.187500 0.593750
vt 0.195313 0.593750
vt 0.203125 0.593750
vt 0.210938 0.593750
vt 0.218750 0.593750
vt 0.226563 0.593750
vt 0.234375 0.593750
vt 0.242188 0.593750
vt 0.250000 0.593750
vt 0.257812 0.593750
vt 0.265625 0.593750
vt 0.273438 0.593750
vt 0.281250 0.593750
vt 0.289063 0.593750
vt 0.296875 0.593750
vt 0.304688 0.593750
vt 0.312500 0.593750
vt 0.320313 0.593750
vt 0.328125 0.593750
vt 0.335938 0.593750
vt 0.343750 0.593750
vt 0.351563 0.593750
vt 0.359375 0.593750
vt 0.367188 0.593750
vt 0.140625 0.601563
vt 0.132813 0.601562
vt 0.148438 0.601562
vt 0.156250 0.601562
vt 0.164063 0.601562
vt 0.171875 0.601563
vt 0.179688 0.601562
vt 0.187500 0.601563
vt 0.195313 0.601562
vt 0.203125 0.601563
vt 0.210938 0.601562
vt 0.218750 0.601563
vt 0.226563 0.601563
vt 0.234375 0.601563
vt 0.242188 0.601563
vt 0.250000 0.601562
vt 0.257813 0.601563
vt 0.265625 0.601562
vt 0.273438 0.601563
vt 0.281250 0.601563
vt 0.289063 0.601563
vt 0.296875 0.601563
vt 0.304688 0.601562
vt 0.312500 0.601563
vt 0.320313 0.601562
vt 0.328125 0.601563
vt 0.335938 0.601562
vt 0.343750 0.601562
vt 0.351562 0.601562
vt 0.359375 0.601563
vt 0.367188 0.601562
vt 0.140625 0.609375
vt 0.132812 0.609375
vt 0.148438 0.609375
vt 0.156250 0.609375
vt 0.164063 0.609375
vt 0.171875 0.609375
vt 0.179688 0.609375
vt 0.187500 0.609375
vt 0.195313 0.609375
vt 0.203125 0.609375
vt 0.210938 0.609375
vt 0.218750 0.609375
vt 0.226562 0.609375
vt 0.234375 0.609375
vt 0.242188 0.609375
vt 0.250000 0.609375
vt 0.257812 0.609375
vt 0.265625 0.609375
vt 0.273438 0.609375
vt 0.281250 0.609375
vt 0.289063 0.609375
vt 0.296875 0.609375
vt 0.304688 0.609375
vt 0.312500 0.609375
vt 0.320312 0.609375
vt 0.328125 0.609375
vt 0.335938 0.609375
vt 0.343750 0.609375
vt 0.351562 0.609375
vt 0.359375 0.609375
vt 0.367188 0.609375
vt 0.140625 0.617188
vt 0.132813 0.617188
vt 0.148438 0.617187
vt 0.156250 0.617188
vt 0.164063 0.617188
vt 0.171875 0.617188
vt 0.179688 0.617188
vt 0.187500 0.617188
vt 0.195313 0.617188
vt 0.203125 0.617188
vt 0.210938 0.617188
vt 0.218750 0.617188
vt 0.226563 0.617188
vt 0.234375 0.617188
vt 0.242188 0.617188
vt 0.250000 0.617188
vt 0.257813 0.617188
vt 0.265625 0.617188
vt 0.273438 0.617188
vt 0.281250 0.617188
vt 0.289063 0.617188
vt 0.296875 0.617188
vt 0.304688 0.617188
vt 0.312500 0.617188
vt 0.320312 0.617188
vt 0.328125 0.617188
vt 0.335938 0.617188
vt 0.343750 0.617188
vt 0.351562 0.617188
vt 0.359375 0.617188
vt 0.367188 0.617187
vt 0.140625 0.625000
vt 0.132813 0.625000
vt 0.148438 0.625000
vt 0.156250 0.625000
vt 0.164062 0.625000
vt 0.171875 0.625000
vt 0.179688 0.625000
vt 0.187500 0.625000
vt 0.195313 0.625000
vt 0.203125 0.625000
vt 0.210938 0.625000
vt 0.218750 0.625000
vt 0.226563 0.625000
vt 0.234375 0.625000
vt 0.242188 0.625000
vt 0.250000 0.625000
vt 0.257812 0.625000
vt 0.265625 0.625000
vt 0.273438 0.625000
vt 0.281250 0.625000
vt 0.289063 0.625000
vt 0.296875 0.625000
vt 0.304688 0.625000
vt 0.312500 0.625000
vt 0.320312 0.625000
vt 0.328125 0.625000
vt 0.335938 0.625000
vt 0.343750 0.625000
vt 0.351562 0.625000
vt 0.359375 0.625000
vt 0.367188 0.625000
vt 0.140625 0.632812
vt 0.132813 0.632812
vt 0.148438 0.632812
vt 0.156250 0.632812
vt 0.164063 0.632813
vt 0.171875 0.632812
vt 0.179688 0.632812
vt 0.187500 0.632812
vt 0.195313 0.632812
vt 0.203125 0.632813
vt 0.210938 0.632812
vt 0.218750 0.632812
vt 0.226563 0.632813
vt 0.234375 0.632812
vt 0.242188 0.632813
vt 0.250000 0.632812
vt 0.257812 0.632813
vt 0.265625 0.632812
vt 0.273438 0.632813
vt 0.281250 0.632812
vt 0.289062 0.632813
vt 0.296875 0.632813
vt 0.304688 0.632812
vt 0.312500 0.632812
vt 0.320312 0.632813
vt 0.328125 0.632813
vt 0.335938 0.632812
vt 0.343750 0.632812
vt 0.351563 0.632813
vt 0.359375 0.632812
vt 0.367188 0.632812
vt 0.140625 0.640625
vt 0.132812 0.640625
vt 0.148438 0.640625
vt 0.156250 0.640625
vt 0.164063 0.640625
vt 0.171875 0.640625
vt 0.179688 0.640625
vt 0.187500 0.640625
vt 0.195313 0.640625
vt 0.203125 0.640625
vt 0.210938 0.640625
vt 0.218750 0.640625
vt 0.226562 0.640625
vt 0.234375 0.640625
vt 0.242188 0.640625
vt 0.250000 0.640625
vt 0.257812 0.640625
vt 0.265625 0.640625
vt 0.273438 0.640625
vt 0.281250 0.640625
vt 0.289063 0.640625
vt 0.296875 0.640625
vt 0.304688 0.640625
vt 0.312500 0.640625
vt 0.320313 0.640625
vt 0.328125 0.640625
vt 0.335938 0.640625
vt 0.343750 0.640625
vt 0.351563 0.640625
vt 0.359375 0.640625
vt 0.367188 0.640625
vt 0.140625 0.648438
vt 0.132813 0.648438
vt 0.148438 0.648438
vt 0.156250 0.648438
vt 0.164063 0.648438
vt 0.171875 0.648438
vt 0.179688 0.648438
vt 0.187500 0.648438
vt 0.195313 0.648438
vt 0.203125 0.648438
vt 0.210938 0.648438
vt 0.218750 0.648438
vt 0.226563 0.648438
vt 0.234375 0.648438
vt 0.242188 0.648438
vt 0.250000 0.648438
vt 0.257813 0.648438
vt 0.265625 0.648438
vt 0.273438 0.648438
vt 0.281250 0.648438
vt 0.289063 0.648438
vt 0.296875 0.648438
vt 0.304688 0.648438
vt 0.312500 0.648438
vt 0.320312 0.648438
vt 0.328125 0.648438
vt 0.335938 0.648438
vt 0.343750 0.648438
vt 0.351563 0.648438
vt 0.359375 0.648438
vt 0.367188 0.648438
vt 0.140625 0.656250
vt 0.132813 0.656250
vt 0.148438 0.656250
vt 0.156250 0.656250
vt 0.164062 0.656250
vt 0.171875 0.656250
vt 0.179688 0.656250
vt 0.187500 0.656250
vt 0.195312 0.656250
vt 0.203125 0.656250
vt 0.210938 0.656250
vt 0.218750 0.656250
vt 0.226562 0.656250
vt 0.234375 0.656250
vt 0.242188 0.656250
vt 0.250000 0.656250
vt 0.257812 0.656250
vt 0.265625 0.656250
vt 0.273438 0.656250
vt 0.281250 0.656250
vt 0.289063 0.656250
vt 0.296875 0.656250
vt 0.304688 0.656250
vt 0.312500 0.656250
vt 0.320312 0.656250
vt 0.328125 0.656250
vt 0.335938 0.656250
vt 0.343750 0.656250
vt 0.351563 0.656250
vt 0.359375 0.656250
vt 0.367188 0.656250
vt 0.140625 0.664062
vt 0.132812 0.664062
vt 0.148438 0.664063
vt 0.156250 0.664063
vt 0.164062 0.664063
vt 0.171875 0.664063
vt 0.179688 0.664063
vt 0.187500 0.664063
vt 0.195313 0.664063
vt 0.203125 0.664063
vt 0.210938 0.664063
vt 0.218750 0.664063
vt 0.226563 0.664063
vt 0.234375 0.664063
vt 0.242188 0.664063
vt 0.250000 0.664063
vt 0.257812 0.664062
vt 0.265625 0.664063
vt 0.273438 0.664062
vt 0.281250 0.664063
vt 0.289063 0.664063
vt 0.296875 0.664063
vt 0.304688 0.664063
vt 0.312500 0.664063
vt 0.320313 0.664062
vt 0.328125 0.664063
vt 0.335938 0.664063
vt 0.343750 0.664063
vt 0.351563 0.664063
vt 0.359375 0.664063
vt 0.367188 0.664063
vt 0.140625 0.671875
vt 0.132813 0.671875
vt 0.148438 0.671875
vt 0.156250 0.671875
vt 0.164063 0.671875
vt 0.171875 0.671875
vt 0.179688 0.671875
vt 0.187500 0.671875
vt 0.195313 0.671875
vt 0.203125 0.671875
vt 0.210938 0.671875
vt 0.218750 0.671875
vt 0.226563 0.671875
vt 0.234375 0.671875
vt 0.242188 0.671875
vt 0.250000 0.671875
vt 0.257812 0.671875
vt 0.265625 0.671875
vt 0.273438 0.671875
vt 0.281250 0.671875
vt 0.289063 0.671875
vt 0.296875 0.671875
vt 0.304688 0.671875
vt 0.312500 0.671875
vt 0.320313 0.671875
vt 0.328125 0.671875
vt 0.335938 0.671875
vt 0.343750 0.671875
vt 0.351563 0.671875
vt 0.359375 0.671875
vt 0.367188 0.671875
vt 0.140625 0.679688
vt 0.132812 0.679688
vt 0.148438 0.679688
vt 0.156250 0.679688
vt 0.164063 0.679688
vt 0.171875 0.679688
vt 0.179688 0.679688
vt 0.187500 0.679688
vt 0.195313 0.679688
vt 0.203125 0.679688
vt 0.210938 0.679688
vt 0.218750 0.679688
vt 0.226563 0.679688
vt 0.234375 0.679688
vt 0.242188 0.679688
vt 0.250000 0.679688
vt 0.257813 0.679688
vt 0.265625 0.679688
vt 0.273438 0.679688
vt 0.281250 0.679688
vt 0.289063 0.679688
vt 0.296875 0.679688
vt 0.304688 0.679688
vt 0.312500 0.679688
vt 0.320313 0.679688
vt 0.328125 0.679688
vt 0.335938 0.679688
vt 0.343750 0.679688
vt 0.351562 0.679688
vt 0.359375 0.679688
vt 0.367188 0.679688
vt 0.140625 0.687500
vt 0.132812 0.687500
vt 0.148438 0.687500
vt 0.156250 0.687500
vt 0.164063 0.687500
vt 0.171875 0.687500
vt 0.179688 0.687500
vt 0.187500 0.687500
vt 0.195313 0.687500
vt 0.203125 0.687500
vt 0.210938 0.687500
vt 0.218750 0.687500
vt 0.226563 0.687500
vt 0.234375 0.687500
vt 0.242188 0.687500
vt 0.250000 0.687500
vt 0.257812 0.687500
vt 0.265625 0.687500
vt 0.273438 0.687500
vt 0.281250 0.687500
vt 0.289062 0.687500
vt 0.296875 0.687500
vt 0.304688 0.687500
vt 0.312500 0.687500
vt 0.320313 0.687500
vt 0.328125 0.687500
vt 0.335938 0.687500
vt 0.343750 0.687500
vt 0.351563 0.687500
vt 0.359375 0.687500
vt 0.367188 0.687500
vt 0.140625 0.695313
vt 0.132813 0.695313
vt 0.148438 0.695313
vt 0.156250 0.695313
vt 0.164062 0.695313
vt 0.171875 0.695312
vt 0.179688 0.695313
vt 0.187500 0.695313
vt 0.195313 0.695313
vt 0.203125 0.695313
vt 0.210938 0.695313
vt 0.218750 0.695313
vt 0.226563 0.695313
vt 0.234375 0.695313
vt 0.242188 0.695313
vt 0.250000 0.695313
vt 0.257812 0.695312
vt 0.265625 0.695312
vt 0.273438 0.695313
vt 0.281250 0.695312
vt 0.289062 0.695313
vt 0.296875 0.695313
vt 0.304688 0.695313
vt 0.312500 0.695312
vt 0.320313 0.695313
vt 0.328125 0.695313
vt 0.335938 0.695312
vt 0.343750 0.695313
vt 0.351563 0.695313
vt 0.359375 0.695312
vt 0.367188 0.695312
vt 0.140625 0.703125
vt 0.132813 0.703125
vt 0.148438 0.703125
vt 0.156250 0.703125
vt 0.164063 0.703125
vt 0.171875 0.703125
vt 0.179688 0.703125
vt 0.187500 0.703125
vt 0.195313 0.703125
vt 0.203125 0.703125
vt 0.210938 0.703125
vt 0.218750 0.703125
vt 0.226563 0.703125
vt 0.234375 0.703125
vt 0.242188 0.703125
vt 0.250000 0.703125
vt 0.257812 0.703125
vt 0.265625 0.703125
vt 0.273438 0.703125
vt 0.281250 0.703125
vt 0.289062 0.703125
vt 0.296875 0.703125
vt 0.304688 0.703125
vt 0.312500 0.703125
vt 0.320313 0.703125
vt 0.328125 0.703125
vt 0.335938 0.703125
vt 0.343750 0.703125
vt 0.351563 0.703125
vt 0.359375 0.703125
vt 0.367188 0.703125
vt 0.140625 0.710938
vt 0.132813 0.710938
vt 0.148438 0.710938
vt 0.156250 0.710938
vt 0.164063 0.710938
vt 0.171875 0.710938
vt 0.179688 0.710938
vt 0.187500 0.710938
vt 0.195313 0.710938
vt 0.203125 0.710938
vt 0.210938 0.710938
vt 0.218750 0.710938
vt 0.226563 0.710938
vt 0.234375 0.710938
vt 0.242188 0.710938
vt 0.250000 0.710938
vt 0.257813 0.710938
vt 0.265625 0.710938
vt 0.273438 0.710938
vt 0.281250 0.710938
vt 0.289063 0.710938
vt 0.296875 0.710938
vt 0.304688 0.710938
vt 0.312500 0.710938
vt 0.320312 0.710938
vt 0.328125 0.710938
vt 0.335938 0.710938
vt 0.343750 0.710938
vt 0.351563 0.710938
vt 0.359375 0.710938
vt 0.367188 0.710938
vt 0.140625 0.718750
vt 0.132813 0.718750
vt 0.148438 0.718750
vt 0.156250 0.718750
vt 0.164062 0.718750
vt 0.171875 0.718750
vt 0.179688 0.718750
vt 0.187500 0.718750
vt 0.195313 0.718750
vt 0.203125 0.718750
vt 0.210938 0.718750
vt 0.218750 0.718750
vt 0.226563 0.718750
vt 0.234375 0.718750
vt 0.242188 0.718750
vt 0.250000 0.718750
vt 0.257812 0.718750
vt 0.265625 0.718750
vt 0.273438 0.718750
vt 0.281250 0.718750
vt 0.289063 0.718750
vt 0.296875 0.718750
vt 0.304688 0.718750
vt 0.312500 0.718750
vt 0.320312 0.718750
vt 0.328125 0.718750
vt 0.335938 0.718750
vt 0.343750 0.718750
vt 0.351562 0.718750
vt 0.359375 0.718750
vt 0.367188 0.718750
vt 0.140625 0.726562
vt 0.132812 0.726563
vt 0.148438 0.726563
vt 0.156250 0.726562
vt 0.164063 0.726563
vt 0.171875 0.726563
vt 0.179688 0.726563
vt 0.187500 0.726563
vt 0.195313 0.726563
vt 0.203125 0.726562
vt 0.210938 0.726563
vt 0.218750 0.726563
vt 0.226563 0.726563
vt 0.234375 0.726563
vt 0.242188 0.726563
vt 0.250000 0.726562
vt 0.257813 0.726563
vt 0.265625 0.726563
vt 0.273438 0.726562
vt 0.281250 0.726563
vt 0.289063 0.726563
vt 0.296875 0.726563
vt 0.304688 0.726562
vt 0.312500 0.726563
vt 0.320312 0.726563
vt 0.328125 0.726562
vt 0.335938 0.726563
vt 0.343750 0.726562
vt 0.351563 0.726563
vt 0.359375 0.726563
vt 0.367188 0.726563
vt 0.140625 0.734375
vt 0.132812 0.734375
vt 0.148438 0.734375
vt 0.156250 0.734375
vt 0.164063 0.734375
vt 0.171875 0.734375
vt 0.179688 0.734375
vt 0.187500 0.734375
vt 0.195313 0.734375
vt 0.203125 0.734375
vt 0.210938 0.734375
vt 0.218750 0.734375
vt 0.226563 0.734375
vt 0.234375 0.734375
vt 0.242188 0.734375
vt 0.250000 0.734375
vt 0.257812 0.734375
vt 0.265625 0.734375
vt 0.273438 0.734375
vt 0.281250 0.734375
vt 0.289062 0.734375
vt 0.296875 0.734375
vt 0.304688 0.734375
vt 0.312500 0.734375
vt 0.320312 0.734375
vt 0.328125 0.734375
vt 0.335938 0.734375
vt 0.343750 0.734375
vt 0.351563 0.734375
vt 0.359375 0.734375
vt 0.367188 0.734375
vt 0.140625 0.742188
vt 0.132812 0.742188
vt 0.148438 0.742188
vt 0.156250 0.742188
vt 0.164063 0.742188
vt 0.171875 0.742188
vt 0.179688 0.742188
vt 0.187500 0.742188
vt 0.195312 0.742188
vt 0.203125 0.742188
vt 0.210938 0.742188
vt 0.218750 0.742188
vt 0.226563 0.742188
vt 0.234375 0.742188
vt 0.242188 0.742188
vt 0.250000 0.742188
vt 0.257812 0.742188
vt 0.265625 0.742188
vt 0.273438 0.742188
vt 0.281250 0.742188
vt 0.289062 0.742188
vt 0.296875 0.742188
vt 0.304688 0.742188
vt 0.312500 0.742188
vt 0.320312 0.742188
vt 0.328125 0.742188
vt 0.335938 0.742188
vt 0.343750 0.742188
vt 0.351562 0.742188
vt 0.359375 0.742188
vt 0.367188 0.742188
vt 0.125000 0.500000
vt 0.132812 0.500000
vt 0.125000 0.507813
vt 0.140625 0.500000
vt 0.148438 0.500000
vt 0.156250 0.500000
vt 0.164063 0.500000
vt 0.171875 0.500000
vt 0.179688 0.500000
vt 0.187500 0.500000
vt 0.195312 0.500000
vt 0.203125 0.500000
vt 0.210938 0.500000
vt 0.218750 0.500000
vt 0.226563 0.500000
vt 0.234375 0.500000
vt 0.242188 0.500000
vt 0.250000 0.500000
vt 0.257812 0.500000
vt 0.265625 0.500000
vt 0.273438 0.500000
vt 0.281250 0.500000
vt 0.289063 0.500000
vt 0.296875 0.500000
vt 0.304688 0.500000
vt 0.312500 0.500000
vt 0.320312 0.500000
vt 0.328125 0.500000
vt 0.335938 0.500000
vt 0.343750 0.500000
vt 0.351563 0.500000
vt 0.359375 0.500000
vt 0.367188 0.500000
vt 0.375000 0.500000
vt 0.375000 0.507813
vt 0.375000 0.515625
vt 0.375000 0.523438
vt 0.375000 0.531250
vt 0.375000 0.539062
vt 0.375000 0.546875
vt 0.375000 0.554688
vt 0.375000 0.562500
vt 0.375000 0.570313
vt 0.375000 0.578125
vt 0.375000 0.585938
vt 0.375000 0.593750
vt 0.375000 0.601563
vt 0.375000 0.609375
vt 0.375000 0.617188
vt 0.375000 0.625000
vt 0.375000 0.632812
vt 0.375000 0.640625
vt 0.375000 0.648438
vt 0.375000 0.656250
vt 0.375000 0.664063
vt 0.375000 0.671875
vt 0.375000 0.679688
vt 0.375000 0.687500
vt 0.375000 0.695312
vt 0.375000 0.703125
vt 0.375000 0.710938
vt 0.375000 0.718750
vt 0.375000 0.726563
vt 0.375000 0.734375
vt 0.375000 0.742188
vt 0.367188 0.750000
vt 0.359375 0.750000
vt 0.351562 0.750000
vt 0.343750 0.750000
vt 0.335938 0.750000
vt 0.328125 0.750000
vt 0.320312 0.750000
vt 0.312500 0.750000
vt 0.304688 0.750000
vt 0.296875 0.750000
vt 0.289063 0.750000
vt 0.281250 0.750000
vt 0.273438 0.750000
vt 0.265625 0.750000
vt 0.257812 0.750000
vt 0.250000 0.750000
vt 0.242188 0.750000
vt 0.234375 0.750000
vt 0.226563 0.750000
vt 0.218750 0.750000
vt 0.210938 0.750000
vt 0.203125 0.750000
vt 0.195312 0.750000
vt 0.187500 0.750000
vt 0.179688 0.750000
vt 0.171875 0.750000
vt 0.164063 0.750000
vt 0.156250 0.750000
vt 0.148438 0.750000
vt 0.140625 0.750000
vt 0.132812 0.750000
vt 0.125000 0.742188
vt 0.125000 0.750000
vt 0.125000 0.734375
vt 0.125000 0.726562
vt 0.125000 0.718750
vt 0.125000 0.710938
vt 0.125000 0.703125
vt 0.125000 0.695312
vt 0.125000 0.687500
vt 0.125000 0.679688
vt 0.125000 0.671875
vt 0.125000 0.664063
vt 0.125000 0.656250
vt 0.125000 0.648438
vt 0.125000 0.640625
vt 0.125000 0.632812
vt 0.125000 0.625000
vt 0.125000 0.617188
vt 0.125000 0.609375
vt 0.125000 0.601563
vt 0.125000 0.593750
vt 0.125000 0.585938
vt 0.125000 0.578125
vt 0.125000 0.570313
vt 0.125000 0.562500
vt 0.125000 0.554688
vt 0.125000 0.546875
vt 0.125000 0.539062
vt 0.125000 0.531250
vt 0.125000 0.523438
vt 0.125000 0.515625
vt 0.382812 0.507812
vt 0.390625 0.507812
vt 0.390625 0.515625
vt 0.382812 0.515625
vt 0.398438 0.507813
vt 0.398438 0.515625
vt 0.406250 0.507812
vt 0.406250 0.515625
vt 0.414063 0.507813
vt 0.414063 0.515625
vt 0.421875 0.507812
vt 0.421875 0.515625
vt 0.429688 0.507813
vt 0.429688 0.515625
vt 0.437500 0.507813
vt 0.437500 0.515625
vt 0.445312 0.507813
vt 0.445312 0.515625
vt 0.453125 0.507813
vt 0.453125 0.515625
vt 0.460938 0.507813
vt 0.460938 0.515625
vt 0.468750 0.507812
vt 0.468750 0.515625
vt 0.476562 0.507812
vt 0.476563 0.515625
vt 0.484375 0.507813
vt 0.484375 0.515625
vt 0.492188 0.507812
vt 0.492188 0.515625
vt 0.500000 0.507812
vt 0.500000 0.515625
vt 0.507812 0.507812
vt 0.507812 0.515625
vt 0.515625 0.507812
vt 0.515625 0.515625
vt 0.523438 0.507813
vt 0.523438 0.515625
vt 0.531250 0.507812
vt 0.531250 0.515625
vt 0.539063 0.507813
vt 0.539063 0.515625
vt 0.546875 0.507813
vt 0.546875 0.515625
vt 0.554688 0.507812
vt 0.554688 0.515625
vt 0.562500 0.507813
vt 0.562500 0.515625
vt 0.570313 0.507813
vt 0.570313 0.515625
vt 0.578125 0.507813
vt 0.578125 0.515625
vt 0.585938 0.507813
vt 0.585938 0.515625
vt 0.593750 0.507812
vt 0.593750 0.515625
vt 0.601562 0.507813
vt 0.601563 0.515625
vt 0.609375 0.507812
vt 0.609375 0.515625
vt 0.617188 0.507812
vt 0.617188 0.515625
vt 0.390625 0.523438
vt 0.382813 0.523438
vt 0.398438 0.523438
vt 0.406250 0.523438
vt 0.414063 0.523438
vt 0.421875 0.523438
vt 0.429688 0.523438
vt 0.437500 0.523438
vt 0.445313 0.523438
vt 0.453125 0.523438
vt 0.460938 0.523438
vt 0.468750 0.523438
vt 0.476563 0.523438
vt 0.484375 0.523438
vt 0.492188 0.523438
vt 0.500000 0.523438
vt 0.507813 0.523438
vt 0.515625 0.523438
vt 0.523438 0.523438
vt 0.531250 0.523438
vt 0.539063 0.523438
vt 0.546875 0.523438
vt 0.554688 0.523438
vt 0.562500 0.523438
vt 0.570313 0.523438
vt 0.578125 0.523438
vt 0.585938 0.523438
vt 0.593750 0.523438
vt 0.601563 0.523438
vt 0.609375 0.523438
vt 0.617187 0.523438
vt 0.390625 0.531250
vt 0.382812 0.531250
vt 0.398438 0.531250
vt 0.406250 0.531250
vt 0.414063 0.531250
vt 0.421875 0.531250
vt 0.429688 0.531250
vt 0.437500 0.531250
vt 0.445312 0.531250
vt 0.453125 0.531250
vt 0.460938 0.531250
vt 0.468750 0.531250
vt 0.476562 0.531250
vt 0.484375 0.531250
vt 0.492188 0.531250
vt 0.500000 0.531250
vt 0.507813 0.531250
vt 0.515625 0.531250
vt 0.523438 0.531250
vt 0.531250 0.531250
vt 0.539062 0.531250
vt 0.546875 0.531250
vt 0.554688 0.531250
vt 0.562500 0.531250
vt 0.570313 0.531250
vt 0.578125 0.531250
vt 0.585938 0.531250
vt 0.593750 0.531250
vt 0.601563 0.531250
vt 0.609375 0.531250
vt 0.617188 0.531250
vt 0.390625 0.539063
vt 0.382813 0.539063
vt 0.398438 0.539062
vt 0.406250 0.539063
vt 0.414063 0.539063
vt 0.421875 0.539063
vt 0.429688 0.539063
vt 0.437500 0.539062
vt 0.445312 0.539062
vt 0.453125 0.539063
vt 0.460938 0.539063
vt 0.468750 0.539063
vt 0.476563 0.539062
vt 0.484375 0.539063
vt 0.492188 0.539063
vt 0.500000 0.539063
vt 0.507813 0.539062
vt 0.515625 0.539063
vt 0.523438 0.539062
vt 0.531250 0.539062
vt 0.539063 0.539063
vt 0.546875 0.539063
vt 0.554688 0.539062
vt 0.562500 0.539062
vt 0.570313 0.539063
vt 0.578125 0.539062
vt 0.585938 0.539063
vt 0.593750 0.539063
vt 0.601563 0.539063
vt 0.609375 0.539063
vt 0.617188 0.539063
vt 0.390625 0.546875
vt 0.382813 0.546875
vt 0.398438 0.546875
vt 0.406250 0.546875
vt 0.414063 0.546875
vt 0.421875 0.546875
vt 0.429688 0.546875
vt 0.437500 0.546875
vt 0.445313 0.546875
vt 0.453125 0.546875
vt 0.460938 0.546875
vt 0.468750 0.546875
vt 0.476563 0.546875
vt 0.484375 0.546875
vt 0.492188 0.546875
vt 0.500000 0.546875
vt 0.507812 0.546875
vt 0.515625 0.546875
vt 0.523438 0.546875
vt 0.531250 0.546875
vt 0.539062 0.546875
vt 0.546875 0.546875
vt 0.554688 0.546875
vt 0.562500 0.546875
vt 0.570313 0.546875
vt 0.578125 0.546875
vt 0.585938 0.546875
vt 0.593750 0.546875
vt 0.601562 0.546875
vt 0.609375 0.546875
vt 0.617188 0.546875
vt 0.390625 0.554688
vt 0.382813 0.554688
vt 0.398438 0.554688
vt 0.406250 0.554688
vt 0.414062 0.554688
vt 0.421875 0.554688
vt 0.429688 0.554688
vt 0.437500 0.554688
vt 0.445313 0.554688
vt 0.453125 0.554688
vt 0.460938 0.554688
vt 0.468750 0.554688
vt 0.476563 0.554688
vt 0.484375 0.554688
vt 0.492188 0.554688
vt 0.500000 0.554687
vt 0.507813 0.554688
vt 0.515625 0.554688
vt 0.523438 0.554687
vt 0.531250 0.554688
vt 0.539062 0.554688
vt 0.546875 0.554688
vt 0.554688 0.554688
vt 0.562500 0.554688
vt 0.570313 0.554688
vt 0.578125 0.554688
vt 0.585938 0.554688
vt 0.593750 0.554688
vt 0.601562 0.554688
vt 0.609375 0.554688
vt 0.617188 0.554688
vt 0.390625 0.562500
vt 0.382813 0.562500
vt 0.398438 0.562500
vt 0.406250 0.562500
vt 0.414063 0.562500
vt 0.421875 0.562500
vt 0.429688 0.562500
vt 0.437500 0.562500
vt 0.445312 0.562500
vt 0.453125 0.562500
vt 0.460938 0.562500
vt 0.468750 0.562500
vt 0.476563 0.562500
vt 0.484375 0.562500
vt 0.492188 0.562500
vt 0.500000 0.562500
vt 0.507813 0.562500
vt 0.515625 0.562500
vt 0.523438 0.562500
vt 0.531250 0.562500
vt 0.539063 0.562500
vt 0.546875 0.562500
vt 0.554688 0.562500
vt 0.562500 0.562500
vt 0.570312 0.562500
vt 0.578125 0.562500
vt 0.585938 0.562500
vt 0.593750 0.562500
vt 0.601563 0.562500
vt 0.609375 0.562500
vt 0.617188 0.562500
vt 0.390625 0.570312
vt 0.382812 0.570313
vt 0.398438 0.570313
vt 0.406250 0.570312
vt 0.414063 0.570312
vt 0.421875 0.570312
vt 0.429688 0.570312
vt 0.437500 0.570313
vt 0.445313 0.570313
vt 0.453125 0.570313
vt 0.460938 0.570313
vt 0.468750 0.570313
vt 0.476562 0.570312
vt 0.484375 0.570312
vt 0.492188 0.570312
vt 0.500000 0.570313
vt 0.507813 0.570312
vt 0.515625 0.570313
vt 0.523438 0.570312
vt 0.531250 0.570313
vt 0.539062 0.570313
vt 0.546875 0.570313
vt 0.554688 0.570313
vt 0.562500 0.570313
vt 0.570313 0.570312
vt 0.578125 0.570313
vt 0.585938 0.570312
vt 0.593750 0.570312
vt 0.601563 0.570312
vt 0.609375 0.570312
vt 0.617188 0.570312
vt 0.390625 0.578125
vt 0.382813 0.578125
vt 0.398438 0.578125
vt 0.406250 0.578125
vt 0.414063 0.578125
vt 0.421875 0.578125
vt 0.429688 0.578125
vt 0.437500 0.578125
vt 0.445313 0.578125
vt 0.453125 0.578125
vt 0.460938 0.578125
vt 0.468750 0.578125
vt 0.476563 0.578125
vt 0.484375 0.578125
vt 0.492188 0.578125
vt 0.500000 0.578125
vt 0.507812 0.578125
vt 0.515625 0.578125
vt 0.523438 0.578125
vt 0.531250 0.578125
vt 0.539062 0.578125
vt 0.546875 0.578125
vt 0.554688 0.578125
vt 0.562500 0.578125
vt 0.570313 0.578125
vt 0.578125 0.578125
vt 0.585938 0.578125
vt 0.593750 0.578125
vt 0.601562 0.578125
vt 0.609375 0.578125
vt 0.617188 0.578125
vt 0.390625 0.585938
vt 0.382812 0.585938
vt 0.398438 0.585938
vt 0.406250 0.585938
vt 0.414063 0.585938
vt 0.421875 0.585938
vt 0.429688 0.585938
vt 0.437500 0.585937
vt 0.445313 0.585938
vt 0.453125 0.585938
vt 0.460938 0.585938
vt 0.468750 0.585938
vt 0.476563 0.585938
vt 0.484375 0.585938
vt 0.492188 0.585938
vt 0.500000 0.585938
vt 0.507813 0.585938
vt 0.515625 0.585938
vt 0.523438 0.585938
vt 0.531250 0.585938
vt 0.539063 0.585938
vt 0.546875 0.585938
vt 0.554688 0.585938
vt 0.562500 0.585938
vt 0.570313 0.585938
vt 0.578125 0.585938
vt 0.585938 0.585938
vt 0.593750 0.585938
vt 0.601563 0.585938
vt 0.609375 0.585938
vt 0.617188 0.585938
vt 0.390625 0.593750
vt 0.382812 0.593750
vt 0.398438 0.593750
vt 0.406250 0.593750
vt 0.414063 0.593750
vt 0.421875 0.593750
vt 0.429688 0.593750
vt 0.437500 0.593750
vt 0.445313 0.593750
vt 0.453125 0.593750
vt 0.460938 0.593750
vt 0.468750 0.593750
vt 0.476563 0.593750
vt 0.484375 0.593750
vt 0.492188 0.593750
vt 0.500000 0.593750
vt 0.507812 0.593750
vt 0.515625 0.593750
vt 0.523438 0.593750
vt 0.531250 0.593750
vt 0.539063 0.593750
vt 0.546875 0.593750
vt 0.554688 0.593750
vt 0.562500 0.593750
vt 0.570313 0.593750
vt 0.578125 0.593750
vt 0.585938 0.593750
vt 0.593750 0.593750
vt 0.601563 0.593750
vt 0.609375 0.593750
vt 0.617188 0.593750
vt 0.390625 0.601563
vt 0.382813 0.601562
vt 0.398438 0.601562
vt 0.406250 0.601562
vt 0.414063 0.601562
vt 0.421875 0.601563
vt 0.429688 0.601562
vt 0.437500 0.601563
vt 0.445313 0.601562
vt 0.453125 0.601563
vt 0.460938 0.601562
vt 0.468750 0.601563
vt 0.476563 0.601563
vt 0.484375 0.601563
vt 0.492188 0.601563
vt 0.500000 0.601562
vt 0.507813 0.601563
vt 0.515625 0.601562
vt 0.523438 0.601563
vt 0.531250 0.601563
vt 0.539063 0.601563
vt 0.546875 0.601563
vt 0.554688 0.601562
vt 0.562500 0.601563
vt 0.570313 0.601562
vt 0.578125 0.601563
vt 0.585938 0.601562
vt 0.593750 0.601562
vt 0.601563 0.601562
vt 0.609375 0.601563
vt 0.617188 0.601562
vt 0.390625 0.609375
vt 0.382813 0.609375
vt 0.398438 0.609375
vt 0.406250 0.609375
vt 0.414063 0.609375
vt 0.421875 0.609375
vt 0.429688 0.609375
vt 0.437500 0.609375
vt 0.445313 0.609375
vt 0.453125 0.609375
vt 0.460938 0.609375
vt 0.468750 0.609375
vt 0.476563 0.609375
vt 0.484375 0.609375
vt 0.492188 0.609375
vt 0.500000 0.609375
vt 0.507813 0.609375
vt 0.515625 0.609375
vt 0.523438 0.609375
vt 0.531250 0.609375
vt 0.539063 0.609375
vt 0.546875 0.609375
vt 0.554688 0.609375
vt 0.562500 0.609375
vt 0.570312 0.609375
vt 0.578125 0.609375
vt 0.585938 0.609375
vt 0.593750 0.609375
vt 0.601563 0.609375
vt 0.609375 0.609375
vt 0.617188 0.609375
vt 0.390625 0.617188
vt 0.382813 0.617188
vt 0.398438 0.617187
vt 0.406250 0.617188
vt 0.414063 0.617188
vt 0.421875 0.617188
vt 0.429688 0.617188
vt 0.437500 0.617188
vt 0.445313 0.617188
vt 0.453125 0.617188
vt 0.460938 0.617188
vt 0.468750 0.617188
vt 0.476563 0.617188
vt 0.484375 0.617188
vt 0.492188 0.617188
vt 0.500000 0.617188
vt 0.507813 0.617188
vt 0.515625 0.617188
vt 0.523438 0.617188
vt 0.531250 0.617188
vt 0.539063 0.617188
vt 0.546875 0.617188
vt 0.554688 0.617188
vt 0.562500 0.617188
vt 0.570313 0.617188
vt 0.578125 0.617188
vt 0.585938 0.617188
vt 0.593750 0.617188
vt 0.601562 0.617188
vt 0.609375 0.617188
vt 0.617188 0.617187
vt 0.390625 0.625000
vt 0.382813 0.625000
vt 0.398438 0.625000
vt 0.406250 0.625000
vt 0.414063 0.625000
vt 0.421875 0.625000
vt 0.429688 0.625000
vt 0.437500 0.625000
vt 0.445313 0.625000
vt 0.453125 0.625000
vt 0.460938 0.625000
vt 0.468750 0.625000
vt 0.476562 0.625000
vt 0.484375 0.625000
vt 0.492188 0.625000
vt 0.500000 0.625000
vt 0.507813 0.625000
vt 0.515625 0.625000
vt 0.523438 0.625000
vt 0.531250 0.625000
vt 0.539062 0.625000
vt 0.546875 0.625000
vt 0.554688 0.625000
vt 0.562500 0.625000
vt 0.570312 0.625000
vt 0.578125 0.625000
vt 0.585938 0.625000
vt 0.593750 0.625000
vt 0.601563 0.625000
vt 0.609375 0.625000
vt 0.617188 0.625000
vt 0.390625 0.632812
vt 0.382813 0.632812
vt 0.398438 0.632812
vt 0.406250 0.632812
vt 0.414063 0.632813
vt 0.421875 0.632812
vt 0.429688 0.632812
vt 0.437500 0.632812
vt 0.445313 0.632812
vt 0.453125 0.632813
vt 0.460938 0.632812
vt 0.468750 0.632812
vt 0.476562 0.632813
vt 0.484375 0.632812
vt 0.492188 0.632813
vt 0.500000 0.632812
vt 0.507812 0.632813
vt 0.515625 0.632812
vt 0.523438 0.632813
vt 0.531250 0.632812
vt 0.539063 0.632813
vt 0.546875 0.632813
vt 0.554688 0.632812
vt 0.562500 0.632812
vt 0.570312 0.632813
vt 0.578125 0.632813
vt 0.585938 0.632812
vt 0.593750 0.632812
vt 0.601563 0.632813
vt 0.609375 0.632812
vt 0.617188 0.632812
vt 0.390625 0.640625
vt 0.382813 0.640625
vt 0.398438 0.640625
vt 0.406250 0.640625
vt 0.414063 0.640625
vt 0.421875 0.640625
vt 0.429688 0.640625
vt 0.437500 0.640625
vt 0.445313 0.640625
vt 0.453125 0.640625
vt 0.460938 0.640625
vt 0.468750 0.640625
vt 0.476563 0.640625
vt 0.484375 0.640625
vt 0.492188 0.640625
vt 0.500000 0.640625
vt 0.507813 0.640625
vt 0.515625 0.640625
vt 0.523438 0.640625
vt 0.531250 0.640625
vt 0.539063 0.640625
vt 0.546875 0.640625
vt 0.554688 0.640625
vt 0.562500 0.640625
vt 0.570313 0.640625
vt 0.578125 0.640625
vt 0.585938 0.640625
vt 0.593750 0.640625
vt 0.601563 0.640625
vt 0.609375 0.640625
vt 0.617188 0.640625
vt 0.390625 0.648438
vt 0.382813 0.648438
vt 0.398438 0.648438
vt 0.406250 0.648438
vt 0.414063 0.648438
vt 0.421875 0.648438
vt 0.429688 0.648438
vt 0.437500 0.648438
vt 0.445313 0.648438
vt 0.453125 0.648438
vt 0.460938 0.648438
vt 0.468750 0.648438
vt 0.476563 0.648438
vt 0.484375 0.648438
vt 0.492188 0.648438
vt 0.500000 0.648438
vt 0.507813 0.648438
vt 0.515625 0.648438
vt 0.523438 0.648438
vt 0.531250 0.648438
vt 0.539063 0.648438
vt 0.546875 0.648438
vt 0.554688 0.648438
vt 0.562500 0.648438
vt 0.570312 0.648438
vt 0.578125 0.648438
vt 0.585938 0.648438
vt 0.593750 0.648438
vt 0.601563 0.648438
vt 0.609375 0.648438
vt 0.617188 0.648438
vt 0.390625 0.656250
vt 0.382812 0.656250
vt 0.398438 0.656250
vt 0.406250 0.656250
vt 0.414063 0.656250
vt 0.421875 0.656250
vt 0.429688 0.656250
vt 0.437500 0.656250
vt 0.445312 0.656250
vt 0.453125 0.656250
vt 0.460938 0.656250
vt 0.468750 0.656250
vt 0.476563 0.656250
vt 0.484375 0.656250
vt 0.492188 0.656250
vt 0.500000 0.656250
vt 0.507812 0.656250
vt 0.515625 0.656250
vt 0.523438 0.656250
vt 0.531250 0.656250
vt 0.539062 0.656250
vt 0.546875 0.656250
vt 0.554688 0.656250
vt 0.562500 0.656250
vt 0.570312 0.656250
vt 0.578125 0.656250
vt 0.585938 0.656250
vt 0.593750 0.656250
vt 0.601563 0.656250
vt 0.609375 0.656250
vt 0.617188 0.656250
vt 0.390625 0.664062
vt 0.382813 0.664062
vt 0.398438 0.664063
vt 0.406250 0.664063
vt 0.414062 0.664063
vt 0.421875 0.664063
vt 0.429688 0.664063
vt 0.437500 0.664063
vt 0.445313 0.664063
vt 0.453125 0.664063
vt 0.460938 0.664063
vt 0.468750 0.664063
vt 0.476563 0.664063
vt 0.484375 0.664063
vt 0.492188 0.664063
vt 0.500000 0.664063
vt 0.507813 0.664062
vt 0.515625 0.664063
vt 0.523438 0.664062
vt 0.531250 0.664063
vt 0.539063 0.664063
vt 0.546875 0.664063
vt 0.554688 0.664063
vt 0.562500 0.664063
vt 0.570312 0.664062
vt 0.578125 0.664063
vt 0.585938 0.664063
vt 0.593750 0.664063
vt 0.601563 0.664063
vt 0.609375 0.664063
vt 0.617188 0.664063
vt 0.390625 0.671875
vt 0.382813 0.671875
vt 0.398438 0.671875
vt 0.406250 0.671875
vt 0.414063 0.671875
vt 0.421875 0.671875
vt 0.429688 0.671875
vt 0.437500 0.671875
vt 0.445313 0.671875
vt 0.453125 0.671875
vt 0.460938 0.671875
vt 0.468750 0.671875
vt 0.476563 0.671875
vt 0.484375 0.671875
vt 0.492188 0.671875
vt 0.500000 0.671875
vt 0.507813 0.671875
vt 0.515625 0.671875
vt 0.523438 0.671875
vt 0.531250 0.671875
vt 0.539063 0.671875
vt 0.546875 0.671875
vt 0.554688 0.671875
vt 0.562500 0.671875
vt 0.570313 0.671875
vt 0.578125 0.671875
vt 0.585938 0.671875
vt 0.593750 0.671875
vt 0.601563 0.671875
vt 0.609375 0.671875
vt 0.617188 0.671875
vt 0.390625 0.679688
vt 0.382813 0.679688
vt 0.398438 0.679688
vt 0.406250 0.679688
vt 0.414063 0.679688
vt 0.421875 0.679688
vt 0.429688 0.679688
vt 0.437500 0.679688
vt 0.445313 0.679688
vt 0.453125 0.679688
vt 0.460938 0.679688
vt 0.468750 0.679688
vt 0.476562 0.679688
vt 0.484375 0.679688
vt 0.492188 0.679688
vt 0.500000 0.679688
vt 0.507813 0.679688
vt 0.515625 0.679688
vt 0.523438 0.679688
vt 0.531250 0.679688
vt 0.539063 0.679688
vt 0.546875 0.679688
vt 0.554688 0.679688
vt 0.562500 0.679688
vt 0.570313 0.679688
vt 0.578125 0.679688
vt 0.585938 0.679688
vt 0.593750 0.679688
vt 0.601563 0.679688
vt 0.609375 0.679688
vt 0.617188 0.679688
vt 0.390625 0.687500
vt 0.382812 0.687500
vt 0.398438 0.687500
vt 0.406250 0.687500
vt 0.414063 0.687500
vt 0.421875 0.687500
vt 0.429688 0.687500
vt 0.437500 0.687500
vt 0.445312 0.687500
vt 0.453125 0.687500
vt 0.460938 0.687500
vt 0.468750 0.687500
vt 0.476563 0.687500
vt 0.484375 0.687500
vt 0.492188 0.687500
vt 0.500000 0.687500
vt 0.507812 0.687500
vt 0.515625 0.687500
vt 0.523438 0.687500
vt 0.531250 0.687500
vt 0.539063 0.687500
vt 0.546875 0.687500
vt 0.554688 0.687500
vt 0.562500 0.687500
vt 0.570313 0.687500
vt 0.578125 0.687500
vt 0.585938 0.687500
vt 0.593750 0.687500
vt 0.601563 0.687500
vt 0.609375 0.687500
vt 0.617188 0.687500
vt 0.390625 0.695313
vt 0.382813 0.695313
vt 0.398438 0.695313
vt 0.406250 0.695313
vt 0.414063 0.695313
vt 0.421875 0.695312
vt 0.429688 0.695313
vt 0.437500 0.695313
vt 0.445313 0.695313
vt 0.453125 0.695313
vt 0.460938 0.695313
vt 0.468750 0.695313
vt 0.476563 0.695313
vt 0.484375 0.695313
vt 0.492188 0.695313
vt 0.500000 0.695313
vt 0.507812 0.695312
vt 0.515625 0.695312
vt 0.523438 0.695313
vt 0.531250 0.695312
vt 0.539062 0.695313
vt 0.546875 0.695313
vt 0.554688 0.695313
vt 0.562500 0.695312
vt 0.570313 0.695313
vt 0.578125 0.695313
vt 0.585938 0.695312
vt 0.593750 0.695313
vt 0.601563 0.695313
vt 0.609375 0.695312
vt 0.617188 0.695312
vt 0.390625 0.703125
vt 0.382813 0.703125
vt 0.398438 0.703125
vt 0.406250 0.703125
vt 0.414063 0.703125
vt 0.421875 0.703125
vt 0.429688 0.703125
vt 0.437500 0.703125
vt 0.445313 0.703125
vt 0.453125 0.703125
vt 0.460938 0.703125
vt 0.468750 0.703125
vt 0.476563 0.703125
vt 0.484375 0.703125
vt 0.492188 0.703125
vt 0.500000 0.703125
vt 0.507812 0.703125
vt 0.515625 0.703125
vt 0.523438 0.703125
vt 0.531250 0.703125
vt 0.539063 0.703125
vt 0.546875 0.703125
vt 0.554688 0.703125
vt 0.562500 0.703125
vt 0.570313 0.703125
vt 0.578125 0.703125
vt 0.585938 0.703125
vt 0.593750 0.703125
vt 0.601563 0.703125
vt 0.609375 0.703125
vt 0.617188 0.703125
vt 0.390625 0.710938
vt 0.382813 0.710938
vt 0.398438 0.710938
vt 0.406250 0.710938
vt 0.414063 0.710938
vt 0.421875 0.710938
vt 0.429688 0.710938
vt 0.437500 0.710938
vt 0.445312 0.710938
vt 0.453125 0.710938
vt 0.460938 0.710938
vt 0.468750 0.710938
vt 0.476563 0.710938
vt 0.484375 0.710938
vt 0.492188 0.710938
vt 0.500000 0.710938
vt 0.507813 0.710938
vt 0.515625 0.710938
vt 0.523438 0.710938
vt 0.531250 0.710938
vt 0.539062 0.710938
vt 0.546875 0.710938
vt 0.554688 0.710938
vt 0.562500 0.710938
vt 0.570313 0.710938
vt 0.578125 0.710938
vt 0.585938 0.710938
vt 0.593750 0.710938
vt 0.601563 0.710938
vt 0.609375 0.710938
vt 0.617188 0.710938
vt 0.390625 0.718750
vt 0.382813 0.718750
vt 0.398438 0.718750
vt 0.406250 0.718750
vt 0.414063 0.718750
vt 0.421875 0.718750
vt 0.429688 0.718750
vt 0.437500 0.718750
vt 0.445312 0.718750
vt 0.453125 0.718750
vt 0.460938 0.718750
vt 0.468750 0.718750
vt 0.476563 0.718750
vt 0.484375 0.718750
vt 0.492188 0.718750
vt 0.500000 0.718750
vt 0.507813 0.718750
vt 0.515625 0.718750
vt 0.523438 0.718750
vt 0.531250 0.718750
vt 0.539062 0.718750
vt 0.546875 0.718750
vt 0.554688 0.718750
vt 0.562500 0.718750
vt 0.570312 0.718750
vt 0.578125 0.718750
vt 0.585938 0.718750
vt 0.593750 0.718750
vt 0.601562 0.718750
vt 0.609375 0.718750
vt 0.617188 0.718750
vt 0.390625 0.726562
vt 0.382812 0.726563
vt 0.398438 0.726563
vt 0.406250 0.726562
vt 0.414063 0.726563
vt 0.421875 0.726563
vt 0.429688 0.726563
vt 0.437500 0.726563
vt 0.445313 0.726563
vt 0.453125 0.726562
vt 0.460938 0.726563
vt 0.468750 0.726563
vt 0.476563 0.726563
vt 0.484375 0.726563
vt 0.492188 0.726563
vt 0.500000 0.726562
vt 0.507813 0.726563
vt 0.515625 0.726563
vt 0.523438 0.726562
vt 0.531250 0.726563
vt 0.539063 0.726563
vt 0.546875 0.726563
vt 0.554688 0.726562
vt 0.562500 0.726563
vt 0.570312 0.726563
vt 0.578125 0.726562
vt 0.585938 0.726563
vt 0.593750 0.726562
vt 0.601563 0.726563
vt 0.609375 0.726563
vt 0.617188 0.726563
vt 0.390625 0.734375
vt 0.382812 0.734375
vt 0.398438 0.734375
vt 0.406250 0.734375
vt 0.414063 0.734375
vt 0.421875 0.734375
vt 0.429688 0.734375
vt 0.437500 0.734375
vt 0.445312 0.734375
vt 0.453125 0.734375
vt 0.460938 0.734375
vt 0.468750 0.734375
vt 0.476563 0.734375
vt 0.484375 0.734375
vt 0.492188 0.734375
vt 0.500000 0.734375
vt 0.507812 0.734375
vt 0.515625 0.734375
vt 0.523438 0.734375
vt 0.531250 0.734375
vt 0.539062 0.734375
vt 0.546875 0.734375
vt 0.554688 0.734375
vt 0.562500 0.734375
vt 0.570312 0.734375
vt 0.578125 0.734375
vt 0.585938 0.734375
vt 0.593750 0.734375
vt 0.601562 0.734375
vt 0.609375 0.734375
vt 0.617188 0.734375
vt 0.390625 0.742188
vt 0.382813 0.742188
vt 0.398438 0.742188
vt 0.406250 0.742188
vt 0.414063 0.742188
vt 0.421875 0.742188
vt 0.429688 0.742188
vt 0.437500 0.742188
vt 0.445312 0.742188
vt 0.453125 0.742188
vt 0.460938 0.742188
vt 0.468750 0.742188
vt 0.476562 0.742188
vt 0.484375 0.742188
vt 0.492188 0.742188
vt 0.500000 0.742188
vt 0.507812 0.742188
vt 0.515625 0.742188
vt 0.523438 0.742188
vt 0.531250 0.742188
vt 0.539063 0.742188
vt 0.546875 0.742188
vt 0.554688 0.742188
vt 0.562500 0.742188
vt 0.570312 0.742188
vt 0.578125 0.742188
vt 0.585938 0.742188
vt 0.593750 0.742188
vt 0.601562 0.742188
vt 0.609375 0.742188
vt 0.617188 0.742188
vt 0.382812 0.500000
vt 0.390625 0.500000
vt 0.398438 0.500000
vt 0.406250 0.500000
vt 0.414063 0.500000
vt 0.421875 0.500000
vt 0.429688 0.500000
vt 0.437500 0.500000
vt 0.445313 0.500000
vt 0.453125 0.500000
vt 0.460938 0.500000
vt 0.468750 0.500000
vt 0.476563 0.500000
vt 0.484375 0.500000
vt 0.492188 0.500000
vt 0.500000 0.500000
vt 0.507812 0.500000
vt 0.515625 0.500000
vt 0.523438 0.500000
vt 0.531250 0.500000
vt 0.539063 0.500000
vt 0.546875 0.500000
vt 0.554688 0.500000
vt 0.562500 0.500000
vt 0.570313 0.500000
vt 0.578125 0.500000
vt 0.585938 0.500000
vt 0.593750 0.500000
vt 0.601563 0.500000
vt 0.609375 0.500000
vt 0.617188 0.500000
vt 0.625000 0.640625
vt 0.625000 0.656250
vt 0.625000 0.664063
vt 0.625000 0.679688
vt 0.625000 0.703125
vt 0.625000 0.710938
vt 0.625000 0.718750
vt 0.625000 0.726563
vt 0.625000 0.734375
vt 0.625000 0.742188
vt 0.617188 0.750000
vt 0.609375 0.750000
vt 0.601562 0.750000
vt 0.593750 0.750000
vt 0.585938 0.750000
vt 0.578125 0.750000
vt 0.554688 0.750000
vt 0.531250 0.750000
vt 0.515625 0.750000
vt 0.507812 0.750000
vt 0.375000 0.742188
vt 0.375000 0.734375
vt 0.375000 0.726562
vt 0.375000 0.718750
vt 0.375000 0.710938
vt 0.375000 0.703125
vt 0.375000 0.679688
vt 0.375000 0.656250
vt 0.375000 0.632812
vt 0.382812 0.257813
vt 0.390625 0.257813
vt 0.390625 0.265625
vt 0.382812 0.265625
vt 0.398438 0.257813
vt 0.398438 0.265625
vt 0.406250 0.257812
vt 0.406250 0.265625
vt 0.414063 0.257812
vt 0.414063 0.265625
vt 0.421875 0.257813
vt 0.421875 0.265625
vt 0.429688 0.257813
vt 0.429688 0.265625
vt 0.437500 0.257813
vt 0.437500 0.265625
vt 0.445312 0.257813
vt 0.445312 0.265625
vt 0.453125 0.257813
vt 0.453125 0.265625
vt 0.460938 0.257813
vt 0.460938 0.265625
vt 0.468750 0.257813
vt 0.468750 0.265625
vt 0.476562 0.257812
vt 0.476563 0.265625
vt 0.484375 0.257813
vt 0.484375 0.265625
vt 0.492188 0.257813
vt 0.492188 0.265625
vt 0.500000 0.257813
vt 0.500000 0.265625
vt 0.507812 0.257813
vt 0.507812 0.265625
vt 0.515625 0.257813
vt 0.515625 0.265625
vt 0.523438 0.257813
vt 0.523438 0.265625
vt 0.531250 0.257813
vt 0.531250 0.265625
vt 0.539063 0.257813
vt 0.539063 0.265625
vt 0.546875 0.257813
vt 0.546875 0.265625
vt 0.554688 0.257813
vt 0.554688 0.265625
vt 0.562500 0.257812
vt 0.562500 0.265625
vt 0.570313 0.257813
vt 0.570313 0.265625
vt 0.578125 0.257813
vt 0.578125 0.265625
vt 0.585938 0.257812
vt 0.585938 0.265625
vt 0.593750 0.257813
vt 0.593750 0.265625
vt 0.601562 0.257813
vt 0.601563 0.265625
vt 0.609375 0.257812
vt 0.609375 0.265625
vt 0.617188 0.257813
vt 0.617188 0.265625
vt 0.390625 0.273438
vt 0.382813 0.273438
vt 0.398438 0.273438
vt 0.406250 0.273438
vt 0.414063 0.273438
vt 0.421875 0.273438
vt 0.429688 0.273438
vt 0.437500 0.273438
vt 0.445313 0.273438
vt 0.453125 0.273438
vt 0.460938 0.273438
vt 0.468750 0.273438
vt 0.476563 0.273438
vt 0.484375 0.273438
vt 0.492188 0.273437
vt 0.500000 0.273438
vt 0.507813 0.273437
vt 0.515625 0.273438
vt 0.523438 0.273438
vt 0.531250 0.273438
vt 0.539063 0.273438
vt 0.546875 0.273438
vt 0.554688 0.273438
vt 0.562500 0.273438
vt 0.570313 0.273438
vt 0.578125 0.273438
vt 0.585938 0.273438
vt 0.593750 0.273438
vt 0.601563 0.273438
vt 0.609375 0.273438
vt 0.617187 0.273438
vt 0.390625 0.281250
vt 0.382812 0.281250
vt 0.398438 0.281250
vt 0.406250 0.281250
vt 0.414063 0.281250
vt 0.421875 0.281250
vt 0.429688 0.281250
vt 0.437500 0.281250
vt 0.445312 0.281250
vt 0.453125 0.281250
vt 0.460938 0.281250
vt 0.468750 0.281250
vt 0.476562 0.281250
vt 0.484375 0.281250
vt 0.492188 0.281250
vt 0.500000 0.281250
vt 0.507813 0.281250
vt 0.515625 0.281250
vt 0.523438 0.281250
vt 0.531250 0.281250
vt 0.539062 0.281250
vt 0.546875 0.281250
vt 0.554688 0.281250
vt 0.562500 0.281250
vt 0.570313 0.281250
vt 0.578125 0.281250
vt 0.585938 0.281250
vt 0.593750 0.281250
vt 0.601563 0.281250
vt 0.609375 0.281250
vt 0.617188 0.281250
vt 0.390625 0.289062
vt 0.382813 0.289062
vt 0.398438 0.289063
vt 0.406250 0.289063
vt 0.414063 0.289063
vt 0.421875 0.289062
vt 0.429688 0.289063
vt 0.437500 0.289062
vt 0.445312 0.289063
vt 0.453125 0.289063
vt 0.460938 0.289063
vt 0.468750 0.289062
vt 0.476563 0.289062
vt 0.484375 0.289062
vt 0.492188 0.289063
vt 0.500000 0.289063
vt 0.507813 0.289063
vt 0.515625 0.289062
vt 0.523438 0.289062
vt 0.531250 0.289062
vt 0.539063 0.289063
vt 0.546875 0.289062
vt 0.554688 0.289063
vt 0.562500 0.289063
vt 0.570313 0.289062
vt 0.578125 0.289062
vt 0.585938 0.289063
vt 0.593750 0.289063
vt 0.601563 0.289063
vt 0.609375 0.289063
vt 0.617188 0.289062
vt 0.390625 0.296875
vt 0.382813 0.296875
vt 0.398438 0.296875
vt 0.406250 0.296875
vt 0.414063 0.296875
vt 0.421875 0.296875
vt 0.429688 0.296875
vt 0.437500 0.296875
vt 0.445313 0.296875
vt 0.453125 0.296875
vt 0.460938 0.296875
vt 0.468750 0.296875
vt 0.476563 0.296875
vt 0.484375 0.296875
vt 0.492188 0.296875
vt 0.500000 0.296875
vt 0.507812 0.296875
vt 0.515625 0.296875
vt 0.523438 0.296875
vt 0.531250 0.296875
vt 0.539062 0.296875
vt 0.546875 0.296875
vt 0.554688 0.296875
vt 0.562500 0.296875
vt 0.570313 0.296875
vt 0.578125 0.296875
vt 0.585938 0.296875
vt 0.593750 0.296875
vt 0.601562 0.296875
vt 0.609375 0.296875
vt 0.617188 0.296875
vt 0.390625 0.304688
vt 0.382813 0.304688
vt 0.398438 0.304688
vt 0.406250 0.304688
vt 0.414062 0.304688
vt 0.421875 0.304688
vt 0.429688 0.304688
vt 0.437500 0.304688
vt 0.445313 0.304688
vt 0.453125 0.304688
vt 0.460938 0.304688
vt 0.468750 0.304688
vt 0.476563 0.304688
vt 0.484375 0.304688
vt 0.492188 0.304688
vt 0.500000 0.304688
vt 0.507813 0.304688
vt 0.515625 0.304688
vt 0.523438 0.304688
vt 0.531250 0.304688
vt 0.539062 0.304688
vt 0.546875 0.304688
vt 0.554688 0.304688
vt 0.562500 0.304688
vt 0.570313 0.304688
vt 0.578125 0.304688
vt 0.585938 0.304688
vt 0.593750 0.304688
vt 0.601562 0.304688
vt 0.609375 0.304688
vt 0.617188 0.304688
vt 0.390625 0.312500
vt 0.382813 0.312500
vt 0.398438 0.312500
vt 0.406250 0.312500
vt 0.414063 0.312500
vt 0.421875 0.312500
vt 0.429688 0.312500
vt 0.437500 0.312500
vt 0.445312 0.312500
vt 0.453125 0.312500
vt 0.460938 0.312500
vt 0.468750 0.312500
vt 0.476563 0.312500
vt 0.484375 0.312500
vt 0.492188 0.312500
vt 0.500000 0.312500
vt 0.507813 0.312500
vt 0.515625 0.312500
vt 0.523438 0.312500
vt 0.531250 0.312500
vt 0.539063 0.312500
vt 0.546875 0.312500
vt 0.554688 0.312500
vt 0.562500 0.312500
vt 0.570312 0.312500
vt 0.578125 0.312500
vt 0.585938 0.312500
vt 0.593750 0.312500
vt 0.601563 0.312500
vt 0.609375 0.312500
vt 0.617188 0.312500
vt 0.390625 0.320313
vt 0.382812 0.320312
vt 0.398438 0.320313
vt 0.406250 0.320312
vt 0.414063 0.320312
vt 0.421875 0.320313
vt 0.429688 0.320313
vt 0.437500 0.320313
vt 0.445313 0.320313
vt 0.453125 0.320313
vt 0.460938 0.320313
vt 0.468750 0.320313
vt 0.476562 0.320312
vt 0.484375 0.320313
vt 0.492188 0.320312
vt 0.500000 0.320313
vt 0.507813 0.320312
vt 0.515625 0.320313
vt 0.523438 0.320312
vt 0.531250 0.320313
vt 0.539062 0.320313
vt 0.546875 0.320313
vt 0.554688 0.320313
vt 0.562500 0.320313
vt 0.570313 0.320313
vt 0.578125 0.320313
vt 0.585938 0.320312
vt 0.593750 0.320312
vt 0.601563 0.320313
vt 0.609375 0.320313
vt 0.617188 0.320312
vt 0.390625 0.328125
vt 0.382813 0.328125
vt 0.398438 0.328125
vt 0.406250 0.328125
vt 0.414063 0.328125
vt 0.421875 0.328125
vt 0.429688 0.328125
vt 0.437500 0.328125
vt 0.445313 0.328125
vt 0.453125 0.328125
vt 0.460938 0.328125
vt 0.468750 0.328125
vt 0.476563 0.328125
vt 0.484375 0.328125
vt 0.492188 0.328125
vt 0.500000 0.328125
vt 0.507812 0.328125
vt 0.515625 0.328125
vt 0.523438 0.328125
vt 0.531250 0.328125
vt 0.539062 0.328125
vt 0.546875 0.328125
vt 0.554688 0.328125
vt 0.562500 0.328125
vt 0.570313 0.328125
vt 0.578125 0.328125
vt 0.585938 0.328125
vt 0.593750 0.328125
vt 0.601562 0.328125
vt 0.609375 0.328125
vt 0.617188 0.328125
vt 0.390625 0.335937
vt 0.382812 0.335938
vt 0.398438 0.335938
vt 0.406250 0.335938
vt 0.414063 0.335938
vt 0.421875 0.335938
vt 0.429688 0.335938
vt 0.437500 0.335938
vt 0.445313 0.335938
vt 0.453125 0.335938
vt 0.460938 0.335938
vt 0.468750 0.335938
vt 0.476563 0.335938
vt 0.484375 0.335938
vt 0.492188 0.335938
vt 0.500000 0.335938
vt 0.507813 0.335938
vt 0.515625 0.335938
vt 0.523438 0.335938
vt 0.531250 0.335938
vt 0.539063 0.335938
vt 0.546875 0.335938
vt 0.554688 0.335938
vt 0.562500 0.335938
vt 0.570313 0.335938
vt 0.578125 0.335938
vt 0.585938 0.335938
vt 0.593750 0.335938
vt 0.601563 0.335938
vt 0.609375 0.335938
vt 0.617188 0.335938
vt 0.390625 0.343750
vt 0.382812 0.343750
vt 0.398438 0.343750
vt 0.406250 0.343750
vt 0.414063 0.343750
vt 0.421875 0.343750
vt 0.429688 0.343750
vt 0.437500 0.343750
vt 0.445313 0.343750
vt 0.453125 0.343750
vt 0.460938 0.343750
vt 0.468750 0.343750
vt 0.476563 0.343750
vt 0.484375 0.343750
vt 0.492188 0.343750
vt 0.500000 0.343750
vt 0.507812 0.343750
vt 0.515625 0.343750
vt 0.523438 0.343750
vt 0.531250 0.343750
vt 0.539063 0.343750
vt 0.546875 0.343750
vt 0.554688 0.343750
vt 0.562500 0.343750
vt 0.570313 0.343750
vt 0.578125 0.343750
vt 0.585938 0.343750
vt 0.593750 0.343750
vt 0.601563 0.343750
vt 0.609375 0.343750
vt 0.617188 0.343750
vt 0.390625 0.351563
vt 0.382813 0.351562
vt 0.398438 0.351563
vt 0.406250 0.351562
vt 0.414063 0.351562
vt 0.421875 0.351563
vt 0.429688 0.351563
vt 0.437500 0.351563
vt 0.445313 0.351563
vt 0.453125 0.351563
vt 0.460938 0.351562
vt 0.468750 0.351563
vt 0.476563 0.351563
vt 0.484375 0.351563
vt 0.492188 0.351563
vt 0.500000 0.351563
vt 0.507813 0.351563
vt 0.515625 0.351563
vt 0.523438 0.351563
vt 0.531250 0.351563
vt 0.539063 0.351562
vt 0.546875 0.351563
vt 0.554688 0.351563
vt 0.562500 0.351563
vt 0.570313 0.351563
vt 0.578125 0.351563
vt 0.585938 0.351562
vt 0.593750 0.351563
vt 0.601563 0.351563
vt 0.609375 0.351563
vt 0.617188 0.351563
vt 0.390625 0.359375
vt 0.382813 0.359375
vt 0.398438 0.359375
vt 0.406250 0.359375
vt 0.414063 0.359375
vt 0.421875 0.359375
vt 0.429688 0.359375
vt 0.437500 0.359375
vt 0.445313 0.359375
vt 0.453125 0.359375
vt 0.460938 0.359375
vt 0.468750 0.359375
vt 0.476563 0.359375
vt 0.484375 0.359375
vt 0.492188 0.359375
vt 0.500000 0.359375
vt 0.507813 0.359375
vt 0.515625 0.359375
vt 0.523438 0.359375
vt 0.531250 0.359375
vt 0.539063 0.359375
vt 0.546875 0.359375
vt 0.554688 0.359375
vt 0.562500 0.359375
vt 0.570312 0.359375
vt 0.578125 0.359375
vt 0.585938 0.359375
vt 0.593750 0.359375
vt 0.601563 0.359375
vt 0.609375 0.359375
vt 0.617188 0.359375
vt 0.390625 0.367188
vt 0.382813 0.367188
vt 0.398438 0.367188
vt 0.406250 0.367188
vt 0.414063 0.367188
vt 0.421875 0.367188
vt 0.429688 0.367188
vt 0.437500 0.367188
vt 0.445313 0.367188
vt 0.453125 0.367188
vt 0.460938 0.367187
vt 0.468750 0.367188
vt 0.476563 0.367188
vt 0.484375 0.367188
vt 0.492188 0.367188
vt 0.500000 0.367188
vt 0.507813 0.367188
vt 0.515625 0.367188
vt 0.523438 0.367188
vt 0.531250 0.367188
vt 0.539063 0.367187
vt 0.546875 0.367188
vt 0.554688 0.367188
vt 0.562500 0.367188
vt 0.570313 0.367188
vt 0.578125 0.367188
vt 0.585938 0.367188
vt 0.593750 0.367188
vt 0.601562 0.367188
vt 0.609375 0.367188
vt 0.617188 0.367188
vt 0.390625 0.375000
vt 0.382813 0.375000
vt 0.398438 0.375000
vt 0.406250 0.375000
vt 0.414063 0.375000
vt 0.421875 0.375000
vt 0.429688 0.375000
vt 0.437500 0.375000
vt 0.445313 0.375000
vt 0.453125 0.375000
vt 0.460938 0.375000
vt 0.468750 0.375000
vt 0.476562 0.375000
vt 0.484375 0.375000
vt 0.492188 0.375000
vt 0.500000 0.375000
vt 0.507813 0.375000
vt 0.515625 0.375000
vt 0.523438 0.375000
vt 0.531250 0.375000
vt 0.539062 0.375000
vt 0.546875 0.375000
vt 0.554688 0.375000
vt 0.562500 0.375000
vt 0.570312 0.375000
vt 0.578125 0.375000
vt 0.585938 0.375000
vt 0.593750 0.375000
vt 0.601563 0.375000
vt 0.609375 0.375000
vt 0.617188 0.375000
vt 0.390625 0.382812
vt 0.382813 0.382812
vt 0.398438 0.382813
vt 0.406250 0.382813
vt 0.414063 0.382812
vt 0.421875 0.382813
vt 0.429688 0.382813
vt 0.437500 0.382812
vt 0.445313 0.382813
vt 0.453125 0.382813
vt 0.460938 0.382813
vt 0.468750 0.382812
vt 0.476562 0.382812
vt 0.484375 0.382813
vt 0.492188 0.382812
vt 0.500000 0.382813
vt 0.507812 0.382812
vt 0.515625 0.382812
vt 0.523438 0.382812
vt 0.531250 0.382812
vt 0.539063 0.382813
vt 0.546875 0.382813
vt 0.554688 0.382813
vt 0.562500 0.382812
vt 0.570312 0.382812
vt 0.578125 0.382812
vt 0.585938 0.382812
vt 0.593750 0.382813
vt 0.601563 0.382813
vt 0.609375 0.382812
vt 0.617188 0.382812
vt 0.390625 0.390625
vt 0.382813 0.390625
vt 0.398438 0.390625
vt 0.406250 0.390625
vt 0.414063 0.390625
vt 0.421875 0.390625
vt 0.429688 0.390625
vt 0.437500 0.390625
vt 0.445313 0.390625
vt 0.453125 0.390625
vt 0.460938 0.390625
vt 0.468750 0.390625
vt 0.476563 0.390625
vt 0.484375 0.390625
vt 0.492188 0.390625
vt 0.500000 0.390625
vt 0.507813 0.390625
vt 0.515625 0.390625
vt 0.523438 0.390625
vt 0.531250 0.390625
vt 0.539063 0.390625
vt 0.546875 0.390625
vt 0.554688 0.390625
vt 0.562500 0.390625
vt 0.570313 0.390625
vt 0.578125 0.390625
vt 0.585938 0.390625
vt 0.593750 0.390625
vt 0.601563 0.390625
vt 0.609375 0.390625
vt 0.617188 0.390625
vt 0.390625 0.398438
vt 0.382813 0.398438
vt 0.398438 0.398438
vt 0.406250 0.398438
vt 0.414063 0.398438
vt 0.421875 0.398438
vt 0.429688 0.398438
vt 0.437500 0.398438
vt 0.445313 0.398438
vt 0.453125 0.398438
vt 0.460938 0.398438
vt 0.468750 0.398438
vt 0.476563 0.398438
vt 0.484375 0.398438
vt 0.492188 0.398438
vt 0.500000 0.398438
vt 0.507813 0.398438
vt 0.515625 0.398438
vt 0.523438 0.398438
vt 0.531250 0.398438
vt 0.539063 0.398438
vt 0.546875 0.398438
vt 0.554688 0.398438
vt 0.562500 0.398438
vt 0.570312 0.398438
vt 0.578125 0.398438
vt 0.585938 0.398438
vt 0.593750 0.398438
vt 0.601563 0.398438
vt 0.609375 0.398438
vt 0.617188 0.398438
vt 0.390625 0.406250
vt 0.382812 0.406250
vt 0.398438 0.406250
vt 0.406250 0.406250
vt 0.414063 0.406250
vt 0.421875 0.406250
vt 0.429688 0.406250
vt 0.437500 0.406250
vt 0.445312 0.406250
vt 0.453125 0.406250
vt 0.460938 0.406250
vt 0.468750 0.406250
vt 0.476563 0.406250
vt 0.484375 0.406250
vt 0.492188 0.406250
vt 0.500000 0.406250
vt 0.507812 0.406250
vt 0.515625 0.406250
vt 0.523438 0.406250
vt 0.531250 0.406250
vt 0.539062 0.406250
vt 0.546875 0.406250
vt 0.554688 0.406250
vt 0.562500 0.406250
vt 0.570312 0.406250
vt 0.578125 0.406250
vt 0.585938 0.406250
vt 0.593750 0.406250
vt 0.601563 0.406250
vt 0.609375 0.406250
vt 0.617188 0.406250
vt 0.390625 0.414062
vt 0.382813 0.414063
vt 0.398438 0.414063
vt 0.406250 0.414062
vt 0.414062 0.414062
vt 0.421875 0.414062
vt 0.429688 0.414063
vt 0.437500 0.414063
vt 0.445313 0.414063
vt 0.453125 0.414063
vt 0.460938 0.414063
vt 0.468750 0.414062
vt 0.476563 0.414063
vt 0.484375 0.414063
vt 0.492188 0.414063
vt 0.500000 0.414063
vt 0.507813 0.414063
vt 0.515625 0.414063
vt 0.523438 0.414063
vt 0.531250 0.414063
vt 0.539063 0.414063
vt 0.546875 0.414063
vt 0.554688 0.414063
vt 0.562500 0.414063
vt 0.570312 0.414063
vt 0.578125 0.414063
vt 0.585938 0.414063
vt 0.593750 0.414063
vt 0.601563 0.414063
vt 0.609375 0.414062
vt 0.617188 0.414063
vt 0.390625 0.421875
vt 0.382813 0.421875
vt 0.398438 0.421875
vt 0.406250 0.421875
vt 0.414063 0.421875
vt 0.421875 0.421875
vt 0.429688 0.421875
vt 0.437500 0.421875
vt 0.445313 0.421875
vt 0.453125 0.421875
vt 0.460938 0.421875
vt 0.468750 0.421875
vt 0.476563 0.421875
vt 0.484375 0.421875
vt 0.492188 0.421875
vt 0.500000 0.421875
vt 0.507813 0.421875
vt 0.515625 0.421875
vt 0.523438 0.421875
vt 0.531250 0.421875
vt 0.539063 0.421875
vt 0.546875 0.421875
vt 0.554688 0.421875
vt 0.562500 0.421875
vt 0.570313 0.421875
vt 0.578125 0.421875
vt 0.585938 0.421875
vt 0.593750 0.421875
vt 0.601563 0.421875
vt 0.609375 0.421875
vt 0.617188 0.421875
vt 0.390625 0.429688
vt 0.382813 0.429688
vt 0.398438 0.429688
vt 0.406250 0.429688
vt 0.414063 0.429688
vt 0.421875 0.429688
vt 0.429688 0.429688
vt 0.437500 0.429688
vt 0.445313 0.429688
vt 0.453125 0.429688
vt 0.460938 0.429688
vt 0.468750 0.429688
vt 0.476562 0.429688
vt 0.484375 0.429688
vt 0.492188 0.429688
vt 0.500000 0.429688
vt 0.507813 0.429688
vt 0.515625 0.429688
vt 0.523438 0.429688
vt 0.531250 0.429688
vt 0.539063 0.429688
vt 0.546875 0.429688
vt 0.554688 0.429688
vt 0.562500 0.429688
vt 0.570313 0.429688
vt 0.578125 0.429688
vt 0.585938 0.429688
vt 0.593750 0.429688
vt 0.601563 0.429688
vt 0.609375 0.429688
vt 0.617188 0.429688
vt 0.390625 0.437500
vt 0.382812 0.437500
vt 0.398438 0.437500
vt 0.406250 0.437500
vt 0.414063 0.437500
vt 0.421875 0.437500
vt 0.429688 0.437500
vt 0.437500 0.437500
vt 0.445312 0.437500
vt 0.453125 0.437500
vt 0.460938 0.437500
vt 0.468750 0.437500
vt 0.476563 0.437500
vt 0.484375 0.437500
vt 0.492188 0.437500
vt 0.500000 0.437500
vt 0.507812 0.437500
vt 0.515625 0.437500
vt 0.523438 0.437500
vt 0.531250 0.437500
vt 0.539063 0.437500
vt 0.546875 0.437500
vt 0.554688 0.437500
vt 0.562500 0.437500
vt 0.570313 0.437500
vt 0.578125 0.437500
vt 0.585938 0.437500
vt 0.593750 0.437500
vt 0.601563 0.437500
vt 0.609375 0.437500
vt 0.617188 0.437500
vt 0.390625 0.445313
vt 0.382813 0.445313
vt 0.398438 0.445313
vt 0.406250 0.445313
vt 0.414063 0.445313
vt 0.421875 0.445313
vt 0.429688 0.445313
vt 0.437500 0.445313
vt 0.445313 0.445313
vt 0.453125 0.445313
vt 0.460938 0.445313
vt 0.468750 0.445313
vt 0.476563 0.445313
vt 0.484375 0.445312
vt 0.492188 0.445312
vt 0.500000 0.445313
vt 0.507812 0.445313
vt 0.515625 0.445313
vt 0.523438 0.445313
vt 0.531250 0.445313
vt 0.539062 0.445313
vt 0.546875 0.445313
vt 0.554688 0.445313
vt 0.562500 0.445313
vt 0.570313 0.445313
vt 0.578125 0.445313
vt 0.585938 0.445312
vt 0.593750 0.445313
vt 0.601563 0.445313
vt 0.609375 0.445312
vt 0.617188 0.445313
vt 0.390625 0.453125
vt 0.382813 0.453125
vt 0.398438 0.453125
vt 0.406250 0.453125
vt 0.414063 0.453125
vt 0.421875 0.453125
vt 0.429688 0.453125
vt 0.437500 0.453125
vt 0.445313 0.453125
vt 0.453125 0.453125
vt 0.460938 0.453125
vt 0.468750 0.453125
vt 0.476563 0.453125
vt 0.484375 0.453125
vt 0.492188 0.453125
vt 0.500000 0.453125
vt 0.507812 0.453125
vt 0.515625 0.453125
vt 0.523438 0.453125
vt 0.531250 0.453125
vt 0.539063 0.453125
vt 0.546875 0.453125
vt 0.554688 0.453125
vt 0.562500 0.453125
vt 0.570313 0.453125
vt 0.578125 0.453125
vt 0.585938 0.453125
vt 0.593750 0.453125
vt 0.601563 0.453125
vt 0.609375 0.453125
vt 0.617188 0.453125
vt 0.390625 0.460938
vt 0.382813 0.460938
vt 0.398438 0.460938
vt 0.406250 0.460938
vt 0.414063 0.460938
vt 0.421875 0.460938
vt 0.429688 0.460938
vt 0.437500 0.460938
vt 0.445312 0.460938
vt 0.453125 0.460938
vt 0.460938 0.460938
vt 0.468750 0.460938
vt 0.476563 0.460938
vt 0.484375 0.460938
vt 0.492188 0.460938
vt 0.500000 0.460938
vt 0.507813 0.460938
vt 0.515625 0.460938
vt 0.523438 0.460938
vt 0.531250 0.460938
vt 0.539062 0.460938
vt 0.546875 0.460938
vt 0.554688 0.460938
vt 0.562500 0.460938
vt 0.570313 0.460938
vt 0.578125 0.460938
vt 0.585938 0.460938
vt 0.593750 0.460938
vt 0.601563 0.460938
vt 0.609375 0.460938
vt 0.617188 0.460938
vt 0.390625 0.468750
vt 0.382813 0.468750
vt 0.398438 0.468750
vt 0.406250 0.468750
vt 0.414063 0.468750
vt 0.421875 0.468750
vt 0.429688 0.468750
vt 0.437500 0.468750
vt 0.445312 0.468750
vt 0.453125 0.468750
vt 0.460938 0.468750
vt 0.468750 0.468750
vt 0.476563 0.468750
vt 0.484375 0.468750
vt 0.492188 0.468750
vt 0.500000 0.468750
vt 0.507813 0.468750
vt 0.515625 0.468750
vt 0.523438 0.468750
vt 0.531250 0.468750
vt 0.539062 0.468750
vt 0.546875 0.468750
vt 0.554688 0.468750
vt 0.562500 0.468750
vt 0.570312 0.468750
vt 0.578125 0.468750
vt 0.585938 0.468750
vt 0.593750 0.468750
vt 0.601562 0.468750
vt 0.609375 0.468750
vt 0.617188 0.468750
vt 0.390625 0.476562
vt 0.382812 0.476562
vt 0.398438 0.476563
vt 0.406250 0.476563
vt 0.414063 0.476563
vt 0.421875 0.476563
vt 0.429688 0.476563
vt 0.437500 0.476563
vt 0.445313 0.476563
vt 0.453125 0.476563
vt 0.460938 0.476563
vt 0.468750 0.476563
vt 0.476563 0.476563
vt 0.484375 0.476563
vt 0.492188 0.476563
vt 0.500000 0.476563
vt 0.507813 0.476563
vt 0.515625 0.476563
vt 0.523438 0.476563
vt 0.531250 0.476563
vt 0.539063 0.476563
vt 0.546875 0.476563
vt 0.554688 0.476563
vt 0.562500 0.476563
vt 0.570312 0.476563
vt 0.578125 0.476563
vt 0.585938 0.476563
vt 0.593750 0.476563
vt 0.601563 0.476563
vt 0.609375 0.476563
vt 0.617188 0.476563
vt 0.390625 0.484375
vt 0.382812 0.484375
vt 0.398438 0.484375
vt 0.406250 0.484375
vt 0.414063 0.484375
vt 0.421875 0.484375
vt 0.429688 0.484375
vt 0.437500 0.484375
vt 0.445312 0.484375
vt 0.453125 0.484375
vt 0.460938 0.484375
vt 0.468750 0.484375
vt 0.476563 0.484375
vt 0.484375 0.484375
vt 0.492188 0.484375
vt 0.500000 0.484375
vt 0.507812 0.484375
vt 0.515625 0.484375
vt 0.523438 0.484375
vt 0.531250 0.484375
vt 0.539062 0.484375
vt 0.546875 0.484375
vt 0.554688 0.484375
vt 0.562500 0.484375
vt 0.570312 0.484375
vt 0.578125 0.484375
vt 0.585938 0.484375
vt 0.593750 0.484375
vt 0.601562 0.484375
vt 0.609375 0.484375
vt 0.617188 0.484375
vt 0.390625 0.492188
vt 0.382813 0.492188
vt 0.398438 0.492188
vt 0.406250 0.492188
vt 0.414063 0.492188
vt 0.421875 0.492188
vt 0.429688 0.492188
vt 0.437500 0.492188
vt 0.445312 0.492188
vt 0.453125 0.492188
vt 0.460938 0.492188
vt 0.468750 0.492188
vt 0.476562 0.492188
vt 0.484375 0.492188
vt 0.492188 0.492188
vt 0.500000 0.492188
vt 0.507812 0.492188
vt 0.515625 0.492188
vt 0.523438 0.492188
vt 0.531250 0.492188
vt 0.539063 0.492188
vt 0.546875 0.492188
vt 0.554688 0.492188
vt 0.562500 0.492188
vt 0.570312 0.492188
vt 0.578125 0.492188
vt 0.585938 0.492188
vt 0.593750 0.492188
vt 0.601562 0.492188
vt 0.609375 0.492188
vt 0.617188 0.492188
vt 0.382812 0.250000
vt 0.375000 0.257813
vt 0.390625 0.250000
vt 0.406250 0.250000
vt 0.414063 0.250000
vt 0.429688 0.250000
vt 0.437500 0.250000
vt 0.445313 0.250000
vt 0.453125 0.250000
vt 0.468750 0.250000
vt 0.492188 0.250000
vt 0.515625 0.250000
vt 0.539063 0.250000
vt 0.546875 0.250000
vt 0.570313 0.250000
vt 0.578125 0.250000
vt 0.593750 0.250000
vt 0.617188 0.250000
vt 0.625000 0.257813
vt 0.625000 0.265625
vt 0.625000 0.273438
vt 0.625000 0.281250
vt 0.625000 0.289062
vt 0.625000 0.296875
vt 0.625000 0.304688
vt 0.625000 0.312500
vt 0.625000 0.320313
vt 0.625000 0.328125
vt 0.625000 0.335938
vt 0.625000 0.343750
vt 0.625000 0.351563
vt 0.625000 0.359375
vt 0.625000 0.367188
vt 0.625000 0.375000
vt 0.625000 0.382812
vt 0.625000 0.390625
vt 0.625000 0.398438
vt 0.625000 0.406250
vt 0.625000 0.414063
vt 0.625000 0.421875
vt 0.625000 0.429688
vt 0.625000 0.437500
vt 0.625000 0.445313
vt 0.625000 0.453125
vt 0.625000 0.460938
vt 0.625000 0.468750
vt 0.625000 0.476563
vt 0.625000 0.484375
vt 0.625000 0.492188
vt 0.617188 0.500000
vt 0.609375 0.500000
vt 0.601562 0.500000
vt 0.593750 0.500000
vt 0.585938 0.500000
vt 0.578125 0.500000
vt 0.554688 0.500000
vt 0.539063 0.500000
vt 0.531250 0.500000
vt 0.515625 0.500000
vt 0.375000 0.492188
vt 0.375000 0.484375
vt 0.375000 0.476562
vt 0.375000 0.468750
vt 0.375000 0.460938
vt 0.375000 0.453125
vt 0.375000 0.445313
vt 0.375000 0.437500
vt 0.375000 0.429688
vt 0.375000 0.421875
vt 0.375000 0.414063
vt 0.375000 0.406250
vt 0.375000 0.398438
vt 0.375000 0.390625
vt 0.375000 0.382813
vt 0.375000 0.375000
vt 0.375000 0.367188
vt 0.375000 0.359375
vt 0.375000 0.351563
vt 0.375000 0.343750
vt 0.375000 0.335938
vt 0.375000 0.328125
vt 0.375000 0.320313
vt 0.375000 0.312500
vt 0.375000 0.304688
vt 0.375000 0.296875
vt 0.375000 0.289062
vt 0.375000 0.281250
vt 0.375000 0.273438
vt 0.375000 0.265625
s 0
usemtl Material
f 381/1/1 412/4/1 413/3/1 382/2/1
f 382/2/1 413/3/1 414/6/1 383/5/1
f 383/5/1 414/6/1 415/8/1 384/7/1
f 384/7/1 415/8/1 416/10/1 385/9/1
f 385/9/1 416/10/1 417/12/1 386/11/1
f 386/11/1 417/12/1 418/14/1 387/13/1
f 387/13/1 418/14/1 419/16/1 388/15/1
f 388/15/1 419/16/1 420/18/1 389/17/1
f 389/17/1 420/18/1 421/20/1 390/19/1
f 390/19/1 421/20/1 422/22/1 391/21/1
f 391/21/1 422/22/1 423/24/1 392/23/1
f 392/23/1 423/24/1 424/26/1 393/25/1
f 393/25/1 424/26/1 425/28/1 394/27/1
f 394/27/1 425/28/1 426/30/1 395/29/1
f 395/29/1 426/30/1 427/32/1 396/31/1
f 396/31/1 427/32/1 428/34/1 397/33/1
f 397/33/1 428/34/1 429/36/1 398/35/1
f 398/35/1 429/36/1 430/38/1 399/37/1
f 399/37/1 430/38/1 431/40/1 400/39/1
f 400/39/1 431/40/1 432/42/1 401/41/1
f 401/41/1 432/42/1 433/44/1 402/43/1
f 402/43/1 433/44/1 434/46/1 403/45/1
f 403/45/1 434/46/1 435/48/1 404/47/1
f 404/47/1 435/48/1 436/50/1 405/49/1
f 405/49/1 436/50/1 437/52/1 406/51/1
f 406/51/1 437/52/1 438/54/1 407/53/1
f 407/53/1 438/54/1 439/56/1 408/55/1
f 408/55/1 439/56/1 440/58/1 409/57/1
f 409/57/1 440/58/1 441/60/1 410/59/1
f 410/59/1 441/60/1 442/62/1 411/61/1
f 412/4/1 443/64/1 444/63/1 413/3/1
f 413/3/1 444/63/1 445/65/1 414/6/1
f 414/6/1 445/65/1 446/66/1 415/8/1
f 415/8/1 446/66/1 447/67/1 416/10/1
f 416/10/1 447/67/1 448/68/1 417/12/1
f 417/12/1 448/68/1 449/69/1 418/14/1
f 418/14/1 449/69/1 450/70/1 419/16/1
f 419/16/1 450/70/1 451/71/1 420/18/1
f 420/18/1 451/71/1 452/72/1 421/20/1
f 421/20/1 452/72/1 453/73/1 422/22/1
f 422/22/1 453/73/1 454/74/1 423/24/1
f 423/24/1 454/74/1 455/75/1 424/26/1
f 424/26/1 455/75/1 456/76/1 425/28/1
f 425/28/1 456/76/1 457/77/1 426/30/1
f 426/30/1 457/77/1 458/78/1 427/32/1
f 427/32/1 458/78/1 459/79/1 428/34/1
f 428/34/1 459/79/1 460/80/1 429/36/1
f 429/36/1 460/80/1 461/81/1 430/38/1
f 430/38/1 461/81/1 462/82/1 431/40/1
f 431/40/1 462/82/1 463/83/1 432/42/1
f 432/42/1 463/83/1 464/84/1 433/44/1
f 433/44/1 464/84/1 465/85/1 434/46/1
f 434/46/1 465/85/1 466/86/1 435/48/1
f 435/48/1 466/86/1 467/87/1 436/50/1
f 436/50/1 467/87/1 468/88/1 437/52/1
f 437/52/1 468/88/1 469/89/1 438/54/1
f 438/54/1 469/89/1 470/90/1 439/56/1
f 439/56/1 470/90/1 471/91/1 440/58/1
f 440/58/1 471/91/1 472/92/1 441/60/1
f 441/60/1 472/92/1 473/93/1 442/62/1
f 443/64/1 474/95/1 475/94/1 444/63/1
f 444/63/1 475/94/1 476/96/1 445/65/1
f 445/65/1 476/96/1 477/97/1 446/66/1
f 446/66/1 477/97/1 478/98/1 447/67/1
f 447/67/1 478/98/1 479/99/1 448/68/1
f 448/68/1 479/99/1 480/100/1 449/69/1
f 449/69/1 480/100/1 481/101/1 450/70/1
f 450/70/1 481/101/1 482/102/1 451/71/1
f 451/71/1 482/102/1 483/103/1 452/72/1
f 452/72/1 483/103/1 484/104/1 453/73/1
f 453/73/1 484/104/1 485/105/1 454/74/1
f 454/74/1 485/105/1 486/106/1 455/75/1
f 455/75/1 486/106/1 487/107/1 456/76/1
f 456/76/1 487/107/1 488/108/1 457/77/1
f 457/77/1 488/108/1 489/109/1 458/78/1
f 458/78/1 489/109/1 490/110/1 459/79/1
f 459/79/1 490/110/1 491/111/1 460/80/1
f 460/80/1 491/111/1 492/112/1 461/81/1
f 461/81/1 492/112/1 493/113/1 462/82/1
f 462/82/1 493/113/1 494/114/1 463/83/1
f 463/83/1 494/114/1 495/115/1 464/84/1
f 464/84/1 495/115/1 496/116/1 465/85/1
f 465/85/1 496/116/1 497/117/1 466/86/1
f 466/86/1 497/117/1 498/118/1 467/87/1
f 467/87/1 498/118/1 499/119/1 468/88/1
f 468/88/1 499/119/1 500/120/1 469/89/1
f 469/89/1 500/120/1 501/121/1 470/90/1
f 470/90/1 501/121/1 502/122/1 471/91/1
f 471/91/1 502/122/1 503/123/1 472/92/1
f 472/92/1 503/123/1 504/124/1 473/93/1
f 474/95/1 505/126/1 506/125/1 475/94/1
f 475/94/1 506/125/1 507/127/1 476/96/1
f 476/96/1 507/127/1 508/128/1 477/97/1
f 477/97/1 508/128/1 509/129/1 478/98/1
f 478/98/1 509/129/1 510/130/1 479/99/1
f 479/99/1 510/130/1 511/131/1 480/100/1
f 480/100/1 511/131/1 512/132/1 481/101/1
f 481/101/1 512/132/1 513/133/1 482/102/1
f 482/102/1 513/133/1 514/134/1 483/103/1
f 483/103/1 514/134/1 515/135/1 484/104/1
f 484/104/1 515/135/1 516/136/1 485/105/1
f 485/105/1 516/136/1 517/137/1 486/106/1
f 486/106/1 517/137/1 518/138/1 487/107/1
f 487/107/1 518/138/1 519/139/1 488/108/1
f 488/108/1 519/139/1 520/140/1 489/109/1
f 489/109/1 520/140/1 521/141/1 490/110/1
f 490/110/1 521/141/1 522/142/1 491/111/1
f 491/111/1 522/142/1 523/143/1 492/112/1
f 492/112/1 523/143/1 524/144/1 493/113/1
f 493/113/1 524/144/1 525/145/1 494/114/1
f 494/114/1 525/145/1 526/146/1 495/115/1
f 495/115/1 526/146/1 527/147/1 496/116/1
f 496/116/1 527/147/1 528/148/1 497/117/1
f 497/117/1 528/148/1 529/149/1 498/118/1
f 498/118/1 529/149/1 530/150/1 499/119/1
f 499/119/1 530/150/1 531/151/1 500/120/1
f 500/120/1 531/151/1 532/152/1 501/121/1
f 501/121/1 532/152/1 533/153/1 502/122/1
f 502/122/1 533/153/1 534/154/1 503/123/1
f 503/123/1 534/154/1 535/155/1 504/124/1
f 505/126/1 536/157/1 537/156/1 506/125/1
f 506/125/1 537/156/1 538/158/1 507/127/1
f 507/127/1 538/158/1 539/159/1 508/128/1
f 508/128/1 539/159/1 540/160/1 509/129/1
f 509/129/1 540/160/1 541/161/1 510/130/1
f 510/130/1 541/161/1 542/162/1 511/131/1
f 511/131/1 542/162/1 543/163/1 512/132/1
f 512/132/1 543/163/1 544/164/1 513/133/1
f 513/133/1 544/164/1 545/165/1 514/134/1
f 514/134/1 545/165/1 546/166/1 515/135/1
f 515/135/1 546/166/1 547/167/1 516/136/1
f 516/136/1 547/167/1 548/168/1 517/137/1
f 517/137/1 548/168/1 549/169/1 518/138/1
f 518/138/1 549/169/1 550/170/1 519/139/1
f 519/139/1 550/170/1 551/171/1 520/140/1
f 520/140/1 551/171/1 552/172/1 521/141/1
f 521/141/1 552/172/1 553/173/1 522/142/1
f 522/142/1 553/173/1 554/174/1 523/143/1
f 523/143/1 554/174/1 555/175/1 524/144/1
f 524/144/1 555/175/1 556/176/1 525/145/1
f 525/145/1 556/176/1 557/177/1 526/146/1
f 526/146/1 557/177/1 558/178/1 527/147/1
f 527/147/1 558/178/1 559/179/1 528/148/1
f 528/148/1 559/179/1 560/180/1 529/149/1
f 529/149/1 560/180/1 561/181/1 530/150/1
f 530/150/1 561/181/1 562/182/1 531/151/1
f 531/151/1 562/182/1 563/183/1 532/152/1
f 532/152/1 563/183/1 564/184/1 533/153/1
f 533/153/1 564/184/1 565/185/1 534/154/1
f 534/154/1 565/185/1 566/186/1 535/155/1
f 536/157/1 567/188/1 568/187/1 537/156/1
f 537/156/1 568/187/1 569/189/1 538/158/1
f 538/158/1 569/189/1 570/190/1 539/159/1
f 539/159/1 570/190/1 571/191/1 540/160/1
f 540/160/1 571/191/1 572/192/1 541/161/1
f 541/161/1 572/192/1 573/193/1 542/162/1
f 542/162/1 573/193/1 574/194/1 543/163/1
f 543/163/1 574/194/1 575/195/1 544/164/1
f 544/164/1 575/195/1 576/196/1 545/165/1
f 545/165/1 576/196/1 577/197/1 546/166/1
f 546/166/1 577/197/1 578/198/1 547/167/1
f 547/167/1 578/198/1 579/199/1 548/168/1
f 548/168/1 579/199/1 580/200/1 549/169/1
f 549/169/1 580/200/1 581/201/1 550/170/1
f 550/170/1 581/201/1 582/202/1 551/171/1
f 551/171/1 582/202/1 583/203/1 552/172/1
f 552/172/1 583/203/1 584/204/1 553/173/1
f 553/173/1 584/204/1 585/205/1 554/174/1
f 554/174/1 585/205/1 586/206/1 555/175/1
f 555/175/1 586/206/1 587/207/1 556/176/1
f 556/176/1 587/207/1 588/208/1 557/177/1
f 557/177/1 588/208/1 589/209/1 558/178/1
f 558/178/1 589/209/1 590/210/1 559/179/1
f 559/179/1 590/210/1 591/211/1 560/180/1
f 560/180/1 591/211/1 592/212/1 561/181/1
f 561/181/1 592/212/1 593/213/1 562/182/1
f 562/182/1 593/213/1 594/214/1 563/183/1
f 563/183/1 594/214/1 595/215/1 564/184/1
f 564/184/1 595/215/1 596/216/1 565/185/1
f 565/185/1 596/216/1 597/217/1 566/186/1
f 567/188/1 598/219/1 599/218/1 568/187/1
f 568/187/1 599/218/1 600/220/1 569/189/1
f 569/189/1 600/220/1 601/221/1 570/190/1
f 570/190/1 601/221/1 602/222/1 571/191/1
f 571/191/1 602/222/1 603/223/1 572/192/1
f 572/192/1 603/223/1 604/224/1 573/193/1
f 573/193/1 604/224/1 605/225/1 574/194/1
f 574/194/1 605/225/1 606/226/1 575/195/1
f 575/195/1 606/226/1 607/227/1 576/196/1
f 576/196/1 607/227/1 608/228/1 577/197/1
f 577/197/1 608/228/1 609/229/1 578/198/1
f 578/198/1 609/229/1 610/230/1 579/199/1
f 579/199/1 610/230/1 611/231/1 580/200/1
f 580/200/1 611/231/1 612/232/1 581/201/1
f 581/201/1 612/232/1 613/233/1 582/202/1
f 582/202/1 613/233/1 614/234/1 583/203/1
f 583/203/1 614/234/1 615/235/1 584/204/1
f 584/204/1 615/235/1 616/236/1 585/205/1
f 585/205/1 616/236/1 617/237/1 586/206/1
f 586/206/1 617/237/1 618/238/1 587/207/1
f 587/207/1 618/238/1 619/239/1 588/208/1
f 588/208/1 619/239/1 620/240/1 589/209/1
f 589/209/1 620/240/1 621/241/1 590/210/1
f 590/210/1 621/241/1 622/242/1 591/211/1
f 591/211/1 622/242/1 623/243/1 592/212/1
f 592/212/1 623/243/1 624/244/1 593/213/1
f 593/213/1 624/244/1 625/245/1 594/214/1
f 594/214/1 625/245/1 626/246/1 595/215/1
f 595/215/1 626/246/1 627/247/1 596/216/1
f 596/216/1 627/247/1 628/248/1 597/217/1
f 598/219/1 629/250/1 630/249/1 599/218/1
f 599/218/1 630/249/1 631/251/1 600/220/1
f 600/220/1 631/251/1 632/252/1 601/221/1
f 601/221/1 632/252/1 633/253/1 602/222/1
f 602/222/1 633/253/1 634/254/1 603/223/1
f 603/223/1 634/254/1 635/255/1 604/224/1
f 604/224/1 635/255/1 636/256/1 605/225/1
f 605/225/1 636/256/1 637/257/1 606/226/1
f 606/226/1 637/257/1 638/258/1 607/227/1
f 607/227/1 638/258/1 639/259/1 608/228/1
f 608/228/1 639/259/1 640/260/1 609/229/1
f 609/229/1 640/260/1 641/261/1 610/230/1
f 610/230/1 641/261/1 642/262/1 611/231/1
f 611/231/1 642/262/1 643/263/1 612/232/1
f 612/232/1 643/263/1 644/264/1 613/233/1
f 613/233/1 644/264/1 645/265/1 614/234/1
f 614/234/1 645/265/1 646/266/1 615/235/1
f 615/235/1 646/266/1 647/267/1 616/236/1
f 616/236/1 647/267/1 648/268/1 617/237/1
f 617/237/1 648/268/1 649/269/1 618/238/1
f 618/238/1 649/269/1 650/270/1 619/239/1
f 619/239/1 650/270/1 651/271/1 620/240/1
f 620/240/1 651/271/1 652/272/1 621/241/1
f 621/241/1 652/272/1 653/273/1 622/242/1
f 622/242/1 653/273/1 654/274/1 623/243/1
f 623/243/1 654/274/1 655/275/1 624/244/1
f 624/244/1 655/275/1 656/276/1 625/245/1
f 625/245/1 656/276/1 657/277/1 626/246/1
f 626/246/1 657/277/1 658/278/1 627/247/1
f 627/247/1 658/278/1 659/279/1 628/248/1
f 629/250/1 660/281/1 661/280/1 630/249/1
f 630/249/1 661/280/1 662/282/1 631/251/1
f 631/251/1 662/282/1 663/283/1 632/252/1
f 632/252/1 663/283/1 664/284/1 633/253/1
f 633/253/1 664/284/1 665/285/1 634/254/1
f 634/254/1 665/285/1 666/286/1 635/255/1
f 635/255/1 666/286/1 667/287/1 636/256/1
f 636/256/1 667/287/1 668/288/1 637/257/1
f 637/257/1 668/288/1 669/289/1 638/258/1
f 638/258/1 669/289/1 670/290/1 639/259/1
f 639/259/1 670/290/1 671/291/1 640/260/1
f 640/260/1 671/291/1 672/292/1 641/261/1
f 641/261/1 672/292/1 673/293/1 642/262/1
f 642/262/1 673/293/1 674/294/1 643/263/1
f 643/263/1 674/294/1 675/295/1 644/264/1
f 644/264/1 675/295/1 676/296/1 645/265/1
f 645/265/1 676/296/1 677/297/1 646/266/1
f 646/266/1 677/297/1 678/298/1 647/267/1
f 647/267/1 678/298/1 679/299/1 648/268/1
f 648/268/1 679/299/1 680/300/1 649/269/1
f 649/269/1 680/300/1 681/301/1 650/270/1
f 650/270/1 681/301/1 682/302/1 651/271/1
f 651/271/1 682/302/1 683/303/1 652/272/1
f 652/272/1 683/303/1 684/304/1 653/273/1
f 653/273/1 684/304/1 685/305/1 654/274/1
f 654/274/1 685/305/1 686/306/1 655/275/1
f 655/275/1 686/306/1 687/307/1 656/276/1
f 656/276/1 687/307/1 688/308/1 657/277/1
f 657/277/1 688/308/1 689/309/1 658/278/1
f 658/278/1 689/309/1 690/310/1 659/279/1
f 660/281/1 691/312/1 692/311/1 661/280/1
f 661/280/1 692/311/1 693/313/1 662/282/1
f 662/282/1 693/313/1 694/314/1 663/283/1
f 663/283/1 694/314/1 695/315/1 664/284/1
f 664/284/1 695/315/1 696/316/1 665/285/1
f 665/285/1 696/316/1 697/317/1 666/286/1
f 666/286/1 697/317/1 698/318/1 667/287/1
f 667/287/1 698/318/1 699/319/1 668/288/1
f 668/288/1 699/319/1 700/320/1 669/289/1
f 669/289/1 700/320/1 701/321/1 670/290/1
f 670/290/1 701/321/1 702/322/1 671/291/1
f 671/291/1 702/322/1 703/323/1 672/292/1
f 672/292/1 703/323/1 704/324/1 673/293/1
f 673/293/1 704/324/1 705/325/1 674/294/1
f 674/294/1 705/325/1 706/326/1 675/295/1
f 675/295/1 706/326/1 707/327/1 676/296/1
f 676/296/1 707/327/1 708/328/1 677/297/1
f 677/297/1 708/328/1 709/329/1 678/298/1
f 678/298/1 709/329/1 710/330/1 679/299/1
f 679/299/1 710/330/1 711/331/1 680/300/1
f 680/300/1 711/331/1 712/332/1 681/301/1
f 681/301/1 712/332/1 713/333/1 682/302/1
f 682/302/1 713/333/1 714/334/1 683/303/1
f 683/303/1 714/334/1 715/335/1 684/304/1
f 684/304/1 715/335/1 716/336/1 685/305/1
f 685/305/1 716/336/1 717/337/1 686/306/1
f 686/306/1 717/337/1 718/338/1 687/307/1
f 687/307/1 718/338/1 719/339/1 688/308/1
f 688/308/1 719/339/1 720/340/1 689/309/1
f 689/309/1 720/340/1 721/341/1 690/310/1
f 691/312/1 722/343/1 723/342/1 692/311/1
f 692/311/1 723/342/1 724/344/1 693/313/1
f 693/313/1 724/344/1 725/345/1 694/314/1
f 694/314/1 725/345/1 726/346/1 695/315/1
f 695/315/1 726/346/1 727/347/1 696/316/1
f 696/316/1 727/347/1 728/348/1 697/317/1
f 697/317/1 728/348/1 729/349/1 698/318/1
f 698/318/1 729/349/1 730/350/1 699/319/1
f 699/319/1 730/350/1 731/351/1 700/320/1
f 700/320/1 731/351/1 732/352/1 701/321/1
f 701/321/1 732/352/1 733/353/1 702/322/1
f 702/322/1 733/353/1 734/354/1 703/323/1
f 703/323/1 734/354/1 735/355/1 704/324/1
f 704/324/1 735/355/1 736/356/1 705/325/1
f 705/325/1 736/356/1 737/357/1 706/326/1
f 706/326/1 737/357/1 738/358/1 707/327/1
f 707/327/1 738/358/1 739/359/1 708/328/1
f 708/328/1 739/359/1 740/360/1 709/329/1
f 709/329/1 740/360/1 741/361/1 710/330/1
f 710/330/1 741/361/1 742/362/1 711/331/1
f 711/331/1 742/362/1 743/363/1 712/332/1
f 712/332/1 743/363/1 744/364/1 713/333/1
f 713/333/1 744/364/1 745/365/1 714/334/1
f 714/334/1 745/365/1 746/366/1 715/335/1
f 715/335/1 746/366/1 747/367/1 716/336/1
f 716/336/1 747/367/1 748/368/1 717/337/1
f 717/337/1 748/368/1 749/369/1 718/338/1
f 718/338/1 749/369/1 750/370/1 719/339/1
f 719/339/1 750/370/1 751/371/1 720/340/1
f 720/340/1 751/371/1 752/372/1 721/341/1
f 722/343/1 753/374/1 754/373/1 723/342/1
f 723/342/1 754/373/1 755/375/1 724/344/1
f 724/344/1 755/375/1 756/376/1 725/345/1
f 725/345/1 756/376/1 757/377/1 726/346/1
f 726/346/1 757/377/1 758/378/1 727/347/1
f 727/347/1 758/378/1 759/379/1 728/348/1
f 728/348/1 759/379/1 760/380/1 729/349/1
f 729/349/1 760/380/1 761/381/1 730/350/1
f 730/350/1 761/381/1 762/382/1 731/351/1
f 731/351/1 762/382/1 763/383/1 732/352/1
f 732/352/1 763/383/1 764/384/1 733/353/1
f 733/353/1 764/384/1 765/385/1 734/354/1
f 734/354/1 765/385/1 766/386/1 735/355/1
f 735/355/1 766/386/1 767/387/1 736/356/1
f 736/356/1 767/387/1 768/388/1 737/357/1
f 737/357/1 768/388/1 769/389/1 738/358/1
f 738/358/1 769/389/1 770/390/1 739/359/1
f 739/359/1 770/390/1 771/391/1 740/360/1
f 740/360/1 771/391/1 772/392/1 741/361/1
f 741/361/1 772/392/1 773/393/1 742/362/1
f 742/362/1 773/393/1 774/394/1 743/363/1
f 743/363/1 774/394/1 775/395/1 744/364/1
f 744/364/1 775/395/1 776/396/1 745/365/1
f 745/365/1 776/396/1 777/397/1 746/366/1
f 746/366/1 777/397/1 778/398/1 747/367/1
f 747/367/1 778/398/1 779/399/1 748/368/1
f 748/368/1 779/399/1 780/400/1 749/369/1
f 749/369/1 780/400/1 781/401/1 750/370/1
f 750/370/1 781/401/1 782/402/1 751/371/1
f 751/371/1 782/402/1 783/403/1 752/372/1
f 753/374/1 784/405/1 785/404/1 754/373/1
f 754/373/1 785/404/1 786/406/1 755/375/1
f 755/375/1 786/406/1 787/407/1 756/376/1
f 756/376/1 787/407/1 788/408/1 757/377/1
f 757/377/1 788/408/1 789/409/1 758/378/1
f 758/378/1 789/409/1 790/410/1 759/379/1
f 759/379/1 790/410/1 791/411/1 760/380/1
f 760/380/1 791/411/1 792/412/1 761/381/1
f 761/381/1 792/412/1 793/413/1 762/382/1
f 762/382/1 793/413/1 794/414/1 763/383/1
f 763/383/1 794/414/1 795/415/1 764/384/1
f 764/384/1 795/415/1 796/416/1 765/385/1
f 765/385/1 796/416/1 797/417/1 766/386/1
f 766/386/1 797/417/1 798/418/1 767/387/1
f 767/387/1 798/418/1 799/419/1 768/388/1
f 768/388/1 799/419/1 800/420/1 769/389/1
f 769/389/1 800/420/1 801/421/1 770/390/1
f 770/390/1 801/421/1 802/422/1 771/391/1
f 771/391/1 802/422/1 803/423/1 772/392/1
f 772/392/1 803/423/1 804/424/1 773/393/1
f 773/393/1 804/424/1 805/425/1 774/394/1
f 774/394/1 805/425/1 806/426/1 775/395/1
f 775/395/1 806/426/1 807/427/1 776/396/1
f 776/396/1 807/427/1 808/428/1 777/397/1
f 777/397/1 808/428/1 809/429/1 778/398/1
f 778/398/1 809/429/1 810/430/1 779/399/1
f 779/399/1 810/430/1 811/431/1 780/400/1
f 780/400/1 811/431/1 812/432/1 781/401/1
f 781/401/1 812/432/1 813/433/1 782/402/1
f 782/402/1 813/433/1 814/434/1 783/403/1
f 784/405/1 815/436/1 816/435/1 785/404/1
f 785/404/1 816/435/1 817/437/1 786/406/1
f 786/406/1 817/437/1 818/438/1 787/407/1
f 787/407/1 818/438/1 819/439/1 788/408/1
f 788/408/1 819/439/1 820/440/1 789/409/1
f 789/409/1 820/440/1 821/441/1 790/410/1
f 790/410/1 821/441/1 822/442/1 791/411/1
f 791/411/1 822/442/1 823/443/1 792/412/1
f 792/412/1 823/443/1 824/444/1 793/413/1
f 793/413/1 824/444/1 825/445/1 794/414/1
f 794/414/1 825/445/1 826/446/1 795/415/1
f 795/415/1 826/446/1 827/447/1 796/416/1
f 796/416/1 827/447/1 828/448/1 797/417/1
f 797/417/1 828/448/1 829/449/1 798/418/1
f 798/418/1 829/449/1 830/450/1 799/419/1
f 799/419/1 830/450/1 831/451/1 800/420/1
f 800/420/1 831/451/1 832/452/1 801/421/1
f 801/421/1 832/452/1 833/453/1 802/422/1
f 802/422/1 833/453/1 834/454/1 803/423/1
f 803/423/1 834/454/1 835/455/1 804/424/1
f 804/424/1 835/455/1 836/456/1 805/425/1
f 805/425/1 836/456/1 837/457/1 806/426/1
f 806/426/1 837/457/1 838/458/1 807/427/1
f 807/427/1 838/458/1 839/459/1 808/428/1
f 808/428/1 839/459/1 840/460/1 809/429/1
f 809/429/1 840/460/1 841/461/1 810/430/1
f 810/430/1 841/461/1 842/462/1 811/431/1
f 811/431/1 842/462/1 843/463/1 812/432/1
f 812/432/1 843/463/1 844/464/1 813/433/1
f 813/433/1 844/464/1 845/465/1 814/434/1
f 815/436/1 846/467/1 847/466/1 816/435/1
f 816/435/1 847/466/1 848/468/1 817/437/1
f 817/437/1 848/468/1 849/469/1 818/438/1
f 818/438/1 849/469/1 850/470/1 819/439/1
f 819/439/1 850/470/1 851/471/1 820/440/1
f 820/440/1 851/471/1 852/472/1 821/441/1
f 821/441/1 852/472/1 853/473/1 822/442/1
f 822/442/1 853/473/1 854/474/1 823/443/1
f 823/443/1 854/474/1 855/475/1 824/444/1
f 824/444/1 855/475/1 856/476/1 825/445/1
f 825/445/1 856/476/1 857/477/1 826/446/1
f 826/446/1 857/477/1 858/478/1 827/447/1
f 827/447/1 858/478/1 859/479/1 828/448/1
f 828/448/1 859/479/1 860/480/1 829/449/1
f 829/449/1 860/480/1 861/481/1 830/450/1
f 830/450/1 861/481/1 862/482/1 831/451/1
f 831/451/1 862/482/1 863/483/1 832/452/1
f 832/452/1 863/483/1 864/484/1 833/453/1
f 833/453/1 864/484/1 865/485/1 834/454/1
f 834/454/1 865/485/1 866/486/1 835/455/1
f 835/455/1 866/486/1 867/487/1 836/456/1
f 836/456/1 867/487/1 868/488/1 837/457/1
f 837/457/1 868/488/1 869/489/1 838/458/1
f 838/458/1 869/489/1 870/490/1 839/459/1
f 839/459/1 870/490/1 871/491/1 840/460/1
f 840/460/1 871/491/1 872/492/1 841/461/1
f 841/461/1 872/492/1 873/493/1 842/462/1
f 842/462/1 873/493/1 874/494/1 843/463/1
f 843/463/1 874/494/1 875/495/1 844/464/1
f 844/464/1 875/495/1 876/496/1 845/465/1
f 846/467/1 877/498/1 878/497/1 847/466/1
f 847/466/1 878/497/1 879/499/1 848/468/1
f 848/468/1 879/499/1 880/500/1 849/469/1
f 849/469/1 880/500/1 881/501/1 850/470/1
f 850/470/1 881/501/1 882/502/1 851/471/1
f 851/471/1 882/502/1 883/503/1 852/472/1
f 852/472/1 883/503/1 884/504/1 853/473/1
f 853/473/1 884/504/1 885/505/1 854/474/1
f 854/474/1 885/505/1 886/506/1 855/475/1
f 855/475/1 886/506/1 887/507/1 856/476/1
f 856/476/1 887/507/1 888/508/1 857/477/1
f 857/477/1 888/508/1 889/509/1 858/478/1
f 858/478/1 889/509/1 890/510/1 859/479/1
f 859/479/1 890/510/1 891/511/1 860/480/1
f 860/480/1 891/511/1 892/512/1 861/481/1
f 861/481/1 892/512/1 893/513/1 862/482/1
f 862/482/1 893/513/1 894/514/1 863/483/1
f 863/483/1 894/514/1 895/515/1 864/484/1
f 864/484/1 895/515/1 896/516/1 865/485/1
f 865/485/1 896/516/1 897/517/1 866/486/1
f 866/486/1 897/517/1 898/518/1 867/487/1
f 867/487/1 898/518/1 899/519/1 868/488/1
f 868/488/1 899/519/1 900/520/1 869/489/1
f 869/489/1 900/520/1 901/521/1 870/490/1
f 870/490/1 901/521/1 902/522/1 871/491/1
f 871/491/1 902/522/1 903/523/1 872/492/1
f 872/492/1 903/523/1 904/524/1 873/493/1
f 873/493/1 904/524/1 905/525/1 874/494/1
f 874/494/1 905/525/1 906/526/1 875/495/1
f 875/495/1 906/526/1 907/527/1 876/496/1
f 877/498/1 908/529/1 909/528/1 878/497/1
f 878/497/1 909/528/1 910/530/1 879/499/1
f 879/499/1 910/530/1 911/531/1 880/500/1
f 880/500/1 911/531/1 912/532/1 881/501/1
f 881/501/1 912/532/1 913/533/1 882/502/1
f 882/502/1 913/533/1 914/534/1 883/503/1
f 883/503/1 914/534/1 915/535/1 884/504/1
f 884/504/1 915/535/1 916/536/1 885/505/1
f 885/505/1 916/536/1 917/537/1 886/506/1
f 886/506/1 917/537/1 918/538/1 887/507/1
f 887/507/1 918/538/1 919/539/1 888/508/1
f 888/508/1 919/539/1 920/540/1 889/509/1
f 889/509/1 920/540/1 921/541/1 890/510/1
f 890/510/1 921/541/1 922/542/1 891/511/1
f 891/511/1 922/542/1 923/543/1 892/512/1
f 892/512/1 923/543/1 924/544/1 893/513/1
f 893/513/1 924/544/1 925/545/1 894/514/1
f 894/514/1 925/545/1 926/546/1 895/515/1
f 895/515/1 926/546/1 927/547/1 896/516/1
f 896/516/1 927/547/1 928/548/1 897/517/1
f 897/517/1 928/548/1 929/549/1 898/518/1
f 898/518/1 929/549/1 930/550/1 899/519/1
f 899/519/1 930/550/1 931/551/1 900/520/1
f 900/520/1 931/551/1 932/552/1 901/521/1
f 901/521/1 932/552/1 933/553/1 902/522/1
f 902/522/1 933/553/1 934/554/1 903/523/1
f 903/523/1 934/554/1 935/555/1 904/524/1
f 904/524/1 935/555/1 936/556/1 905/525/1
f 905/525/1 936/556/1 937/557/1 906/526/1
f 906/526/1 937/557/1 938/558/1 907/527/1
f 908/529/1 939/560/1 940/559/1 909/528/1
f 909/528/1 940/559/1 941/561/1 910/530/1
f 910/530/1 941/561/1 942/562/1 911/531/1
f 911/531/1 942/562/1 943/563/1 912/532/1
f 912/532/1 943/563/1 944/564/1 913/533/1
f 913/533/1 944/564/1 945/565/1 914/534/1
f 914/534/1 945/565/1 946/566/1 915/535/1
f 915/535/1 946/566/1 947/567/1 916/536/1
f 916/536/1 947/567/1 948/568/1 917/537/1
f 917/537/1 948/568/1 949/569/1 918/538/1
f 918/538/1 949/569/1 950/570/1 919/539/1
f 919/539/1 950/570/1 951/571/1 920/540/1
f 920/540/1 951/571/1 952/572/1 921/541/1
f 921/541/1 952/572/1 953/573/1 922/542/1
f 922/542/1 953/573/1 954/574/1 923/543/1
f 923/543/1 954/574/1 955/575/1 924/544/1
f 924/544/1 955/575/1 956/576/1 925/545/1
f 925/545/1 956/576/1 957/577/1 926/546/1
f 926/546/1 957/577/1 958/578/1 927/547/1
f 927/547/1 958/578/1 959/579/1 928/548/1
f 928/548/1 959/579/1 960/580/1 929/549/1
f 929/549/1 960/580/1 961/581/1 930/550/1
f 930/550/1 961/581/1 962/582/1 931/551/1
f 931/551/1 962/582/1 963/583/1 932/552/1
f 932/552/1 963/583/1 964/584/1 933/553/1
f 933/553/1 964/584/1 965/585/1 934/554/1
f 934/554/1 965/585/1 966/586/1 935/555/1
f 935/555/1 966/586/1 967/587/1 936/556/1
f 936/556/1 967/587/1 968/588/1 937/557/1
f 937/557/1 968/588/1 969/589/1 938/558/1
f 939/560/1 970/591/1 971/590/1 940/559/1
f 940/559/1 971/590/1 972/592/1 941/561/1
f 941/561/1 972/592/1 973/593/1 942/562/1
f 942/562/1 973/593/1 974/594/1 943/563/1
f 943/563/1 974/594/1 975/595/1 944/564/1
f 944/564/1 975/595/1 976/596/1 945/565/1
f 945/565/1 976/596/1 977/597/1 946/566/1
f 946/566/1 977/597/1 978/598/1 947/567/1
f 947/567/1 978/598/1 979/599/1 948/568/1
f 948/568/1 979/599/1 980/600/1 949/569/1
f 949/569/1 980/600/1 981/601/1 950/570/1
f 950/570/1 981/601/1 982/602/1 951/571/1
f 951/571/1 982/602/1 983/603/1 952/572/1
f 952/572/1 983/603/1 984/604/1 953/573/1
f 953/573/1 984/604/1 985/605/1 954/574/1
f 954/574/1 985/605/1 986/606/1 955/575/1
f 955/575/1 986/606/1 987/607/1 956/576/1
f 956/576/1 987/607/1 988/608/1 957/577/1
f 957/577/1 988/608/1 989/609/1 958/578/1
f 958/578/1 989/609/1 990/610/1 959/579/1
f 959/579/1 990/610/1 991/611/1 960/580/1
f 960/580/1 991/611/1 992/612/1 961/581/1
f 961/581/1 992/612/1 993/613/1 962/582/1
f 962/582/1 993/613/1 994/614/1 963/583/1
f 963/583/1 994/614/1 995/615/1 964/584/1
f 964/584/1 995/615/1 996/616/1 965/585/1
f 965/585/1 996/616/1 997/617/1 966/586/1
f 966/586/1 997/617/1 998/618/1 967/587/1
f 967/587/1 998/618/1 999/619/1 968/588/1
f 968/588/1 999/619/1 1000/620/1 969/589/1
f 970/591/1 1001/622/1 1002/621/1 971/590/1
f 971/590/1 1002/621/1 1003/623/1 972/592/1
f 972/592/1 1003/623/1 1004/624/1 973/593/1
f 973/593/1 1004/624/1 1005/625/1 974/594/1
f 974/594/1 1005/625/1 1006/626/1 975/595/1
f 975/595/1 1006/626/1 1007/627/1 976/596/1
f 976/596/1 1007/627/1 1008/628/1 977/597/1
f 977/597/1 1008/628/1 1009/629/1 978/598/1
f 978/598/1 1009/629/1 1010/630/1 979/599/1
f 979/599/1 1010/630/1 1011/631/1 980/600/1
f 980/600/1 1011/631/1 1012/632/1 981/601/1
f 981/601/1 1012/632/1 1013/633/1 982/602/1
f 982/602/1 1013/633/1 1014/634/1 983/603/1
f 983/603/1 1014/634/1 1015/635/1 984/604/1
f 984/604/1 1015/635/1 1016/636/1 985/605/1
f 985/605/1 1016/636/1 1017/637/1 986/606/1
f 986/606/1 1017/637/1 1018/638/1 987/607/1
f 987/607/1 1018/638/1 1019/639/1 988/608/1
f 988/608/1 1019/639/1 1020/640/1 989/609/1
f 989/609/1 1020/640/1 1021/641/1 990/610/1
f 990/610/1 1021/641/1 1022/642/1 991/611/1
f 991/611/1 1022/642/1 1023/643/1 992/612/1
f 992/612/1 1023/643/1 1024/644/1 993/613/1
f 993/613/1 1024/644/1 1025/645/1 994/614/1
f 994/614/1 1025/645/1 1026/646/1 995/615/1
f 995/615/1 1026/646/1 1027/647/1 996/616/1
f 996/616/1 1027/647/1 1028/648/1 997/617/1
f 997/617/1 1028/648/1 1029/649/1 998/618/1
f 998/618/1 1029/649/1 1030/650/1 999/619/1
f 999/619/1 1030/650/1 1031/651/1 1000/620/1
f 1001/622/1 1032/653/1 1033/652/1 1002/621/1
f 1002/621/1 1033/652/1 1034/654/1 1003/623/1
f 1003/623/1 1034/654/1 1035/655/1 1004/624/1
f 1004/624/1 1035/655/1 1036/656/1 1005/625/1
f 1005/625/1 1036/656/1 1037/657/1 1006/626/1
f 1006/626/1 1037/657/1 1038/658/1 1007/627/1
f 1007/627/1 1038/658/1 1039/659/1 1008/628/1
f 1008/628/1 1039/659/1 1040/660/1 1009/629/1
f 1009/629/1 1040/660/1 1041/661/1 1010/630/1
f 1010/630/1 1041/661/1 1042/662/1 1011/631/1
f 1011/631/1 1042/662/1 1043/663/1 1012/632/1
f 1012/632/1 1043/663/1 1044/664/1 1013/633/1
f 1013/633/1 1044/664/1 1045/665/1 1014/634/1
f 1014/634/1 1045/665/1 1046/666/1 1015/635/1
f 1015/635/1 1046/666/1 1047/667/1 1016/636/1
f 1016/636/1 1047/667/1 1048/668/1 1017/637/1
f 1017/637/1 1048/668/1 1049/669/1 1018/638/1
f 1018/638/1 1049/669/1 1050/670/1 1019/639/1
f 1019/639/1 1050/670/1 1051/671/1 1020/640/1
f 1020/640/1 1051/671/1 1052/672/1 1021/641/1
f 1021/641/1 1052/672/1 1053/673/1 1022/642/1
f 1022/642/1 1053/673/1 1054/674/1 1023/643/1
f 1023/643/1 1054/674/1 1055/675/1 1024/644/1
f 1024/644/1 1055/675/1 1056/676/1 1025/645/1
f 1025/645/1 1056/676/1 1057/677/1 1026/646/1
f 1026/646/1 1057/677/1 1058/678/1 1027/647/1
f 1027/647/1 1058/678/1 1059/679/1 1028/648/1
f 1028/648/1 1059/679/1 1060/680/1 1029/649/1
f 1029/649/1 1060/680/1 1061/681/1 1030/650/1
f 1030/650/1 1061/681/1 1062/682/1 1031/651/1
f 1032/653/1 1063/684/1 1064/683/1 1033/652/1
f 1033/652/1 1064/683/1 1065/685/1 1034/654/1
f 1034/654/1 1065/685/1 1066/686/1 1035/655/1
f 1035/655/1 1066/686/1 1067/687/1 1036/656/1
f 1036/656/1 1067/687/1 1068/688/1 1037/657/1
f 1037/657/1 1068/688/1 1069/689/1 1038/658/1
f 1038/658/1 1069/689/1 1070/690/1 1039/659/1
f 1039/659/1 1070/690/1 1071/691/1 1040/660/1
f 1040/660/1 1071/691/1 1072/692/1 1041/661/1
f 1041/661/1 1072/692/1 1073/693/1 1042/662/1
f 1042/662/1 1073/693/1 1074/694/1 1043/663/1
f 1043/663/1 1074/694/1 1075/695/1 1044/664/1
f 1044/664/1 1075/695/1 1076/696/1 1045/665/1
f 1045/665/1 1076/696/1 1077/697/1 1046/666/1
f 1046/666/1 1077/697/1 1078/698/1 1047/667/1
f 1047/667/1 1078/698/1 1079/699/1 1048/668/1
f 1048/668/1 1079/699/1 1080/700/1 1049/669/1
f 1049/669/1 1080/700/1 1081/701/1 1050/670/1
f 1050/670/1 1081/701/1 1082/702/1 1051/671/1
f 1051/671/1 1082/702/1 1083/703/1 1052/672/1
f 1052/672/1 1083/703/1 1084/704/1 1053/673/1
f 1053/673/1 1084/704/1 1085/705/1 1054/674/1
f 1054/674/1 1085/705/1 1086/706/1 1055/675/1
f 1055/675/1 1086/706/1 1087/707/1 1056/676/1
f 1056/676/1 1087/707/1 1088/708/1 1057/677/1
f 1057/677/1 1088/708/1 1089/709/1 1058/678/1
f 1058/678/1 1089/709/1 1090/710/1 1059/679/1
f 1059/679/1 1090/710/1 1091/711/1 1060/680/1
f 1060/680/1 1091/711/1 1092/712/1 1061/681/1
f 1061/681/1 1092/712/1 1093/713/1 1062/682/1
f 1063/684/1 1094/715/1 1095/714/1 1064/683/1
f 1064/683/1 1095/714/1 1096/716/1 1065/685/1
f 1065/685/1 1096/716/1 1097/717/1 1066/686/1
f 1066/686/1 1097/717/1 1098/718/1 1067/687/1
f 1067/687/1 1098/718/1 1099/719/1 1068/688/1
f 1068/688/1 1099/719/1 1100/720/1 1069/689/1
f 1069/689/1 1100/720/1 1101/721/1 1070/690/1
f 1070/690/1 1101/721/1 1102/722/1 1071/691/1
f 1071/691/1 1102/722/1 1103/723/1 1072/692/1
f 1072/692/1 1103/723/1 1104/724/1 1073/693/1
f 1073/693/1 1104/724/1 1105/725/1 1074/694/1
f 1074/694/1 1105/725/1 1106/726/1 1075/695/1
f 1075/695/1 1106/726/1 1107/727/1 1076/696/1
f 1076/696/1 1107/727/1 1108/728/1 1077/697/1
f 1077/697/1 1108/728/1 1109/729/1 1078/698/1
f 1078/698/1 1109/729/1 1110/730/1 1079/699/1
f 1079/699/1 1110/730/1 1111/731/1 1080/700/1
f 1080/700/1 1111/731/1 1112/732/1 1081/701/1
f 1081/701/1 1112/732/1 1113/733/1 1082/702/1
f 1082/702/1 1113/733/1 1114/734/1 1083/703/1
f 1083/703/1 1114/734/1 1115/735/1 1084/704/1
f 1084/704/1 1115/735/1 1116/736/1 1085/705/1
f 1085/705/1 1116/736/1 1117/737/1 1086/706/1
f 1086/706/1 1117/737/1 1118/738/1 1087/707/1
f 1087/707/1 1118/738/1 1119/739/1 1088/708/1
f 1088/708/1 1119/739/1 1120/740/1 1089/709/1
f 1089/709/1 1120/740/1 1121/741/1 1090/710/1
f 1090/710/1 1121/741/1 1122/742/1 1091/711/1
f 1091/711/1 1122/742/1 1123/743/1 1092/712/1
f 1092/712/1 1123/743/1 1124/744/1 1093/713/1
f 1094/715/1 1125/746/1 1126/745/1 1095/714/1
f 1095/714/1 1126/745/1 1127/747/1 1096/716/1
f 1096/716/1 1127/747/1 1128/748/1 1097/717/1
f 1097/717/1 1128/748/1 1129/749/1 1098/718/1
f 1098/718/1 1129/749/1 1130/750/1 1099/719/1
f 1099/719/1 1130/750/1 1131/751/1 1100/720/1
f 1100/720/1 1131/751/1 1132/752/1 1101/721/1
f 1101/721/1 1132/752/1 1133/753/1 1102/722/1
f 1102/722/1 1133/753/1 1134/754/1 1103/723/1
f 1103/723/1 1134/754/1 1135/755/1 1104/724/1
f 1104/724/1 1135/755/1 1136/756/1 1105/725/1
f 1105/725/1 1136/756/1 1137/757/1 1106/726/1
f 1106/726/1 1137/757/1 1138/758/1 1107/727/1
f 1107/727/1 1138/758/1 1139/759/1 1108/728/1
f 1108/728/1 1139/759/1 1140/760/1 1109/729/1
f 1109/729/1 1140/760/1 1141/761/1 1110/730/1
f 1110/730/1 1141/761/1 1142/762/1 1111/731/1
f 1111/731/1 1142/762/1 1143/763/1 1112/732/1
f 1112/732/1 1143/763/1 1144/764/1 1113/733/1
f 1113/733/1 1144/764/1 1145/765/1 1114/734/1
f 1114/734/1 1145/765/1 1146/766/1 1115/735/1
f 1115/735/1 1146/766/1 1147/767/1 1116/736/1
f 1116/736/1 1147/767/1 1148/768/1 1117/737/1
f 1117/737/1 1148/768/1 1149/769/1 1118/738/1
f 1118/738/1 1149/769/1 1150/770/1 1119/739/1
f 1119/739/1 1150/770/1 1151/771/1 1120/740/1
f 1120/740/1 1151/771/1 1152/772/1 1121/741/1
f 1121/741/1 1152/772/1 1153/773/1 1122/742/1
f 1122/742/1 1153/773/1 1154/774/1 1123/743/1
f 1123/743/1 1154/774/1 1155/775/1 1124/744/1
f 1125/746/1 1156/777/1 1157/776/1 1126/745/1
f 1126/745/1 1157/776/1 1158/778/1 1127/747/1
f 1127/747/1 1158/778/1 1159/779/1 1128/748/1
f 1128/748/1 1159/779/1 1160/780/1 1129/749/1
f 1129/749/1 1160/780/1 1161/781/1 1130/750/1
f 1130/750/1 1161/781/1 1162/782/1 1131/751/1
f 1131/751/1 1162/782/1 1163/783/1 1132/752/1
f 1132/752/1 1163/783/1 1164/784/1 1133/753/1
f 1133/753/1 1164/784/1 1165/785/1 1134/754/1
f 1134/754/1 1165/785/1 1166/786/1 1135/755/1
f 1135/755/1 1166/786/1 1167/787/1 1136/756/1
f 1136/756/1 1167/787/1 1168/788/1 1137/757/1
f 1137/757/1 1168/788/1 1169/789/1 1138/758/1
f 1138/758/1 1169/789/1 1170/790/1 1139/759/1
f 1139/759/1 1170/790/1 1171/791/1 1140/760/1
f 1140/760/1 1171/791/1 1172/792/1 1141/761/1
f 1141/761/1 1172/792/1 1173/793/1 1142/762/1
f 1142/762/1 1173/793/1 1174/794/1 1143/763/1
f 1143/763/1 1174/794/1 1175/795/1 1144/764/1
f 1144/764/1 1175/795/1 1176/796/1 1145/765/1
f 1145/765/1 1176/796/1 1177/797/1 1146/766/1
f 1146/766/1 1177/797/1 1178/798/1 1147/767/1
f 1147/767/1 1178/798/1 1179/799/1 1148/768/1
f 1148/768/1 1179/799/1 1180/800/1 1149/769/1
f 1149/769/1 1180/800/1 1181/801/1 1150/770/1
f 1150/770/1 1181/801/1 1182/802/1 1151/771/1
f 1151/771/1 1182/802/1 1183/803/1 1152/772/1
f 1152/772/1 1183/803/1 1184/804/1 1153/773/1
f 1153/773/1 1184/804/1 1185/805/1 1154/774/1
f 1154/774/1 1185/805/1 1186/806/1 1155/775/1
f 1156/777/1 1187/808/1 1188/807/1 1157/776/1
f 1157/776/1 1188/807/1 1189/809/1 1158/778/1
f 1158/778/1 1189/809/1 1190/810/1 1159/779/1
f 1159/779/1 1190/810/1 1191/811/1 1160/780/1
f 1160/780/1 1191/811/1 1192/812/1 1161/781/1
f 1161/781/1 1192/812/1 1193/813/1 1162/782/1
f 1162/782/1 1193/813/1 1194/814/1 1163/783/1
f 1163/783/1 1194/814/1 1195/815/1 1164/784/1
f 1164/784/1 1195/815/1 1196/816/1 1165/785/1
f 1165/785/1 1196/816/1 1197/817/1 1166/786/1
f 1166/786/1 1197/817/1 1198/818/1 1167/787/1
f 1167/787/1 1198/818/1 1199/819/1 1168/788/1
f 1168/788/1 1199/819/1 1200/820/1 1169/789/1
f 1169/789/1 1200/820/1 1201/821/1 1170/790/1
f 1170/790/1 1201/821/1 1202/822/1 1171/791/1
f 1171/791/1 1202/822/1 1203/823/1 1172/792/1
f 1172/792/1 1203/823/1 1204/824/1 1173/793/1
f 1173/793/1 1204/824/1 1205/825/1 1174/794/1
f 1174/794/1 1205/825/1 1206/826/1 1175/795/1
f 1175/795/1 1206/826/1 1207/827/1 1176/796/1
f 1176/796/1 1207/827/1 1208/828/1 1177/797/1
f 1177/797/1 1208/828/1 1209/829/1 1178/798/1
f 1178/798/1 1209/829/1 1210/830/1 1179/799/1
f 1179/799/1 1210/830/1 1211/831/1 1180/800/1
f 1180/800/1 1211/831/1 1212/832/1 1181/801/1
f 1181/801/1 1212/832/1 1213/833/1 1182/802/1
f 1182/802/1 1213/833/1 1214/834/1 1183/803/1
f 1183/803/1 1214/834/1 1215/835/1 1184/804/1
f 1184/804/1 1215/835/1 1216/836/1 1185/805/1
f 1185/805/1 1216/836/1 1217/837/1 1186/806/1
f 1187/808/1 1218/839/1 1219/838/1 1188/807/1
f 1188/807/1 1219/838/1 1220/840/1 1189/809/1
f 1189/809/1 1220/840/1 1221/841/1 1190/810/1
f 1190/810/1 1221/841/1 1222/842/1 1191/811/1
f 1191/811/1 1222/842/1 1223/843/1 1192/812/1
f 1192/812/1 1223/843/1 1224/844/1 1193/813/1
f 1193/813/1 1224/844/1 1225/845/1 1194/814/1
f 1194/814/1 1225/845/1 1226/846/1 1195/815/1
f 1195/815/1 1226/846/1 1227/847/1 1196/816/1
f 1196/816/1 1227/847/1 1228/848/1 1197/817/1
f 1197/817/1 1228/848/1 1229/849/1 1198/818/1
f 1198/818/1 1229/849/1 1230/850/1 1199/819/1
f 1199/819/1 1230/850/1 1231/851/1 1200/820/1
f 1200/820/1 1231/851/1 1232/852/1 1201/821/1
f 1201/821/1 1232/852/1 1233/853/1 1202/822/1
f 1202/822/1 1233/853/1 1234/854/1 1203/823/1
f 1203/823/1 1234/854/1 1235/855/1 1204/824/1
f 1204/824/1 1235/855/1 1236/856/1 1205/825/1
f 1205/825/1 1236/856/1 1237/857/1 1206/826/1
f 1206/826/1 1237/857/1 1238/858/1 1207/827/1
f 1207/827/1 1238/858/1 1239/859/1 1208/828/1
f 1208/828/1 1239/859/1 1240/860/1 1209/829/1
f 1209/829/1 1240/860/1 1241/861/1 1210/830/1
f 1210/830/1 1241/861/1 1242/862/1 1211/831/1
f 1211/831/1 1242/862/1 1243/863/1 1212/832/1
f 1212/832/1 1243/863/1 1244/864/1 1213/833/1
f 1213/833/1 1244/864/1 1245/865/1 1214/834/1
f 1214/834/1 1245/865/1 1246/866/1 1215/835/1
f 1215/835/1 1246/866/1 1247/867/1 1216/836/1
f 1216/836/1 1247/867/1 1248/868/1 1217/837/1
f 1218/839/1 1249/870/1 1250/869/1 1219/838/1
f 1219/838/1 1250/869/1 1251/871/1 1220/840/1
f 1220/840/1 1251/871/1 1252/872/1 1221/841/1
f 1221/841/1 1252/872/1 1253/873/1 1222/842/1
f 1222/842/1 1253/873/1 1254/874/1 1223/843/1
f 1223/843/1 1254/874/1 1255/875/1 1224/844/1
f 1224/844/1 1255/875/1 1256/876/1 1225/845/1
f 1225/845/1 1256/876/1 1257/877/1 1226/846/1
f 1226/846/1 1257/877/1 1258/878/1 1227/847/1
f 1227/847/1 1258/878/1 1259/879/1 1228/848/1
f 1228/848/1 1259/879/1 1260/880/1 1229/849/1
f 1229/849/1 1260/880/1 1261/881/1 1230/850/1
f 1230/850/1 1261/881/1 1262/882/1 1231/851/1
f 1231/851/1 1262/882/1 1263/883/1 1232/852/1
f 1232/852/1 1263/883/1 1264/884/1 1233/853/1
f 1233/853/1 1264/884/1 1265/885/1 1234/854/1
f 1234/854/1 1265/885/1 1266/886/1 1235/855/1
f 1235/855/1 1266/886/1 1267/887/1 1236/856/1
f 1236/856/1 1267/887/1 1268/888/1 1237/857/1
f 1237/857/1 1268/888/1 1269/889/1 1238/858/1
f 1238/858/1 1269/889/1 1270/890/1 1239/859/1
f 1239/859/1 1270/890/1 1271/891/1 1240/860/1
f 1240/860/1 1271/891/1 1272/892/1 1241/861/1
f 1241/861/1 1272/892/1 1273/893/1 1242/862/1
f 1242/862/1 1273/893/1 1274/894/1 1243/863/1
f 1243/863/1 1274/894/1 1275/895/1 1244/864/1
f 1244/864/1 1275/895/1 1276/896/1 1245/865/1
f 1245/865/1 1276/896/1 1277/897/1 1246/866/1
f 1246/866/1 1277/897/1 1278/898/1 1247/867/1
f 1247/867/1 1278/898/1 1279/899/1 1248/868/1
f 1249/870/1 1280/901/1 1281/900/1 1250/869/1
f 1250/869/1 1281/900/1 1282/902/1 1251/871/1
f 1251/871/1 1282/902/1 1283/903/1 1252/872/1
f 1252/872/1 1283/903/1 1284/904/1 1253/873/1
f 1253/873/1 1284/904/1 1285/905/1 1254/874/1
f 1254/874/1 1285/905/1 1286/906/1 1255/875/1
f 1255/875/1 1286/906/1 1287/907/1 1256/876/1
f 1256/876/1 1287/907/1 1288/908/1 1257/877/1
f 1257/877/1 1288/908/1 1289/909/1 1258/878/1
f 1258/878/1 1289/909/1 1290/910/1 1259/879/1
f 1259/879/1 1290/910/1 1291/911/1 1260/880/1
f 1260/880/1 1291/911/1 1292/912/1 1261/881/1
f 1261/881/1 1292/912/1 1293/913/1 1262/882/1
f 1262/882/1 1293/913/1 1294/914/1 1263/883/1
f 1263/883/1 1294/914/1 1295/915/1 1264/884/1
f 1264/884/1 1295/915/1 1296/916/1 1265/885/1
f 1265/885/1 1296/916/1 1297/917/1 1266/886/1
f 1266/886/1 1297/917/1 1298/918/1 1267/887/1
f 1267/887/1 1298/918/1 1299/919/1 1268/888/1
f 1268/888/1 1299/919/1 1300/920/1 1269/889/1
f 1269/889/1 1300/920/1 1301/921/1 1270/890/1
f 1270/890/1 1301/921/1 1302/922/1 1271/891/1
f 1271/891/1 1302/922/1 1303/923/1 1272/892/1
f 1272/892/1 1303/923/1 1304/924/1 1273/893/1
f 1273/893/1 1304/924/1 1305/925/1 1274/894/1
f 1274/894/1 1305/925/1 1306/926/1 1275/895/1
f 1275/895/1 1306/926/1 1307/927/1 1276/896/1
f 1276/896/1 1307/927/1 1308/928/1 1277/897/1
f 1277/897/1 1308/928/1 1309/929/1 1278/898/1
f 1278/898/1 1309/929/1 1310/930/1 1279/899/1
f 1280/901/1 1311/932/1 1312/931/1 1281/900/1
f 1281/900/1 1312/931/1 1313/933/1 1282/902/1
f 1282/902/1 1313/933/1 1314/934/1 1283/903/1
f 1283/903/1 1314/934/1 1315/935/1 1284/904/1
f 1284/904/1 1315/935/1 1316/936/1 1285/905/1
f 1285/905/1 1316/936/1 1317/937/1 1286/906/1
f 1286/906/1 1317/937/1 1318/938/1 1287/907/1
f 1287/907/1 1318/938/1 1319/939/1 1288/908/1
f 1288/908/1 1319/939/1 1320/940/1 1289/909/1
f 1289/909/1 1320/940/1 1321/941/1 1290/910/1
f 1290/910/1 1321/941/1 1322/942/1 1291/911/1
f 1291/911/1 1322/942/1 1323/943/1 1292/912/1
f 1292/912/1 1323/943/1 1324/944/1 1293/913/1
f 1293/913/1 1324/944/1 1325/945/1 1294/914/1
f 1294/914/1 1325/945/1 1326/946/1 1295/915/1
f 1295/915/1 1326/946/1 1327/947/1 1296/916/1
f 1296/916/1 1327/947/1 1328/948/1 1297/917/1
f 1297/917/1 1328/948/1 1329/949/1 1298/918/1
f 1298/918/1 1329/949/1 1330/950/1 1299/919/1
f 1299/919/1 1330/950/1 1331/951/1 1300/920/1
f 1300/920/1 1331/951/1 1332/952/1 1301/921/1
f 1301/921/1 1332/952/1 1333/953/1 1302/922/1
f 1302/922/1 1333/953/1 1334/954/1 1303/923/1
f 1303/923/1 1334/954/1 1335/955/1 1304/924/1
f 1304/924/1 1335/955/1 1336/956/1 1305/925/1
f 1305/925/1 1336/956/1 1337/957/1 1306/926/1
f 1306/926/1 1337/957/1 1338/958/1 1307/927/1
f 1307/927/1 1338/958/1 1339/959/1 1308/928/1
f 1308/928/1 1339/959/1 1340/960/1 1309/929/1
f 1309/929/1 1340/960/1 1341/961/1 1310/930/1
f 1/962/1 226/964/1 381/1/1 349/963/1
f 349/963/1 381/1/1 382/2/1 348/965/1
f 348/965/1 382/2/1 383/5/1 347/966/1
f 347/966/1 383/5/1 384/7/1 346/967/1
f 346/967/1 384/7/1 385/9/1 345/968/1
f 345/968/1 385/9/1 386/11/1 344/969/1
f 344/969/1 386/11/1 387/13/1 343/970/1
f 343/970/1 387/13/1 388/15/1 342/971/1
f 342/971/1 388/15/1 389/17/1 341/972/1
f 341/972/1 389/17/1 390/19/1 340/973/1
f 340/973/1 390/19/1 391/21/1 339/974/1
f 339/974/1 391/21/1 392/23/1 338/975/1
f 338/975/1 392/23/1 393/25/1 337/976/1
f 337/976/1 393/25/1 394/27/1 336/977/1
f 336/977/1 394/27/1 395/29/1 335/978/1
f 335/978/1 395/29/1 396/31/1 334/979/1
f 334/979/1 396/31/1 397/33/1 333/980/1
f 333/980/1 397/33/1 398/35/1 332/981/1
f 332/981/1 398/35/1 399/37/1 331/982/1
f 331/982/1 399/37/1 400/39/1 330/983/1
f 330/983/1 400/39/1 401/41/1 329/984/1
f 329/984/1 401/41/1 402/43/1 328/985/1
f 328/985/1 402/43/1 403/45/1 327/986/1
f 327/986/1 403/45/1 404/47/1 326/987/1
f 326/987/1 404/47/1 405/49/1 325/988/1
f 325/988/1 405/49/1 406/51/1 324/989/1
f 324/989/1 406/51/1 407/53/1 323/990/1
f 323/990/1 407/53/1 408/55/1 322/991/1
f 322/991/1 408/55/1 409/57/1 321/992/1
f 321/992/1 409/57/1 410/59/1 320/993/1
f 320/993/1 410/59/1 411/61/1 319/994/1
f 319/994/1 411/61/1 318/996/1 5/995/1
f 411/61/1 442/62/1 317/997/1 318/996/1
f 442/62/1 473/93/1 316/998/1 317/997/1
f 473/93/1 504/124/1 315/999/1 316/998/1
f 504/124/1 535/155/1 314/1000/1 315/999/1
f 535/155/1 566/186/1 313/1001/1 314/1000/1
f 566/186/1 597/217/1 312/1002/1 313/1001/1
f 597/217/1 628/248/1 311/1003/1 312/1002/1
f 628/248/1 659/279/1 310/1004/1 311/1003/1
f 659/279/1 690/310/1 309/1005/1 310/1004/1
f 690/310/1 721/341/1 308/1006/1 309/1005/1
f 721/341/1 752/372/1 307/1007/1 308/1006/1
f 752/372/1 783/403/1 306/1008/1 307/1007/1
f 783/403/1 814/434/1 305/1009/1 306/1008/1
f 814/434/1 845/465/1 304/1010/1 305/1009/1
f 845/465/1 876/496/1 303/1011/1 304/1010/1
f 876/496/1 907/527/1 302/1012/1 303/1011/1
f 907/527/1 938/558/1 301/1013/1 302/1012/1
f 938/558/1 969/589/1 300/1014/1 301/1013/1
f 969/589/1 1000/620/1 299/1015/1 300/1014/1
f 1000/620/1 1031/651/1 298/1016/1 299/1015/1
f 1031/651/1 1062/682/1 297/1017/1 298/1016/1
f 1062/682/1 1093/713/1 296/1018/1 297/1017/1
f 1093/713/1 1124/744/1 295/1019/1 296/1018/1
f 1124/744/1 1155/775/1 294/1020/1 295/1019/1
f 1155/775/1 1186/806/1 293/1021/1 294/1020/1
f 1186/806/1 1217/837/1 292/1022/1 293/1021/1
f 1217/837/1 1248/868/1 291/1023/1 292/1022/1
f 1248/868/1 1279/899/1 290/1024/1 291/1023/1
f 1279/899/1 1310/930/1 289/1025/1 290/1024/1
f 1310/930/1 1341/961/1 288/1026/1 289/1025/1
f 1341/961/1 225/1028/1 7/1027/1 288/1026/1
f 1340/960/1 224/1029/1 225/1028/1 1341/961/1
f 1339/959/1 223/1030/1 224/1029/1 1340/960/1
f 1338/958/1 222/1031/1 223/1030/1 1339/959/1
f 1337/957/1 221/1032/1 222/1031/1 1338/958/1
f 1336/956/1 220/1033/1 221/1032/1 1337/957/1
f 1335/955/1 219/1034/1 220/1033/1 1336/956/1
f 1334/954/1 218/1035/1 219/1034/1 1335/955/1
f 1333/953/1 217/1036/1 218/1035/1 1334/954/1
f 1332/952/1 216/1037/1 217/1036/1 1333/953/1
f 1331/951/1 215/1038/1 216/1037/1 1332/952/1
f 1330/950/1 214/1039/1 215/1038/1 1331/951/1
f 1329/949/1 213/1040/1 214/1039/1 1330/950/1
f 1328/948/1 212/1041/1 213/1040/1 1329/949/1
f 1327/947/1 211/1042/1 212/1041/1 1328/948/1
f 1326/946/1 210/1043/1 211/1042/1 1327/947/1
f 1325/945/1 209/1044/1 210/1043/1 1326/946/1
f 1324/944/1 208/1045/1 209/1044/1 1325/945/1
f 1323/943/1 207/1046/1 208/1045/1 1324/944/1
f 1322/942/1 206/1047/1 207/1046/1 1323/943/1
f 1321/941/1 205/1048/1 206/1047/1 1322/942/1
f 1320/940/1 204/1049/1 205/1048/1 1321/941/1
f 1319/939/1 203/1050/1 204/1049/1 1320/940/1
f 1318/938/1 202/1051/1 203/1050/1 1319/939/1
f 1317/937/1 201/1052/1 202/1051/1 1318/938/1
f 1316/936/1 200/1053/1 201/1052/1 1317/937/1
f 1315/935/1 199/1054/1 200/1053/1 1316/936/1
f 1314/934/1 198/1055/1 199/1054/1 1315/935/1
f 1313/933/1 197/1056/1 198/1055/1 1314/934/1
f 1312/931/1 196/1057/1 197/1056/1 1313/933/1
f 1311/932/1 195/1058/1 196/1057/1 1312/931/1
f 256/1059/1 3/1060/1 195/1058/1 1311/932/1
f 255/1061/1 256/1059/1 1311/932/1 1280/901/1
f 254/1062/1 255/1061/1 1280/901/1 1249/870/1
f 253/1063/1 254/1062/1 1249/870/1 1218/839/1
f 252/1064/1 253/1063/1 1218/839/1 1187/808/1
f 251/1065/1 252/1064/1 1187/808/1 1156/777/1
f 250/1066/1 251/1065/1 1156/777/1 1125/746/1
f 249/1067/1 250/1066/1 1125/746/1 1094/715/1
f 248/1068/1 249/1067/1 1094/715/1 1063/684/1
f 247/1069/1 248/1068/1 1063/684/1 1032/653/1
f 246/1070/1 247/1069/1 1032/653/1 1001/622/1
f 245/1071/1 246/1070/1 1001/622/1 970/591/1
f 244/1072/1 245/1071/1 970/591/1 939/560/1
f 243/1073/1 244/1072/1 939/560/1 908/529/1
f 242/1074/1 243/1073/1 908/529/1 877/498/1
f 241/1075/1 242/1074/1 877/498/1 846/467/1
f 240/1076/1 241/1075/1 846/467/1 815/436/1
f 239/1077/1 240/1076/1 815/436/1 784/405/1
f 238/1078/1 239/1077/1 784/405/1 753/374/1
f 237/1079/1 238/1078/1 753/374/1 722/343/1
f 236/1080/1 237/1079/1 722/343/1 691/312/1
f 235/1081/1 236/1080/1 691/312/1 660/281/1
f 234/1082/1 235/1081/1 660/281/1 629/250/1
f 233/1083/1 234/1082/1 629/250/1 598/219/1
f 232/1084/1 233/1083/1 598/219/1 567/188/1
f 231/1085/1 232/1084/1 567/188/1 536/157/1
f 230/1086/1 231/1085/1 536/157/1 505/126/1
f 229/1087/1 230/1086/1 505/126/1 474/95/1
f 228/1088/1 229/1087/1 474/95/1 443/64/1
f 227/1089/1 228/1088/1 443/64/1 412/4/1
f 226/964/1 227/1089/1 412/4/1 381/1/1
f 1342/1090/2 1373/1093/2 1374/1092/2 1343/1091/2
f 1343/1091/2 1374/1092/2 1375/1095/2 1344/1094/2
f 1344/1094/2 1375/1095/2 1376/1097/2 1345/1096/2
f 1345/1096/2 1376/1097/2 1377/1099/2 1346/1098/2
f 1346/1098/2 1377/1099/2 1378/1101/2 1347/1100/2
f 1347/1100/2 1378/1101/2 1379/1103/2 1348/1102/2
f 1348/1102/2 1379/1103/2 1380/1105/2 1349/1104/2
f 1349/1104/2 1380/1105/2 1381/1107/2 1350/1106/2
f 1350/1106/2 1381/1107/2 1382/1109/2 1351/1108/2
f 1351/1108/2 1382/1109/2 1383/1111/2 1352/1110/2
f 1352/1110/2 1383/1111/2 1384/1113/2 1353/1112/2
f 1353/1112/2 1384/1113/2 1385/1115/2 1354/1114/2
f 1354/1114/2 1385/1115/2 1386/1117/2 1355/1116/2
f 1355/1116/2 1386/1117/2 1387/1119/2 1356/1118/2
f 1356/1118/2 1387/1119/2 1388/1121/2 1357/1120/2
f 1357/1120/2 1388/1121/2 1389/1123/2 1358/1122/2
f 1358/1122/2 1389/1123/2 1390/1125/2 1359/1124/2
f 1359/1124/2 1390/1125/2 1391/1127/2 1360/1126/2
f 1360/1126/2 1391/1127/2 1392/1129/2 1361/1128/2
f 1361/1128/2 1392/1129/2 1393/1131/2 1362/1130/2
f 1362/1130/2 1393/1131/2 1394/1133/2 1363/1132/2
f 1363/1132/2 1394/1133/2 1395/1135/2 1364/1134/2
f 1364/1134/2 1395/1135/2 1396/1137/2 1365/1136/2
f 1365/1136/2 1396/1137/2 1397/1139/2 1366/1138/2
f 1366/1138/2 1397/1139/2 1398/1141/2 1367/1140/2
f 1367/1140/2 1398/1141/2 1399/1143/2 1368/1142/2
f 1368/1142/2 1399/1143/2 1400/1145/2 1369/1144/2
f 1369/1144/2 1400/1145/2 1401/1147/2 1370/1146/2
f 1370/1146/2 1401/1147/2 1402/1149/2 1371/1148/2
f 1371/1148/2 1402/1149/2 1403/1151/2 1372/1150/2
f 1373/1093/2 1404/1153/2 1405/1152/2 1374/1092/2
f 1374/1092/2 1405/1152/2 1406/1154/2 1375/1095/2
f 1375/1095/2 1406/1154/2 1407/1155/2 1376/1097/2
f 1376/1097/2 1407/1155/2 1408/1156/2 1377/1099/2
f 1377/1099/2 1408/1156/2 1409/1157/2 1378/1101/2
f 1378/1101/2 1409/1157/2 1410/1158/2 1379/1103/2
f 1379/1103/2 1410/1158/2 1411/1159/2 1380/1105/2
f 1380/1105/2 1411/1159/2 1412/1160/2 1381/1107/2
f 1381/1107/2 1412/1160/2 1413/1161/2 1382/1109/2
f 1382/1109/2 1413/1161/2 1414/1162/2 1383/1111/2
f 1383/1111/2 1414/1162/2 1415/1163/2 1384/1113/2
f 1384/1113/2 1415/1163/2 1416/1164/2 1385/1115/2
f 1385/1115/2 1416/1164/2 1417/1165/2 1386/1117/2
f 1386/1117/2 1417/1165/2 1418/1166/2 1387/1119/2
f 1387/1119/2 1418/1166/2 1419/1167/2 1388/1121/2
f 1388/1121/2 1419/1167/2 1420/1168/2 1389/1123/2
f 1389/1123/2 1420/1168/2 1421/1169/2 1390/1125/2
f 1390/1125/2 1421/1169/2 1422/1170/2 1391/1127/2
f 1391/1127/2 1422/1170/2 1423/1171/2 1392/1129/2
f 1392/1129/2 1423/1171/2 1424/1172/2 1393/1131/2
f 1393/1131/2 1424/1172/2 1425/1173/2 1394/1133/2
f 1394/1133/2 1425/1173/2 1426/1174/2 1395/1135/2
f 1395/1135/2 1426/1174/2 1427/1175/2 1396/1137/2
f 1396/1137/2 1427/1175/2 1428/1176/2 1397/1139/2
f 1397/1139/2 1428/1176/2 1429/1177/2 1398/1141/2
f 1398/1141/2 1429/1177/2 1430/1178/2 1399/1143/2
f 1399/1143/2 1430/1178/2 1431/1179/2 1400/1145/2
f 1400/1145/2 1431/1179/2 1432/1180/2 1401/1147/2
f 1401/1147/2 1432/1180/2 1433/1181/2 1402/1149/2
f 1402/1149/2 1433/1181/2 1434/1182/2 1403/1151/2
f 1404/1153/2 1435/1184/2 1436/1183/2 1405/1152/2
f 1405/1152/2 1436/1183/2 1437/1185/2 1406/1154/2
f 1406/1154/2 1437/1185/2 1438/1186/2 1407/1155/2
f 1407/1155/2 1438/1186/2 1439/1187/2 1408/1156/2
f 1408/1156/2 1439/1187/2 1440/1188/2 1409/1157/2
f 1409/1157/2 1440/1188/2 1441/1189/2 1410/1158/2
f 1410/1158/2 1441/1189/2 1442/1190/2 1411/1159/2
f 1411/1159/2 1442/1190/2 1443/1191/2 1412/1160/2
f 1412/1160/2 1443/1191/2 1444/1192/2 1413/1161/2
f 1413/1161/2 1444/1192/2 1445/1193/2 1414/1162/2
f 1414/1162/2 1445/1193/2 1446/1194/2 1415/1163/2
f 1415/1163/2 1446/1194/2 1447/1195/2 1416/1164/2
f 1416/1164/2 1447/1195/2 1448/1196/2 1417/1165/2
f 1417/1165/2 1448/1196/2 1449/1197/2 1418/1166/2
f 1418/1166/2 1449/1197/2 1450/1198/2 1419/1167/2
f 1419/1167/2 1450/1198/2 1451/1199/2 1420/1168/2
f 1420/1168/2 1451/1199/2 1452/1200/2 1421/1169/2
f 1421/1169/2 1452/1200/2 1453/1201/2 1422/1170/2
f 1422/1170/2 1453/1201/2 1454/1202/2 1423/1171/2
f 1423/1171/2 1454/1202/2 1455/1203/2 1424/1172/2
f 1424/1172/2 1455/1203/2 1456/1204/2 1425/1173/2
f 1425/1173/2 1456/1204/2 1457/1205/2 1426/1174/2
f 1426/1174/2 1457/1205/2 1458/1206/2 1427/1175/2
f 1427/1175/2 1458/1206/2 1459/1207/2 1428/1176/2
f 1428/1176/2 1459/1207/2 1460/1208/2 1429/1177/2
f 1429/1177/2 1460/1208/2 1461/1209/2 1430/1178/2
f 1430/1178/2 1461/1209/2 1462/1210/2 1431/1179/2
f 1431/1179/2 1462/1210/2 1463/1211/2 1432/1180/2
f 1432/1180/2 1463/1211/2 1464/1212/2 1433/1181/2
f 1433/1181/2 1464/1212/2 1465/1213/2 1434/1182/2
f 1435/1184/2 1466/1215/2 1467/1214/2 1436/1183/2
f 1436/1183/2 1467/1214/2 1468/1216/2 1437/1185/2
f 1437/1185/2 1468/1216/2 1469/1217/2 1438/1186/2
f 1438/1186/2 1469/1217/2 1470/1218/2 1439/1187/2
f 1439/1187/2 1470/1218/2 1471/1219/2 1440/1188/2
f 1440/1188/2 1471/1219/2 1472/1220/2 1441/1189/2
f 1441/1189/2 1472/1220/2 1473/1221/2 1442/1190/2
f 1442/1190/2 1473/1221/2 1474/1222/2 1443/1191/2
f 1443/1191/2 1474/1222/2 1475/1223/2 1444/1192/2
f 1444/1192/2 1475/1223/2 1476/1224/2 1445/1193/2
f 1445/1193/2 1476/1224/2 1477/1225/2 1446/1194/2
f 1446/1194/2 1477/1225/2 1478/1226/2 1447/1195/2
f 1447/1195/2 1478/1226/2 1479/1227/2 1448/1196/2
f 1448/1196/2 1479/1227/2 1480/1228/2 1449/1197/2
f 1449/1197/2 1480/1228/2 1481/1229/2 1450/1198/2
f 1450/1198/2 1481/1229/2 1482/1230/2 1451/1199/2
f 1451/1199/2 1482/1230/2 1483/1231/2 1452/1200/2
f 1452/1200/2 1483/1231/2 1484/1232/2 1453/1201/2
f 1453/1201/2 1484/1232/2 1485/1233/2 1454/1202/2
f 1454/1202/2 1485/1233/2 1486/1234/2 1455/1203/2
f 1455/1203/2 1486/1234/2 1487/1235/2 1456/1204/2
f 1456/1204/2 1487/1235/2 1488/1236/2 1457/1205/2
f 1457/1205/2 1488/1236/2 1489/1237/2 1458/1206/2
f 1458/1206/2 1489/1237/2 1490/1238/2 1459/1207/2
f 1459/1207/2 1490/1238/2 1491/1239/2 1460/1208/2
f 1460/1208/2 1491/1239/2 1492/1240/2 1461/1209/2
f 1461/1209/2 1492/1240/2 1493/1241/2 1462/1210/2
f 1462/1210/2 1493/1241/2 1494/1242/2 1463/1211/2
f 1463/1211/2 1494/1242/2 1495/1243/2 1464/1212/2
f 1464/1212/2 1495/1243/2 1496/1244/2 1465/1213/2
f 1466/1215/2 1497/1246/2 1498/1245/2 1467/1214/2
f 1467/1214/2 1498/1245/2 1499/1247/2 1468/1216/2
f 1468/1216/2 1499/1247/2 1500/1248/2 1469/1217/2
f 1469/1217/2 1500/1248/2 1501/1249/2 1470/1218/2
f 1470/1218/2 1501/1249/2 1502/1250/2 1471/1219/2
f 1471/1219/2 1502/1250/2 1503/1251/2 1472/1220/2
f 1472/1220/2 1503/1251/2 1504/1252/2 1473/1221/2
f 1473/1221/2 1504/1252/2 1505/1253/2 1474/1222/2
f 1474/1222/2 1505/1253/2 1506/1254/2 1475/1223/2
f 1475/1223/2 1506/1254/2 1507/1255/2 1476/1224/2
f 1476/1224/2 1507/1255/2 1508/1256/2 1477/1225/2
f 1477/1225/2 1508/1256/2 1509/1257/2 1478/1226/2
f 1478/1226/2 1509/1257/2 1510/1258/2 1479/1227/2
f 1479/1227/2 1510/1258/2 1511/1259/2 1480/1228/2
f 1480/1228/2 1511/1259/2 1512/1260/2 1481/1229/2
f 1481/1229/2 1512/1260/2 1513/1261/2 1482/1230/2
f 1482/1230/2 1513/1261/2 1514/1262/2 1483/1231/2
f 1483/1231/2 1514/1262/2 1515/1263/2 1484/1232/2
f 1484/1232/2 1515/1263/2 1516/1264/2 1485/1233/2
f 1485/1233/2 1516/1264/2 1517/1265/2 1486/1234/2
f 1486/1234/2 1517/1265/2 1518/1266/2 1487/1235/2
f 1487/1235/2 1518/1266/2 1519/1267/2 1488/1236/2
f 1488/1236/2 1519/1267/2 1520/1268/2 1489/1237/2
f 1489/1237/2 1520/1268/2 1521/1269/2 1490/1238/2
f 1490/1238/2 1521/1269/2 1522/1270/2 1491/1239/2
f 1491/1239/2 1522/1270/2 1523/1271/2 1492/1240/2
f 1492/1240/2 1523/1271/2 1524/1272/2 1493/1241/2
f 1493/1241/2 1524/1272/2 1525/1273/2 1494/1242/2
f 1494/1242/2 1525/1273/2 1526/1274/2 1495/1243/2
f 1495/1243/2 1526/1274/2 1527/1275/2 1496/1244/2
f 1497/1246/2 1528/1277/2 1529/1276/2 1498/1245/2
f 1498/1245/2 1529/1276/2 1530/1278/2 1499/1247/2
f 1499/1247/2 1530/1278/2 1531/1279/2 1500/1248/2
f 1500/1248/2 1531/1279/2 1532/1280/2 1501/1249/2
f 1501/1249/2 1532/1280/2 1533/1281/2 1502/1250/2
f 1502/1250/2 1533/1281/2 1534/1282/2 1503/1251/2
f 1503/1251/2 1534/1282/2 1535/1283/2 1504/1252/2
f 1504/1252/2 1535/1283/2 1536/1284/2 1505/1253/2
f 1505/1253/2 1536/1284/2 1537/1285/2 1506/1254/2
f 1506/1254/2 1537/1285/2 1538/1286/2 1507/1255/2
f 1507/1255/2 1538/1286/2 1539/1287/2 1508/1256/2
f 1508/1256/2 1539/1287/2 1540/1288/2 1509/1257/2
f 1509/1257/2 1540/1288/2 1541/1289/2 1510/1258/2
f 1510/1258/2 1541/1289/2 1542/1290/2 1511/1259/2
f 1511/1259/2 1542/1290/2 1543/1291/2 1512/1260/2
f 1512/1260/2 1543/1291/2 1544/1292/2 1513/1261/2
f 1513/1261/2 1544/1292/2 1545/1293/2 1514/1262/2
f 1514/1262/2 1545/1293/2 1546/1294/2 1515/1263/2
f 1515/1263/2 1546/1294/2 1547/1295/2 1516/1264/2
f 1516/1264/2 1547/1295/2 1548/1296/2 1517/1265/2
f 1517/1265/2 1548/1296/2 1549/1297/2 1518/1266/2
f 1518/1266/2 1549/1297/2 1550/1298/2 1519/1267/2
f 1519/1267/2 1550/1298/2 1551/1299/2 1520/1268/2
f 1520/1268/2 1551/1299/2 1552/1300/2 1521/1269/2
f 1521/1269/2 1552/1300/2 1553/1301/2 1522/1270/2
f 1522/1270/2 1553/1301/2 1554/1302/2 1523/1271/2
f 1523/1271/2 1554/1302/2 1555/1303/2 1524/1272/2
f 1524/1272/2 1555/1303/2 1556/1304/2 1525/1273/2
f 1525/1273/2 1556/1304/2 1557/1305/2 1526/1274/2
f 1526/1274/2 1557/1305/2 1558/1306/2 1527/1275/2
f 1528/1277/2 1559/1308/2 1560/1307/2 1529/1276/2
f 1529/1276/2 1560/1307/2 1561/1309/2 1530/1278/2
f 1530/1278/2 1561/1309/2 1562/1310/2 1531/1279/2
f 1531/1279/2 1562/1310/2 1563/1311/2 1532/1280/2
f 1532/1280/2 1563/1311/2 1564/1312/2 1533/1281/2
f 1533/1281/2 1564/1312/2 1565/1313/2 1534/1282/2
f 1534/1282/2 1565/1313/2 1566/1314/2 1535/1283/2
f 1535/1283/2 1566/1314/2 1567/1315/2 1536/1284/2
f 1536/1284/2 1567/1315/2 1568/1316/2 1537/1285/2
f 1537/1285/2 1568/1316/2 1569/1317/2 1538/1286/2
f 1538/1286/2 1569/1317/2 1570/1318/2 1539/1287/2
f 1539/1287/2 1570/1318/2 1571/1319/2 1540/1288/2
f 1540/1288/2 1571/1319/2 1572/1320/2 1541/1289/2
f 1541/1289/2 1572/1320/2 1573/1321/2 1542/1290/2
f 1542/1290/2 1573/1321/2 1574/1322/2 1543/1291/2
f 1543/1291/2 1574/1322/2 1575/1323/2 1544/1292/2
f 1544/1292/2 1575/1323/2 1576/1324/2 1545/1293/2
f 1545/1293/2 1576/1324/2 1577/1325/2 1546/1294/2
f 1546/1294/2 1577/1325/2 1578/1326/2 1547/1295/2
f 1547/1295/2 1578/1326/2 1579/1327/2 1548/1296/2
f 1548/1296/2 1579/1327/2 1580/1328/2 1549/1297/2
f 1549/1297/2 1580/1328/2 1581/1329/2 1550/1298/2
f 1550/1298/2 1581/1329/2 1582/1330/2 1551/1299/2
f 1551/1299/2 1582/1330/2 1583/1331/2 1552/1300/2
f 1552/1300/2 1583/1331/2 1584/1332/2 1553/1301/2
f 1553/1301/2 1584/1332/2 1585/1333/2 1554/1302/2
f 1554/1302/2 1585/1333/2 1586/1334/2 1555/1303/2
f 1555/1303/2 1586/1334/2 1587/1335/2 1556/1304/2
f 1556/1304/2 1587/1335/2 1588/1336/2 1557/1305/2
f 1557/1305/2 1588/1336/2 1589/1337/2 1558/1306/2
f 1559/1308/2 1590/1339/2 1591/1338/2 1560/1307/2
f 1560/1307/2 1591/1338/2 1592/1340/2 1561/1309/2
f 1561/1309/2 1592/1340/2 1593/1341/2 1562/1310/2
f 1562/1310/2 1593/1341/2 1594/1342/2 1563/1311/2
f 1563/1311/2 1594/1342/2 1595/1343/2 1564/1312/2
f 1564/1312/2 1595/1343/2 1596/1344/2 1565/1313/2
f 1565/1313/2 1596/1344/2 1597/1345/2 1566/1314/2
f 1566/1314/2 1597/1345/2 1598/1346/2 1567/1315/2
f 1567/1315/2 1598/1346/2 1599/1347/2 1568/1316/2
f 1568/1316/2 1599/1347/2 1600/1348/2 1569/1317/2
f 1569/1317/2 1600/1348/2 1601/1349/2 1570/1318/2
f 1570/1318/2 1601/1349/2 1602/1350/2 1571/1319/2
f 1571/1319/2 1602/1350/2 1603/1351/2 1572/1320/2
f 1572/1320/2 1603/1351/2 1604/1352/2 1573/1321/2
f 1573/1321/2 1604/1352/2 1605/1353/2 1574/1322/2
f 1574/1322/2 1605/1353/2 1606/1354/2 1575/1323/2
f 1575/1323/2 1606/1354/2 1607/1355/2 1576/1324/2
f 1576/1324/2 1607/1355/2 1608/1356/2 1577/1325/2
f 1577/1325/2 1608/1356/2 1609/1357/2 1578/1326/2
f 1578/1326/2 1609/1357/2 1610/1358/2 1579/1327/2
f 1579/1327/2 1610/1358/2 1611/1359/2 1580/1328/2
f 1580/1328/2 1611/1359/2 1612/1360/2 1581/1329/2
f 1581/1329/2 1612/1360/2 1613/1361/2 1582/1330/2
f 1582/1330/2 1613/1361/2 1614/1362/2 1583/1331/2
f 1583/1331/2 1614/1362/2 1615/1363/2 1584/1332/2
f 1584/1332/2 1615/1363/2 1616/1364/2 1585/1333/2
f 1585/1333/2 1616/1364/2 1617/1365/2 1586/1334/2
f 1586/1334/2 1617/1365/2 1618/1366/2 1587/1335/2
f 1587/1335/2 1618/1366/2 1619/1367/2 1588/1336/2
f 1588/1336/2 1619/1367/2 1620/1368/2 1589/1337/2
f 1590/1339/2 1621/1370/2 1622/1369/2 1591/1338/2
f 1591/1338/2 1622/1369/2 1623/1371/2 1592/1340/2
f 1592/1340/2 1623/1371/2 1624/1372/2 1593/1341/2
f 1593/1341/2 1624/1372/2 1625/1373/2 1594/1342/2
f 1594/1342/2 1625/1373/2 1626/1374/2 1595/1343/2
f 1595/1343/2 1626/1374/2 1627/1375/2 1596/1344/2
f 1596/1344/2 1627/1375/2 1628/1376/2 1597/1345/2
f 1597/1345/2 1628/1376/2 1629/1377/2 1598/1346/2
f 1598/1346/2 1629/1377/2 1630/1378/2 1599/1347/2
f 1599/1347/2 1630/1378/2 1631/1379/2 1600/1348/2
f 1600/1348/2 1631/1379/2 1632/1380/2 1601/1349/2
f 1601/1349/2 1632/1380/2 1633/1381/2 1602/1350/2
f 1602/1350/2 1633/1381/2 1634/1382/2 1603/1351/2
f 1603/1351/2 1634/1382/2 1635/1383/2 1604/1352/2
f 1604/1352/2 1635/1383/2 1636/1384/2 1605/1353/2
f 1605/1353/2 1636/1384/2 1637/1385/2 1606/1354/2
f 1606/1354/2 1637/1385/2 1638/1386/2 1607/1355/2
f 1607/1355/2 1638/1386/2 1639/1387/2 1608/1356/2
f 1608/1356/2 1639/1387/2 1640/1388/2 1609/1357/2
f 1609/1357/2 1640/1388/2 1641/1389/2 1610/1358/2
f 1610/1358/2 1641/1389/2 1642/1390/2 1611/1359/2
f 1611/1359/2 1642/1390/2 1643/1391/2 1612/1360/2
f 1612/1360/2 1643/1391/2 1644/1392/2 1613/1361/2
f 1613/1361/2 1644/1392/2 1645/1393/2 1614/1362/2
f 1614/1362/2 1645/1393/2 1646/1394/2 1615/1363/2
f 1615/1363/2 1646/1394/2 1647/1395/2 1616/1364/2
f 1616/1364/2 1647/1395/2 1648/1396/2 1617/1365/2
f 1617/1365/2 1648/1396/2 1649/1397/2 1618/1366/2
f 1618/1366/2 1649/1397/2 1650/1398/2 1619/1367/2
f 1619/1367/2 1650/1398/2 1651/1399/2 1620/1368/2
f 1621/1370/2 1652/1401/2 1653/1400/2 1622/1369/2
f 1622/1369/2 1653/1400/2 1654/1402/2 1623/1371/2
f 1623/1371/2 1654/1402/2 1655/1403/2 1624/1372/2
f 1624/1372/2 1655/1403/2 1656/1404/2 1625/1373/2
f 1625/1373/2 1656/1404/2 1657/1405/2 1626/1374/2
f 1626/1374/2 1657/1405/2 1658/1406/2 1627/1375/2
f 1627/1375/2 1658/1406/2 1659/1407/2 1628/1376/2
f 1628/1376/2 1659/1407/2 1660/1408/2 1629/1377/2
f 1629/1377/2 1660/1408/2 1661/1409/2 1630/1378/2
f 1630/1378/2 1661/1409/2 1662/1410/2 1631/1379/2
f 1631/1379/2 1662/1410/2 1663/1411/2 1632/1380/2
f 1632/1380/2 1663/1411/2 1664/1412/2 1633/1381/2
f 1633/1381/2 1664/1412/2 1665/1413/2 1634/1382/2
f 1634/1382/2 1665/1413/2 1666/1414/2 1635/1383/2
f 1635/1383/2 1666/1414/2 1667/1415/2 1636/1384/2
f 1636/1384/2 1667/1415/2 1668/1416/2 1637/1385/2
f 1637/1385/2 1668/1416/2 1669/1417/2 1638/1386/2
f 1638/1386/2 1669/1417/2 1670/1418/2 1639/1387/2
f 1639/1387/2 1670/1418/2 1671/1419/2 1640/1388/2
f 1640/1388/2 1671/1419/2 1672/1420/2 1641/1389/2
f 1641/1389/2 1672/1420/2 1673/1421/2 1642/1390/2
f 1642/1390/2 1673/1421/2 1674/1422/2 1643/1391/2
f 1643/1391/2 1674/1422/2 1675/1423/2 1644/1392/2
f 1644/1392/2 1675/1423/2 1676/1424/2 1645/1393/2
f 1645/1393/2 1676/1424/2 1677/1425/2 1646/1394/2
f 1646/1394/2 1677/1425/2 1678/1426/2 1647/1395/2
f 1647/1395/2 1678/1426/2 1679/1427/2 1648/1396/2
f 1648/1396/2 1679/1427/2 1680/1428/2 1649/1397/2
f 1649/1397/2 1680/1428/2 1681/1429/2 1650/1398/2
f 1650/1398/2 1681/1429/2 1682/1430/2 1651/1399/2
f 1652/1401/2 1683/1432/2 1684/1431/2 1653/1400/2
f 1653/1400/2 1684/1431/2 1685/1433/2 1654/1402/2
f 1654/1402/2 1685/1433/2 1686/1434/2 1655/1403/2
f 1655/1403/2 1686/1434/2 1687/1435/2 1656/1404/2
f 1656/1404/2 1687/1435/2 1688/1436/2 1657/1405/2
f 1657/1405/2 1688/1436/2 1689/1437/2 1658/1406/2
f 1658/1406/2 1689/1437/2 1690/1438/2 1659/1407/2
f 1659/1407/2 1690/1438/2 1691/1439/2 1660/1408/2
f 1660/1408/2 1691/1439/2 1692/1440/2 1661/1409/2
f 1661/1409/2 1692/1440/2 1693/1441/2 1662/1410/2
f 1662/1410/2 1693/1441/2 1694/1442/2 1663/1411/2
f 1663/1411/2 1694/1442/2 1695/1443/2 1664/1412/2
f 1664/1412/2 1695/1443/2 1696/1444/2 1665/1413/2
f 1665/1413/2 1696/1444/2 1697/1445/2 1666/1414/2
f 1666/1414/2 1697/1445/2 1698/1446/2 1667/1415/2
f 1667/1415/2 1698/1446/2 1699/1447/2 1668/1416/2
f 1668/1416/2 1699/1447/2 1700/1448/2 1669/1417/2
f 1669/1417/2 1700/1448/2 1701/1449/2 1670/1418/2
f 1670/1418/2 1701/1449/2 1702/1450/2 1671/1419/2
f 1671/1419/2 1702/1450/2 1703/1451/2 1672/1420/2
f 1672/1420/2 1703/1451/2 1704/1452/2 1673/1421/2
f 1673/1421/2 1704/1452/2 1705/1453/2 1674/1422/2
f 1674/1422/2 1705/1453/2 1706/1454/2 1675/1423/2
f 1675/1423/2 1706/1454/2 1707/1455/2 1676/1424/2
f 1676/1424/2 1707/1455/2 1708/1456/2 1677/1425/2
f 1677/1425/2 1708/1456/2 1709/1457/2 1678/1426/2
f 1678/1426/2 1709/1457/2 1710/1458/2 1679/1427/2
f 1679/1427/2 1710/1458/2 1711/1459/2 1680/1428/2
f 1680/1428/2 1711/1459/2 1712/1460/2 1681/1429/2
f 1681/1429/2 1712/1460/2 1713/1461/2 1682/1430/2
f 1683/1432/2 1714/1463/2 1715/1462/2 1684/1431/2
f 1684/1431/2 1715/1462/2 1716/1464/2 1685/1433/2
f 1685/1433/2 1716/1464/2 1717/1465/2 1686/1434/2
f 1686/1434/2 1717/1465/2 1718/1466/2 1687/1435/2
f 1687/1435/2 1718/1466/2 1719/1467/2 1688/1436/2
f 1688/1436/2 1719/1467/2 1720/1468/2 1689/1437/2
f 1689/1437/2 1720/1468/2 1721/1469/2 1690/1438/2
f 1690/1438/2 1721/1469/2 1722/1470/2 1691/1439/2
f 1691/1439/2 1722/1470/2 1723/1471/2 1692/1440/2
f 1692/1440/2 1723/1471/2 1724/1472/2 1693/1441/2
f 1693/1441/2 1724/1472/2 1725/1473/2 1694/1442/2
f 1694/1442/2 1725/1473/2 1726/1474/2 1695/1443/2
f 1695/1443/2 1726/1474/2 1727/1475/2 1696/1444/2
f 1696/1444/2 1727/1475/2 1728/1476/2 1697/1445/2
f 1697/1445/2 1728/1476/2 1729/1477/2 1698/1446/2
f 1698/1446/2 1729/1477/2 1730/1478/2 1699/1447/2
f 1699/1447/2 1730/1478/2 1731/1479/2 1700/1448/2
f 1700/1448/2 1731/1479/2 1732/1480/2 1701/1449/2
f 1701/1449/2 1732/1480/2 1733/1481/2 1702/1450/2
f 1702/1450/2 1733/1481/2 1734/1482/2 1703/1451/2
f 1703/1451/2 1734/1482/2 1735/1483/2 1704/1452/2
f 1704/1452/2 1735/1483/2 1736/1484/2 1705/1453/2
f 1705/1453/2 1736/1484/2 1737/1485/2 1706/1454/2
f 1706/1454/2 1737/1485/2 1738/1486/2 1707/1455/2
f 1707/1455/2 1738/1486/2 1739/1487/2 1708/1456/2
f 1708/1456/2 1739/1487/2 1740/1488/2 1709/1457/2
f 1709/1457/2 1740/1488/2 1741/1489/2 1710/1458/2
f 1710/1458/2 1741/1489/2 1742/1490/2 1711/1459/2
f 1711/1459/2 1742/1490/2 1743/1491/2 1712/1460/2
f 1712/1460/2 1743/1491/2 1744/1492/2 1713/1461/2
f 1714/1463/2 1745/1494/2 1746/1493/2 1715/1462/2
f 1715/1462/2 1746/1493/2 1747/1495/2 1716/1464/2
f 1716/1464/2 1747/1495/2 1748/1496/2 1717/1465/2
f 1717/1465/2 1748/1496/2 1749/1497/2 1718/1466/2
f 1718/1466/2 1749/1497/2 1750/1498/2 1719/1467/2
f 1719/1467/2 1750/1498/2 1751/1499/2 1720/1468/2
f 1720/1468/2 1751/1499/2 1752/1500/2 1721/1469/2
f 1721/1469/2 1752/1500/2 1753/1501/2 1722/1470/2
f 1722/1470/2 1753/1501/2 1754/1502/2 1723/1471/2
f 1723/1471/2 1754/1502/2 1755/1503/2 1724/1472/2
f 1724/1472/2 1755/1503/2 1756/1504/2 1725/1473/2
f 1725/1473/2 1756/1504/2 1757/1505/2 1726/1474/2
f 1726/1474/2 1757/1505/2 1758/1506/2 1727/1475/2
f 1727/1475/2 1758/1506/2 1759/1507/2 1728/1476/2
f 1728/1476/2 1759/1507/2 1760/1508/2 1729/1477/2
f 1729/1477/2 1760/1508/2 1761/1509/2 1730/1478/2
f 1730/1478/2 1761/1509/2 1762/1510/2 1731/1479/2
f 1731/1479/2 1762/1510/2 1763/1511/2 1732/1480/2
f 1732/1480/2 1763/1511/2 1764/1512/2 1733/1481/2
f 1733/1481/2 1764/1512/2 1765/1513/2 1734/1482/2
f 1734/1482/2 1765/1513/2 1766/1514/2 1735/1483/2
f 1735/1483/2 1766/1514/2 1767/1515/2 1736/1484/2
f 1736/1484/2 1767/1515/2 1768/1516/2 1737/1485/2
f 1737/1485/2 1768/1516/2 1769/1517/2 1738/1486/2
f 1738/1486/2 1769/1517/2 1770/1518/2 1739/1487/2
f 1739/1487/2 1770/1518/2 1771/1519/2 1740/1488/2
f 1740/1488/2 1771/1519/2 1772/1520/2 1741/1489/2
f 1741/1489/2 1772/1520/2 1773/1521/2 1742/1490/2
f 1742/1490/2 1773/1521/2 1774/1522/2 1743/1491/2
f 1743/1491/2 1774/1522/2 1775/1523/2 1744/1492/2
f 1745/1494/2 1776/1525/2 1777/1524/2 1746/1493/2
f 1746/1493/2 1777/1524/2 1778/1526/2 1747/1495/2
f 1747/1495/2 1778/1526/2 1779/1527/2 1748/1496/2
f 1748/1496/2 1779/1527/2 1780/1528/2 1749/1497/2
f 1749/1497/2 1780/1528/2 1781/1529/2 1750/1498/2
f 1750/1498/2 1781/1529/2 1782/1530/2 1751/1499/2
f 1751/1499/2 1782/1530/2 1783/1531/2 1752/1500/2
f 1752/1500/2 1783/1531/2 1784/1532/2 1753/1501/2
f 1753/1501/2 1784/1532/2 1785/1533/2 1754/1502/2
f 1754/1502/2 1785/1533/2 1786/1534/2 1755/1503/2
f 1755/1503/2 1786/1534/2 1787/1535/2 1756/1504/2
f 1756/1504/2 1787/1535/2 1788/1536/2 1757/1505/2
f 1757/1505/2 1788/1536/2 1789/1537/2 1758/1506/2
f 1758/1506/2 1789/1537/2 1790/1538/2 1759/1507/2
f 1759/1507/2 1790/1538/2 1791/1539/2 1760/1508/2
f 1760/1508/2 1791/1539/2 1792/1540/2 1761/1509/2
f 1761/1509/2 1792/1540/2 1793/1541/2 1762/1510/2
f 1762/1510/2 1793/1541/2 1794/1542/2 1763/1511/2
f 1763/1511/2 1794/1542/2 1795/1543/2 1764/1512/2
f 1764/1512/2 1795/1543/2 1796/1544/2 1765/1513/2
f 1765/1513/2 1796/1544/2 1797/1545/2 1766/1514/2
f 1766/1514/2 1797/1545/2 1798/1546/2 1767/1515/2
f 1767/1515/2 1798/1546/2 1799/1547/2 1768/1516/2
f 1768/1516/2 1799/1547/2 1800/1548/2 1769/1517/2
f 1769/1517/2 1800/1548/2 1801/1549/2 1770/1518/2
f 1770/1518/2 1801/1549/2 1802/1550/2 1771/1519/2
f 1771/1519/2 1802/1550/2 1803/1551/2 1772/1520/2
f 1772/1520/2 1803/1551/2 1804/1552/2 1773/1521/2
f 1773/1521/2 1804/1552/2 1805/1553/2 1774/1522/2
f 1774/1522/2 1805/1553/2 1806/1554/2 1775/1523/2
f 1776/1525/2 1807/1556/2 1808/1555/2 1777/1524/2
f 1777/1524/2 1808/1555/2 1809/1557/2 1778/1526/2
f 1778/1526/2 1809/1557/2 1810/1558/2 1779/1527/2
f 1779/1527/2 1810/1558/2 1811/1559/2 1780/1528/2
f 1780/1528/2 1811/1559/2 1812/1560/2 1781/1529/2
f 1781/1529/2 1812/1560/2 1813/1561/2 1782/1530/2
f 1782/1530/2 1813/1561/2 1814/1562/2 1783/1531/2
f 1783/1531/2 1814/1562/2 1815/1563/2 1784/1532/2
f 1784/1532/2 1815/1563/2 1816/1564/2 1785/1533/2
f 1785/1533/2 1816/1564/2 1817/1565/2 1786/1534/2
f 1786/1534/2 1817/1565/2 1818/1566/2 1787/1535/2
f 1787/1535/2 1818/1566/2 1819/1567/2 1788/1536/2
f 1788/1536/2 1819/1567/2 1820/1568/2 1789/1537/2
f 1789/1537/2 1820/1568/2 1821/1569/2 1790/1538/2
f 1790/1538/2 1821/1569/2 1822/1570/2 1791/1539/2
f 1791/1539/2 1822/1570/2 1823/1571/2 1792/1540/2
f 1792/1540/2 1823/1571/2 1824/1572/2 1793/1541/2
f 1793/1541/2 1824/1572/2 1825/1573/2 1794/1542/2
f 1794/1542/2 1825/1573/2 1826/1574/2 1795/1543/2
f 1795/1543/2 1826/1574/2 1827/1575/2 1796/1544/2
f 1796/1544/2 1827/1575/2 1828/1576/2 1797/1545/2
f 1797/1545/2 1828/1576/2 1829/1577/2 1798/1546/2
f 1798/1546/2 1829/1577/2 1830/1578/2 1799/1547/2
f 1799/1547/2 1830/1578/2 1831/1579/2 1800/1548/2
f 1800/1548/2 1831/1579/2 1832/1580/2 1801/1549/2
f 1801/1549/2 1832/1580/2 1833/1581/2 1802/1550/2
f 1802/1550/2 1833/1581/2 1834/1582/2 1803/1551/2
f 1803/1551/2 1834/1582/2 1835/1583/2 1804/1552/2
f 1804/1552/2 1835/1583/2 1836/1584/2 1805/1553/2
f 1805/1553/2 1836/1584/2 1837/1585/2 1806/1554/2
f 1807/1556/2 1838/1587/2 1839/1586/2 1808/1555/2
f 1808/1555/2 1839/1586/2 1840/1588/2 1809/1557/2
f 1809/1557/2 1840/1588/2 1841/1589/2 1810/1558/2
f 1810/1558/2 1841/1589/2 1842/1590/2 1811/1559/2
f 1811/1559/2 1842/1590/2 1843/1591/2 1812/1560/2
f 1812/1560/2 1843/1591/2 1844/1592/2 1813/1561/2
f 1813/1561/2 1844/1592/2 1845/1593/2 1814/1562/2
f 1814/1562/2 1845/1593/2 1846/1594/2 1815/1563/2
f 1815/1563/2 1846/1594/2 1847/1595/2 1816/1564/2
f 1816/1564/2 1847/1595/2 1848/1596/2 1817/1565/2
f 1817/1565/2 1848/1596/2 1849/1597/2 1818/1566/2
f 1818/1566/2 1849/1597/2 1850/1598/2 1819/1567/2
f 1819/1567/2 1850/1598/2 1851/1599/2 1820/1568/2
f 1820/1568/2 1851/1599/2 1852/1600/2 1821/1569/2
f 1821/1569/2 1852/1600/2 1853/1601/2 1822/1570/2
f 1822/1570/2 1853/1601/2 1854/1602/2 1823/1571/2
f 1823/1571/2 1854/1602/2 1855/1603/2 1824/1572/2
f 1824/1572/2 1855/1603/2 1856/1604/2 1825/1573/2
f 1825/1573/2 1856/1604/2 1857/1605/2 1826/1574/2
f 1826/1574/2 1857/1605/2 1858/1606/2 1827/1575/2
f 1827/1575/2 1858/1606/2 1859/1607/2 1828/1576/2
f 1828/1576/2 1859/1607/2 1860/1608/2 1829/1577/2
f 1829/1577/2 1860/1608/2 1861/1609/2 1830/1578/2
f 1830/1578/2 1861/1609/2 1862/1610/2 1831/1579/2
f 1831/1579/2 1862/1610/2 1863/1611/2 1832/1580/2
f 1832/1580/2 1863/1611/2 1864/1612/2 1833/1581/2
f 1833/1581/2 1864/1612/2 1865/1613/2 1834/1582/2
f 1834/1582/2 1865/1613/2 1866/1614/2 1835/1583/2
f 1835/1583/2 1866/1614/2 1867/1615/2 1836/1584/2
f 1836/1584/2 1867/1615/2 1868/1616/2 1837/1585/2
f 1838/1587/2 1869/1618/2 1870/1617/2 1839/1586/2
f 1839/1586/2 1870/1617/2 1871/1619/2 1840/1588/2
f 1840/1588/2 1871/1619/2 1872/1620/2 1841/1589/2
f 1841/1589/2 1872/1620/2 1873/1621/2 1842/1590/2
f 1842/1590/2 1873/1621/2 1874/1622/2 1843/1591/2
f 1843/1591/2 1874/1622/2 1875/1623/2 1844/1592/2
f 1844/1592/2 1875/1623/2 1876/1624/2 1845/1593/2
f 1845/1593/2 1876/1624/2 1877/1625/2 1846/1594/2
f 1846/1594/2 1877/1625/2 1878/1626/2 1847/1595/2
f 1847/1595/2 1878/1626/2 1879/1627/2 1848/1596/2
f 1848/1596/2 1879/1627/2 1880/1628/2 1849/1597/2
f 1849/1597/2 1880/1628/2 1881/1629/2 1850/1598/2
f 1850/1598/2 1881/1629/2 1882/1630/2 1851/1599/2
f 1851/1599/2 1882/1630/2 1883/1631/2 1852/1600/2
f 1852/1600/2 1883/1631/2 1884/1632/2 1853/1601/2
f 1853/1601/2 1884/1632/2 1885/1633/2 1854/1602/2
f 1854/1602/2 1885/1633/2 1886/1634/2 1855/1603/2
f 1855/1603/2 1886/1634/2 1887/1635/2 1856/1604/2
f 1856/1604/2 1887/1635/2 1888/1636/2 1857/1605/2
f 1857/1605/2 1888/1636/2 1889/1637/2 1858/1606/2
f 1858/1606/2 1889/1637/2 1890/1638/2 1859/1607/2
f 1859/1607/2 1890/1638/2 1891/1639/2 1860/1608/2
f 1860/1608/2 1891/1639/2 1892/1640/2 1861/1609/2
f 1861/1609/2 1892/1640/2 1893/1641/2 1862/1610/2
f 1862/1610/2 1893/1641/2 1894/1642/2 1863/1611/2
f 1863/1611/2 1894/1642/2 1895/1643/2 1864/1612/2
f 1864/1612/2 1895/1643/2 1896/1644/2 1865/1613/2
f 1865/1613/2 1896/1644/2 1897/1645/2 1866/1614/2
f 1866/1614/2 1897/1645/2 1898/1646/2 1867/1615/2
f 1867/1615/2 1898/1646/2 1899/1647/2 1868/1616/2
f 1869/1618/2 1900/1649/2 1901/1648/2 1870/1617/2
f 1870/1617/2 1901/1648/2 1902/1650/2 1871/1619/2
f 1871/1619/2 1902/1650/2 1903/1651/2 1872/1620/2
f 1872/1620/2 1903/1651/2 1904/1652/2 1873/1621/2
f 1873/1621/2 1904/1652/2 1905/1653/2 1874/1622/2
f 1874/1622/2 1905/1653/2 1906/1654/2 1875/1623/2
f 1875/1623/2 1906/1654/2 1907/1655/2 1876/1624/2
f 1876/1624/2 1907/1655/2 1908/1656/2 1877/1625/2
f 1877/1625/2 1908/1656/2 1909/1657/2 1878/1626/2
f 1878/1626/2 1909/1657/2 1910/1658/2 1879/1627/2
f 1879/1627/2 1910/1658/2 1911/1659/2 1880/1628/2
f 1880/1628/2 1911/1659/2 1912/1660/2 1881/1629/2
f 1881/1629/2 1912/1660/2 1913/1661/2 1882/1630/2
f 1882/1630/2 1913/1661/2 1914/1662/2 1883/1631/2
f 1883/1631/2 1914/1662/2 1915/1663/2 1884/1632/2
f 1884/1632/2 1915/1663/2 1916/1664/2 1885/1633/2
f 1885/1633/2 1916/1664/2 1917/1665/2 1886/1634/2
f 1886/1634/2 1917/1665/2 1918/1666/2 1887/1635/2
f 1887/1635/2 1918/1666/2 1919/1667/2 1888/1636/2
f 1888/1636/2 1919/1667/2 1920/1668/2 1889/1637/2
f 1889/1637/2 1920/1668/2 1921/1669/2 1890/1638/2
f 1890/1638/2 1921/1669/2 1922/1670/2 1891/1639/2
f 1891/1639/2 1922/1670/2 1923/1671/2 1892/1640/2
f 1892/1640/2 1923/1671/2 1924/1672/2 1893/1641/2
f 1893/1641/2 1924/1672/2 1925/1673/2 1894/1642/2
f 1894/1642/2 1925/1673/2 1926/1674/2 1895/1643/2
f 1895/1643/2 1926/1674/2 1927/1675/2 1896/1644/2
f 1896/1644/2 1927/1675/2 1928/1676/2 1897/1645/2
f 1897/1645/2 1928/1676/2 1929/1677/2 1898/1646/2
f 1898/1646/2 1929/1677/2 1930/1678/2 1899/1647/2
f 1900/1649/2 1931/1680/2 1932/1679/2 1901/1648/2
f 1901/1648/2 1932/1679/2 1933/1681/2 1902/1650/2
f 1902/1650/2 1933/1681/2 1934/1682/2 1903/1651/2
f 1903/1651/2 1934/1682/2 1935/1683/2 1904/1652/2
f 1904/1652/2 1935/1683/2 1936/1684/2 1905/1653/2
f 1905/1653/2 1936/1684/2 1937/1685/2 1906/1654/2
f 1906/1654/2 1937/1685/2 1938/1686/2 1907/1655/2
f 1907/1655/2 1938/1686/2 1939/1687/2 1908/1656/2
f 1908/1656/2 1939/1687/2 1940/1688/2 1909/1657/2
f 1909/1657/2 1940/1688/2 1941/1689/2 1910/1658/2
f 1910/1658/2 1941/1689/2 1942/1690/2 1911/1659/2
f 1911/1659/2 1942/1690/2 1943/1691/2 1912/1660/2
f 1912/1660/2 1943/1691/2 1944/1692/2 1913/1661/2
f 1913/1661/2 1944/1692/2 1945/1693/2 1914/1662/2
f 1914/1662/2 1945/1693/2 1946/1694/2 1915/1663/2
f 1915/1663/2 1946/1694/2 1947/1695/2 1916/1664/2
f 1916/1664/2 1947/1695/2 1948/1696/2 1917/1665/2
f 1917/1665/2 1948/1696/2 1949/1697/2 1918/1666/2
f 1918/1666/2 1949/1697/2 1950/1698/2 1919/1667/2
f 1919/1667/2 1950/1698/2 1951/1699/2 1920/1668/2
f 1920/1668/2 1951/1699/2 1952/1700/2 1921/1669/2
f 1921/1669/2 1952/1700/2 1953/1701/2 1922/1670/2
f 1922/1670/2 1953/1701/2 1954/1702/2 1923/1671/2
f 1923/1671/2 1954/1702/2 1955/1703/2 1924/1672/2
f 1924/1672/2 1955/1703/2 1956/1704/2 1925/1673/2
f 1925/1673/2 1956/1704/2 1957/1705/2 1926/1674/2
f 1926/1674/2 1957/1705/2 1958/1706/2 1927/1675/2
f 1927/1675/2 1958/1706/2 1959/1707/2 1928/1676/2
f 1928/1676/2 1959/1707/2 1960/1708/2 1929/1677/2
f 1929/1677/2 1960/1708/2 1961/1709/2 1930/1678/2
f 1931/1680/2 1962/1711/2 1963/1710/2 1932/1679/2
f 1932/1679/2 1963/1710/2 1964/1712/2 1933/1681/2
f 1933/1681/2 1964/1712/2 1965/1713/2 1934/1682/2
f 1934/1682/2 1965/1713/2 1966/1714/2 1935/1683/2
f 1935/1683/2 1966/1714/2 1967/1715/2 1936/1684/2
f 1936/1684/2 1967/1715/2 1968/1716/2 1937/1685/2
f 1937/1685/2 1968/1716/2 1969/1717/2 1938/1686/2
f 1938/1686/2 1969/1717/2 1970/1718/2 1939/1687/2
f 1939/1687/2 1970/1718/2 1971/1719/2 1940/1688/2
f 1940/1688/2 1971/1719/2 1972/1720/2 1941/1689/2
f 1941/1689/2 1972/1720/2 1973/1721/2 1942/1690/2
f 1942/1690/2 1973/1721/2 1974/1722/2 1943/1691/2
f 1943/1691/2 1974/1722/2 1975/1723/2 1944/1692/2
f 1944/1692/2 1975/1723/2 1976/1724/2 1945/1693/2
f 1945/1693/2 1976/1724/2 1977/1725/2 1946/1694/2
f 1946/1694/2 1977/1725/2 1978/1726/2 1947/1695/2
f 1947/1695/2 1978/1726/2 1979/1727/2 1948/1696/2
f 1948/1696/2 1979/1727/2 1980/1728/2 1949/1697/2
f 1949/1697/2 1980/1728/2 1981/1729/2 1950/1698/2
f 1950/1698/2 1981/1729/2 1982/1730/2 1951/1699/2
f 1951/1699/2 1982/1730/2 1983/1731/2 1952/1700/2
f 1952/1700/2 1983/1731/2 1984/1732/2 1953/1701/2
f 1953/1701/2 1984/1732/2 1985/1733/2 1954/1702/2
f 1954/1702/2 1985/1733/2 1986/1734/2 1955/1703/2
f 1955/1703/2 1986/1734/2 1987/1735/2 1956/1704/2
f 1956/1704/2 1987/1735/2 1988/1736/2 1957/1705/2
f 1957/1705/2 1988/1736/2 1989/1737/2 1958/1706/2
f 1958/1706/2 1989/1737/2 1990/1738/2 1959/1707/2
f 1959/1707/2 1990/1738/2 1991/1739/2 1960/1708/2
f 1960/1708/2 1991/1739/2 1992/1740/2 1961/1709/2
f 1962/1711/2 1993/1742/2 1994/1741/2 1963/1710/2
f 1963/1710/2 1994/1741/2 1995/1743/2 1964/1712/2
f 1964/1712/2 1995/1743/2 1996/1744/2 1965/1713/2
f 1965/1713/2 1996/1744/2 1997/1745/2 1966/1714/2
f 1966/1714/2 1997/1745/2 1998/1746/2 1967/1715/2
f 1967/1715/2 1998/1746/2 1999/1747/2 1968/1716/2
f 1968/1716/2 1999/1747/2 2000/1748/2 1969/1717/2
f 1969/1717/2 2000/1748/2 2001/1749/2 1970/1718/2
f 1970/1718/2 2001/1749/2 2002/1750/2 1971/1719/2
f 1971/1719/2 2002/1750/2 2003/1751/2 1972/1720/2
f 1972/1720/2 2003/1751/2 2004/1752/2 1973/1721/2
f 1973/1721/2 2004/1752/2 2005/1753/2 1974/1722/2
f 1974/1722/2 2005/1753/2 2006/1754/2 1975/1723/2
f 1975/1723/2 2006/1754/2 2007/1755/2 1976/1724/2
f 1976/1724/2 2007/1755/2 2008/1756/2 1977/1725/2
f 1977/1725/2 2008/1756/2 2009/1757/2 1978/1726/2
f 1978/1726/2 2009/1757/2 2010/1758/2 1979/1727/2
f 1979/1727/2 2010/1758/2 2011/1759/2 1980/1728/2
f 1980/1728/2 2011/1759/2 2012/1760/2 1981/1729/2
f 1981/1729/2 2012/1760/2 2013/1761/2 1982/1730/2
f 1982/1730/2 2013/1761/2 2014/1762/2 1983/1731/2
f 1983/1731/2 2014/1762/2 2015/1763/2 1984/1732/2
f 1984/1732/2 2015/1763/2 2016/1764/2 1985/1733/2
f 1985/1733/2 2016/1764/2 2017/1765/2 1986/1734/2
f 1986/1734/2 2017/1765/2 2018/1766/2 1987/1735/2
f 1987/1735/2 2018/1766/2 2019/1767/2 1988/1736/2
f 1988/1736/2 2019/1767/2 2020/1768/2 1989/1737/2
f 1989/1737/2 2020/1768/2 2021/1769/2 1990/1738/2
f 1990/1738/2 2021/1769/2 2022/1770/2 1991/1739/2
f 1991/1739/2 2022/1770/2 2023/1771/2 1992/1740/2
f 1993/1742/2 2024/1773/2 2025/1772/2 1994/1741/2
f 1994/1741/2 2025/1772/2 2026/1774/2 1995/1743/2
f 1995/1743/2 2026/1774/2 2027/1775/2 1996/1744/2
f 1996/1744/2 2027/1775/2 2028/1776/2 1997/1745/2
f 1997/1745/2 2028/1776/2 2029/1777/2 1998/1746/2
f 1998/1746/2 2029/1777/2 2030/1778/2 1999/1747/2
f 1999/1747/2 2030/1778/2 2031/1779/2 2000/1748/2
f 2000/1748/2 2031/1779/2 2032/1780/2 2001/1749/2
f 2001/1749/2 2032/1780/2 2033/1781/2 2002/1750/2
f 2002/1750/2 2033/1781/2 2034/1782/2 2003/1751/2
f 2003/1751/2 2034/1782/2 2035/1783/2 2004/1752/2
f 2004/1752/2 2035/1783/2 2036/1784/2 2005/1753/2
f 2005/1753/2 2036/1784/2 2037/1785/2 2006/1754/2
f 2006/1754/2 2037/1785/2 2038/1786/2 2007/1755/2
f 2007/1755/2 2038/1786/2 2039/1787/2 2008/1756/2
f 2008/1756/2 2039/1787/2 2040/1788/2 2009/1757/2
f 2009/1757/2 2040/1788/2 2041/1789/2 2010/1758/2
f 2010/1758/2 2041/1789/2 2042/1790/2 2011/1759/2
f 2011/1759/2 2042/1790/2 2043/1791/2 2012/1760/2
f 2012/1760/2 2043/1791/2 2044/1792/2 2013/1761/2
f 2013/1761/2 2044/1792/2 2045/1793/2 2014/1762/2
f 2014/1762/2 2045/1793/2 2046/1794/2 2015/1763/2
f 2015/1763/2 2046/1794/2 2047/1795/2 2016/1764/2
f 2016/1764/2 2047/1795/2 2048/1796/2 2017/1765/2
f 2017/1765/2 2048/1796/2 2049/1797/2 2018/1766/2
f 2018/1766/2 2049/1797/2 2050/1798/2 2019/1767/2
f 2019/1767/2 2050/1798/2 2051/1799/2 2020/1768/2
f 2020/1768/2 2051/1799/2 2052/1800/2 2021/1769/2
f 2021/1769/2 2052/1800/2 2053/1801/2 2022/1770/2
f 2022/1770/2 2053/1801/2 2054/1802/2 2023/1771/2
f 2024/1773/2 2055/1804/2 2056/1803/2 2025/1772/2
f 2025/1772/2 2056/1803/2 2057/1805/2 2026/1774/2
f 2026/1774/2 2057/1805/2 2058/1806/2 2027/1775/2
f 2027/1775/2 2058/1806/2 2059/1807/2 2028/1776/2
f 2028/1776/2 2059/1807/2 2060/1808/2 2029/1777/2
f 2029/1777/2 2060/1808/2 2061/1809/2 2030/1778/2
f 2030/1778/2 2061/1809/2 2062/1810/2 2031/1779/2
f 2031/1779/2 2062/1810/2 2063/1811/2 2032/1780/2
f 2032/1780/2 2063/1811/2 2064/1812/2 2033/1781/2
f 2033/1781/2 2064/1812/2 2065/1813/2 2034/1782/2
f 2034/1782/2 2065/1813/2 2066/1814/2 2035/1783/2
f 2035/1783/2 2066/1814/2 2067/1815/2 2036/1784/2
f 2036/1784/2 2067/1815/2 2068/1816/2 2037/1785/2
f 2037/1785/2 2068/1816/2 2069/1817/2 2038/1786/2
f 2038/1786/2 2069/1817/2 2070/1818/2 2039/1787/2
f 2039/1787/2 2070/1818/2 2071/1819/2 2040/1788/2
f 2040/1788/2 2071/1819/2 2072/1820/2 2041/1789/2
f 2041/1789/2 2072/1820/2 2073/1821/2 2042/1790/2
f 2042/1790/2 2073/1821/2 2074/1822/2 2043/1791/2
f 2043/1791/2 2074/1822/2 2075/1823/2 2044/1792/2
f 2044/1792/2 2075/1823/2 2076/1824/2 2045/1793/2
f 2045/1793/2 2076/1824/2 2077/1825/2 2046/1794/2
f 2046/1794/2 2077/1825/2 2078/1826/2 2047/1795/2
f 2047/1795/2 2078/1826/2 2079/1827/2 2048/1796/2
f 2048/1796/2 2079/1827/2 2080/1828/2 2049/1797/2
f 2049/1797/2 2080/1828/2 2081/1829/2 2050/1798/2
f 2050/1798/2 2081/1829/2 2082/1830/2 2051/1799/2
f 2051/1799/2 2082/1830/2 2083/1831/2 2052/1800/2
f 2052/1800/2 2083/1831/2 2084/1832/2 2053/1801/2
f 2053/1801/2 2084/1832/2 2085/1833/2 2054/1802/2
f 2055/1804/2 2086/1835/2 2087/1834/2 2056/1803/2
f 2056/1803/2 2087/1834/2 2088/1836/2 2057/1805/2
f 2057/1805/2 2088/1836/2 2089/1837/2 2058/1806/2
f 2058/1806/2 2089/1837/2 2090/1838/2 2059/1807/2
f 2059/1807/2 2090/1838/2 2091/1839/2 2060/1808/2
f 2060/1808/2 2091/1839/2 2092/1840/2 2061/1809/2
f 2061/1809/2 2092/1840/2 2093/1841/2 2062/1810/2
f 2062/1810/2 2093/1841/2 2094/1842/2 2063/1811/2
f 2063/1811/2 2094/1842/2 2095/1843/2 2064/1812/2
f 2064/1812/2 2095/1843/2 2096/1844/2 2065/1813/2
f 2065/1813/2 2096/1844/2 2097/1845/2 2066/1814/2
f 2066/1814/2 2097/1845/2 2098/1846/2 2067/1815/2
f 2067/1815/2 2098/1846/2 2099/1847/2 2068/1816/2
f 2068/1816/2 2099/1847/2 2100/1848/2 2069/1817/2
f 2069/1817/2 2100/1848/2 2101/1849/2 2070/1818/2
f 2070/1818/2 2101/1849/2 2102/1850/2 2071/1819/2
f 2071/1819/2 2102/1850/2 2103/1851/2 2072/1820/2
f 2072/1820/2 2103/1851/2 2104/1852/2 2073/1821/2
f 2073/1821/2 2104/1852/2 2105/1853/2 2074/1822/2
f 2074/1822/2 2105/1853/2 2106/1854/2 2075/1823/2
f 2075/1823/2 2106/1854/2 2107/1855/2 2076/1824/2
f 2076/1824/2 2107/1855/2 2108/1856/2 2077/1825/2
f 2077/1825/2 2108/1856/2 2109/1857/2 2078/1826/2
f 2078/1826/2 2109/1857/2 2110/1858/2 2079/1827/2
f 2079/1827/2 2110/1858/2 2111/1859/2 2080/1828/2
f 2080/1828/2 2111/1859/2 2112/1860/2 2081/1829/2
f 2081/1829/2 2112/1860/2 2113/1861/2 2082/1830/2
f 2082/1830/2 2113/1861/2 2114/1862/2 2083/1831/2
f 2083/1831/2 2114/1862/2 2115/1863/2 2084/1832/2
f 2084/1832/2 2115/1863/2 2116/1864/2 2085/1833/2
f 2086/1835/2 2117/1866/2 2118/1865/2 2087/1834/2
f 2087/1834/2 2118/1865/2 2119/1867/2 2088/1836/2
f 2088/1836/2 2119/1867/2 2120/1868/2 2089/1837/2
f 2089/1837/2 2120/1868/2 2121/1869/2 2090/1838/2
f 2090/1838/2 2121/1869/2 2122/1870/2 2091/1839/2
f 2091/1839/2 2122/1870/2 2123/1871/2 2092/1840/2
f 2092/1840/2 2123/1871/2 2124/1872/2 2093/1841/2
f 2093/1841/2 2124/1872/2 2125/1873/2 2094/1842/2
f 2094/1842/2 2125/1873/2 2126/1874/2 2095/1843/2
f 2095/1843/2 2126/1874/2 2127/1875/2 2096/1844/2
f 2096/1844/2 2127/1875/2 2128/1876/2 2097/1845/2
f 2097/1845/2 2128/1876/2 2129/1877/2 2098/1846/2
f 2098/1846/2 2129/1877/2 2130/1878/2 2099/1847/2
f 2099/1847/2 2130/1878/2 2131/1879/2 2100/1848/2
f 2100/1848/2 2131/1879/2 2132/1880/2 2101/1849/2
f 2101/1849/2 2132/1880/2 2133/1881/2 2102/1850/2
f 2102/1850/2 2133/1881/2 2134/1882/2 2103/1851/2
f 2103/1851/2 2134/1882/2 2135/1883/2 2104/1852/2
f 2104/1852/2 2135/1883/2 2136/1884/2 2105/1853/2
f 2105/1853/2 2136/1884/2 2137/1885/2 2106/1854/2
f 2106/1854/2 2137/1885/2 2138/1886/2 2107/1855/2
f 2107/1855/2 2138/1886/2 2139/1887/2 2108/1856/2
f 2108/1856/2 2139/1887/2 2140/1888/2 2109/1857/2
f 2109/1857/2 2140/1888/2 2141/1889/2 2110/1858/2
f 2110/1858/2 2141/1889/2 2142/1890/2 2111/1859/2
f 2111/1859/2 2142/1890/2 2143/1891/2 2112/1860/2
f 2112/1860/2 2143/1891/2 2144/1892/2 2113/1861/2
f 2113/1861/2 2144/1892/2 2145/1893/2 2114/1862/2
f 2114/1862/2 2145/1893/2 2146/1894/2 2115/1863/2
f 2115/1863/2 2146/1894/2 2147/1895/2 2116/1864/2
f 2117/1866/2 2148/1897/2 2149/1896/2 2118/1865/2
f 2118/1865/2 2149/1896/2 2150/1898/2 2119/1867/2
f 2119/1867/2 2150/1898/2 2151/1899/2 2120/1868/2
f 2120/1868/2 2151/1899/2 2152/1900/2 2121/1869/2
f 2121/1869/2 2152/1900/2 2153/1901/2 2122/1870/2
f 2122/1870/2 2153/1901/2 2154/1902/2 2123/1871/2
f 2123/1871/2 2154/1902/2 2155/1903/2 2124/1872/2
f 2124/1872/2 2155/1903/2 2156/1904/2 2125/1873/2
f 2125/1873/2 2156/1904/2 2157/1905/2 2126/1874/2
f 2126/1874/2 2157/1905/2 2158/1906/2 2127/1875/2
f 2127/1875/2 2158/1906/2 2159/1907/2 2128/1876/2
f 2128/1876/2 2159/1907/2 2160/1908/2 2129/1877/2
f 2129/1877/2 2160/1908/2 2161/1909/2 2130/1878/2
f 2130/1878/2 2161/1909/2 2162/1910/2 2131/1879/2
f 2131/1879/2 2162/1910/2 2163/1911/2 2132/1880/2
f 2132/1880/2 2163/1911/2 2164/1912/2 2133/1881/2
f 2133/1881/2 2164/1912/2 2165/1913/2 2134/1882/2
f 2134/1882/2 2165/1913/2 2166/1914/2 2135/1883/2
f 2135/1883/2 2166/1914/2 2167/1915/2 2136/1884/2
f 2136/1884/2 2167/1915/2 2168/1916/2 2137/1885/2
f 2137/1885/2 2168/1916/2 2169/1917/2 2138/1886/2
f 2138/1886/2 2169/1917/2 2170/1918/2 2139/1887/2
f 2139/1887/2 2170/1918/2 2171/1919/2 2140/1888/2
f 2140/1888/2 2171/1919/2 2172/1920/2 2141/1889/2
f 2141/1889/2 2172/1920/2 2173/1921/2 2142/1890/2
f 2142/1890/2 2173/1921/2 2174/1922/2 2143/1891/2
f 2143/1891/2 2174/1922/2 2175/1923/2 2144/1892/2
f 2144/1892/2 2175/1923/2 2176/1924/2 2145/1893/2
f 2145/1893/2 2176/1924/2 2177/1925/2 2146/1894/2
f 2146/1894/2 2177/1925/2 2178/1926/2 2147/1895/2
f 2148/1897/2 2179/1928/2 2180/1927/2 2149/1896/2
f 2149/1896/2 2180/1927/2 2181/1929/2 2150/1898/2
f 2150/1898/2 2181/1929/2 2182/1930/2 2151/1899/2
f 2151/1899/2 2182/1930/2 2183/1931/2 2152/1900/2
f 2152/1900/2 2183/1931/2 2184/1932/2 2153/1901/2
f 2153/1901/2 2184/1932/2 2185/1933/2 2154/1902/2
f 2154/1902/2 2185/1933/2 2186/1934/2 2155/1903/2
f 2155/1903/2 2186/1934/2 2187/1935/2 2156/1904/2
f 2156/1904/2 2187/1935/2 2188/1936/2 2157/1905/2
f 2157/1905/2 2188/1936/2 2189/1937/2 2158/1906/2
f 2158/1906/2 2189/1937/2 2190/1938/2 2159/1907/2
f 2159/1907/2 2190/1938/2 2191/1939/2 2160/1908/2
f 2160/1908/2 2191/1939/2 2192/1940/2 2161/1909/2
f 2161/1909/2 2192/1940/2 2193/1941/2 2162/1910/2
f 2162/1910/2 2193/1941/2 2194/1942/2 2163/1911/2
f 2163/1911/2 2194/1942/2 2195/1943/2 2164/1912/2
f 2164/1912/2 2195/1943/2 2196/1944/2 2165/1913/2
f 2165/1913/2 2196/1944/2 2197/1945/2 2166/1914/2
f 2166/1914/2 2197/1945/2 2198/1946/2 2167/1915/2
f 2167/1915/2 2198/1946/2 2199/1947/2 2168/1916/2
f 2168/1916/2 2199/1947/2 2200/1948/2 2169/1917/2
f 2169/1917/2 2200/1948/2 2201/1949/2 2170/1918/2
f 2170/1918/2 2201/1949/2 2202/1950/2 2171/1919/2
f 2171/1919/2 2202/1950/2 2203/1951/2 2172/1920/2
f 2172/1920/2 2203/1951/2 2204/1952/2 2173/1921/2
f 2173/1921/2 2204/1952/2 2205/1953/2 2174/1922/2
f 2174/1922/2 2205/1953/2 2206/1954/2 2175/1923/2
f 2175/1923/2 2206/1954/2 2207/1955/2 2176/1924/2
f 2176/1924/2 2207/1955/2 2208/1956/2 2177/1925/2
f 2177/1925/2 2208/1956/2 2209/1957/2 2178/1926/2
f 2179/1928/2 2210/1959/2 2211/1958/2 2180/1927/2
f 2180/1927/2 2211/1958/2 2212/1960/2 2181/1929/2
f 2181/1929/2 2212/1960/2 2213/1961/2 2182/1930/2
f 2182/1930/2 2213/1961/2 2214/1962/2 2183/1931/2
f 2183/1931/2 2214/1962/2 2215/1963/2 2184/1932/2
f 2184/1932/2 2215/1963/2 2216/1964/2 2185/1933/2
f 2185/1933/2 2216/1964/2 2217/1965/2 2186/1934/2
f 2186/1934/2 2217/1965/2 2218/1966/2 2187/1935/2
f 2187/1935/2 2218/1966/2 2219/1967/2 2188/1936/2
f 2188/1936/2 2219/1967/2 2220/1968/2 2189/1937/2
f 2189/1937/2 2220/1968/2 2221/1969/2 2190/1938/2
f 2190/1938/2 2221/1969/2 2222/1970/2 2191/1939/2
f 2191/1939/2 2222/1970/2 2223/1971/2 2192/1940/2
f 2192/1940/2 2223/1971/2 2224/1972/2 2193/1941/2
f 2193/1941/2 2224/1972/2 2225/1973/2 2194/1942/2
f 2194/1942/2 2225/1973/2 2226/1974/2 2195/1943/2
f 2195/1943/2 2226/1974/2 2227/1975/2 2196/1944/2
f 2196/1944/2 2227/1975/2 2228/1976/2 2197/1945/2
f 2197/1945/2 2228/1976/2 2229/1977/2 2198/1946/2
f 2198/1946/2 2229/1977/2 2230/1978/2 2199/1947/2
f 2199/1947/2 2230/1978/2 2231/1979/2 2200/1948/2
f 2200/1948/2 2231/1979/2 2232/1980/2 2201/1949/2
f 2201/1949/2 2232/1980/2 2233/1981/2 2202/1950/2
f 2202/1950/2 2233/1981/2 2234/1982/2 2203/1951/2
f 2203/1951/2 2234/1982/2 2235/1983/2 2204/1952/2
f 2204/1952/2 2235/1983/2 2236/1984/2 2205/1953/2
f 2205/1953/2 2236/1984/2 2237/1985/2 2206/1954/2
f 2206/1954/2 2237/1985/2 2238/1986/2 2207/1955/2
f 2207/1955/2 2238/1986/2 2239/1987/2 2208/1956/2
f 2208/1956/2 2239/1987/2 2240/1988/2 2209/1957/2
f 2210/1959/2 2241/1990/2 2242/1989/2 2211/1958/2
f 2211/1958/2 2242/1989/2 2243/1991/2 2212/1960/2
f 2212/1960/2 2243/1991/2 2244/1992/2 2213/1961/2
f 2213/1961/2 2244/1992/2 2245/1993/2 2214/1962/2
f 2214/1962/2 2245/1993/2 2246/1994/2 2215/1963/2
f 2215/1963/2 2246/1994/2 2247/1995/2 2216/1964/2
f 2216/1964/2 2247/1995/2 2248/1996/2 2217/1965/2
f 2217/1965/2 2248/1996/2 2249/1997/2 2218/1966/2
f 2218/1966/2 2249/1997/2 2250/1998/2 2219/1967/2
f 2219/1967/2 2250/1998/2 2251/1999/2 2220/1968/2
f 2220/1968/2 2251/1999/2 2252/2000/2 2221/1969/2
f 2221/1969/2 2252/2000/2 2253/2001/2 2222/1970/2
f 2222/1970/2 2253/2001/2 2254/2002/2 2223/1971/2
f 2223/1971/2 2254/2002/2 2255/2003/2 2224/1972/2
f 2224/1972/2 2255/2003/2 2256/2004/2 2225/1973/2
f 2225/1973/2 2256/2004/2 2257/2005/2 2226/1974/2
f 2226/1974/2 2257/2005/2 2258/2006/2 2227/1975/2
f 2227/1975/2 2258/2006/2 2259/2007/2 2228/1976/2
f 2228/1976/2 2259/2007/2 2260/2008/2 2229/1977/2
f 2229/1977/2 2260/2008/2 2261/2009/2 2230/1978/2
f 2230/1978/2 2261/2009/2 2262/2010/2 2231/1979/2
f 2231/1979/2 2262/2010/2 2263/2011/2 2232/1980/2
f 2232/1980/2 2263/2011/2 2264/2012/2 2233/1981/2
f 2233/1981/2 2264/2012/2 2265/2013/2 2234/1982/2
f 2234/1982/2 2265/2013/2 2266/2014/2 2235/1983/2
f 2235/1983/2 2266/2014/2 2267/2015/2 2236/1984/2
f 2236/1984/2 2267/2015/2 2268/2016/2 2237/1985/2
f 2237/1985/2 2268/2016/2 2269/2017/2 2238/1986/2
f 2238/1986/2 2269/2017/2 2270/2018/2 2239/1987/2
f 2239/1987/2 2270/2018/2 2271/2019/2 2240/1988/2
f 2241/1990/2 2272/2021/2 2273/2020/2 2242/1989/2
f 2242/1989/2 2273/2020/2 2274/2022/2 2243/1991/2
f 2243/1991/2 2274/2022/2 2275/2023/2 2244/1992/2
f 2244/1992/2 2275/2023/2 2276/2024/2 2245/1993/2
f 2245/1993/2 2276/2024/2 2277/2025/2 2246/1994/2
f 2246/1994/2 2277/2025/2 2278/2026/2 2247/1995/2
f 2247/1995/2 2278/2026/2 2279/2027/2 2248/1996/2
f 2248/1996/2 2279/2027/2 2280/2028/2 2249/1997/2
f 2249/1997/2 2280/2028/2 2281/2029/2 2250/1998/2
f 2250/1998/2 2281/2029/2 2282/2030/2 2251/1999/2
f 2251/1999/2 2282/2030/2 2283/2031/2 2252/2000/2
f 2252/2000/2 2283/2031/2 2284/2032/2 2253/2001/2
f 2253/2001/2 2284/2032/2 2285/2033/2 2254/2002/2
f 2254/2002/2 2285/2033/2 2286/2034/2 2255/2003/2
f 2255/2003/2 2286/2034/2 2287/2035/2 2256/2004/2
f 2256/2004/2 2287/2035/2 2288/2036/2 2257/2005/2
f 2257/2005/2 2288/2036/2 2289/2037/2 2258/2006/2
f 2258/2006/2 2289/2037/2 2290/2038/2 2259/2007/2
f 2259/2007/2 2290/2038/2 2291/2039/2 2260/2008/2
f 2260/2008/2 2291/2039/2 2292/2040/2 2261/2009/2
f 2261/2009/2 2292/2040/2 2293/2041/2 2262/2010/2
f 2262/2010/2 2293/2041/2 2294/2042/2 2263/2011/2
f 2263/2011/2 2294/2042/2 2295/2043/2 2264/2012/2
f 2264/2012/2 2295/2043/2 2296/2044/2 2265/2013/2
f 2265/2013/2 2296/2044/2 2297/2045/2 2266/2014/2
f 2266/2014/2 2297/2045/2 2298/2046/2 2267/2015/2
f 2267/2015/2 2298/2046/2 2299/2047/2 2268/2016/2
f 2268/2016/2 2299/2047/2 2300/2048/2 2269/2017/2
f 2269/2017/2 2300/2048/2 2301/2049/2 2270/2018/2
f 2270/2018/2 2301/2049/2 2302/2050/2 2271/2019/2
f 4/2051/2 287/2053/2 1342/1090/2 163/2052/2
f 163/2052/2 1342/1090/2 1343/1091/2 162/2054/2
f 162/2054/2 1343/1091/2 1344/1094/2 161/2055/2
f 161/2055/2 1344/1094/2 1345/1096/2 160/2056/2
f 160/2056/2 1345/1096/2 1346/1098/2 159/2057/2
f 159/2057/2 1346/1098/2 1347/1100/2 158/2058/2
f 158/2058/2 1347/1100/2 1348/1102/2 157/2059/2
f 157/2059/2 1348/1102/2 1349/1104/2 156/2060/2
f 156/2060/2 1349/1104/2 1350/1106/2 155/2061/2
f 155/2061/2 1350/1106/2 1351/1108/2 154/2062/2
f 154/2062/2 1351/1108/2 1352/1110/2 153/2063/2
f 153/2063/2 1352/1110/2 1353/1112/2 152/2064/2
f 152/2064/2 1353/1112/2 1354/1114/2 151/2065/2
f 151/2065/2 1354/1114/2 1355/1116/2 150/2066/2
f 150/2066/2 1355/1116/2 1356/1118/2 149/2067/2
f 149/2067/2 1356/1118/2 1357/1120/2 148/2068/2
f 148/2068/2 1357/1120/2 1358/1122/2 147/2069/2
f 147/2069/2 1358/1122/2 1359/1124/2 146/2070/2
f 146/2070/2 1359/1124/2 1360/1126/2 145/2071/2
f 145/2071/2 1360/1126/2 1361/1128/2 144/2072/2
f 144/2072/2 1361/1128/2 1362/1130/2 143/2073/2
f 143/2073/2 1362/1130/2 1363/1132/2 142/2074/2
f 142/2074/2 1363/1132/2 1364/1134/2 141/2075/2
f 141/2075/2 1364/1134/2 1365/1136/2 140/2076/2
f 140/2076/2 1365/1136/2 1366/1138/2 139/2077/2
f 139/2077/2 1366/1138/2 1367/1140/2 138/2078/2
f 138/2078/2 1367/1140/2 1368/1142/2 137/2079/2
f 137/2079/2 1368/1142/2 1369/1144/2 136/2080/2
f 136/2080/2 1369/1144/2 1370/1146/2 135/2081/2
f 135/2081/2 1370/1146/2 1371/1148/2 134/2082/2
f 134/2082/2 1371/1148/2 1372/1150/2 133/2083/2
f 133/2083/2 1372/1150/2 195/2084/2 3/1060/2
f 1372/1150/2 1403/1151/2 196/2085/2 195/2084/2
f 1403/1151/2 1434/1182/2 197/2086/2 196/2085/2
f 1434/1182/2 1465/1213/2 198/2087/2 197/2086/2
f 1465/1213/2 1496/1244/2 199/2088/2 198/2087/2
f 1496/1244/2 1527/1275/2 200/2089/2 199/2088/2
f 1527/1275/2 1558/1306/2 201/2090/2 200/2089/2
f 1558/1306/2 1589/1337/2 202/2091/2 201/2090/2
f 1589/1337/2 1620/1368/2 203/2092/2 202/2091/2
f 1620/1368/2 1651/1399/2 204/2093/2 203/2092/2
f 1651/1399/2 1682/1430/2 205/2094/2 204/2093/2
f 1682/1430/2 1713/1461/2 206/2095/2 205/2094/2
f 1713/1461/2 1744/1492/2 207/2096/2 206/2095/2
f 1744/1492/2 1775/1523/2 208/2097/2 207/2096/2
f 1775/1523/2 1806/1554/2 209/2098/2 208/2097/2
f 1806/1554/2 1837/1585/2 210/2099/2 209/2098/2
f 1837/1585/2 1868/1616/2 211/2100/2 210/2099/2
f 1868/1616/2 1899/1647/2 212/2101/2 211/2100/2
f 1899/1647/2 1930/1678/2 213/2102/2 212/2101/2
f 1930/1678/2 1961/1709/2 214/2103/2 213/2102/2
f 1961/1709/2 1992/1740/2 215/2104/2 214/2103/2
f 1992/1740/2 2023/1771/2 216/2105/2 215/2104/2
f 2023/1771/2 2054/1802/2 217/2106/2 216/2105/2
f 2054/1802/2 2085/1833/2 218/2107/2 217/2106/2
f 2085/1833/2 2116/1864/2 219/2108/2 218/2107/2
f 2116/1864/2 2147/1895/2 220/2109/2 219/2108/2
f 2147/1895/2 2178/1926/2 221/2110/2 220/2109/2
f 2178/1926/2 2209/1957/2 222/2111/2 221/2110/2
f 2209/1957/2 2240/1988/2 223/2112/2 222/2111/2
f 2240/1988/2 2271/2019/2 224/2113/2 223/2112/2
f 2271/2019/2 2302/2050/2 225/2114/2 224/2113/2
f 2302/2050/2 132/2116/2 7/2115/2 225/2114/2
f 2301/2049/2 131/2117/2 132/2116/2 2302/2050/2
f 2300/2048/2 130/2118/2 131/2117/2 2301/2049/2
f 2299/2047/2 129/2119/2 130/2118/2 2300/2048/2
f 2298/2046/2 128/2120/2 129/2119/2 2299/2047/2
f 2297/2045/2 127/2121/2 128/2120/2 2298/2046/2
f 2296/2044/2 126/2122/2 127/2121/2 2297/2045/2
f 2295/2043/2 125/2123/2 126/2122/2 2296/2044/2
f 2294/2042/2 124/2124/2 125/2123/2 2295/2043/2
f 2293/2041/2 123/2125/2 124/2124/2 2294/2042/2
f 2292/2040/2 122/2126/2 123/2125/2 2293/2041/2
f 2291/2039/2 121/2127/2 122/2126/2 2292/2040/2
f 2290/2038/2 120/2128/2 121/2127/2 2291/2039/2
f 2289/2037/2 119/2129/2 120/2128/2 2290/2038/2
f 2288/2036/2 118/2130/2 119/2129/2 2289/2037/2
f 2287/2035/2 117/2131/2 118/2130/2 2288/2036/2
f 2286/2034/2 116/2132/2 117/2131/2 2287/2035/2
f 2285/2033/2 115/2133/2 116/2132/2 2286/2034/2
f 2284/2032/2 114/2134/2 115/2133/2 2285/2033/2
f 2283/2031/2 113/2135/2 114/2134/2 2284/2032/2
f 2282/2030/2 112/2136/2 113/2135/2 2283/2031/2
f 2281/2029/2 111/2137/2 112/2136/2 2282/2030/2
f 2280/2028/2 110/2138/2 111/2137/2 2281/2029/2
f 2279/2027/2 109/2139/2 110/2138/2 2280/2028/2
f 2278/2026/2 108/2140/2 109/2139/2 2279/2027/2
f 2277/2025/2 107/2141/2 108/2140/2 2278/2026/2
f 2276/2024/2 106/2142/2 107/2141/2 2277/2025/2
f 2275/2023/2 105/2143/2 106/2142/2 2276/2024/2
f 2274/2022/2 104/2144/2 105/2143/2 2275/2023/2
f 2273/2020/2 103/2145/2 104/2144/2 2274/2022/2
f 2272/2021/2 102/2146/2 103/2145/2 2273/2020/2
f 257/2147/2 8/2148/2 102/2146/2 2272/2021/2
f 258/2149/2 257/2147/2 2272/2021/2 2241/1990/2
f 259/2150/2 258/2149/2 2241/1990/2 2210/1959/2
f 260/2151/2 259/2150/2 2210/1959/2 2179/1928/2
f 261/2152/2 260/2151/2 2179/1928/2 2148/1897/2
f 262/2153/2 261/2152/2 2148/1897/2 2117/1866/2
f 263/2154/2 262/2153/2 2117/1866/2 2086/1835/2
f 264/2155/2 263/2154/2 2086/1835/2 2055/1804/2
f 265/2156/2 264/2155/2 2055/1804/2 2024/1773/2
f 266/2157/2 265/2156/2 2024/1773/2 1993/1742/2
f 267/2158/2 266/2157/2 1993/1742/2 1962/1711/2
f 268/2159/2 267/2158/2 1962/1711/2 1931/1680/2
f 269/2160/2 268/2159/2 1931/1680/2 1900/1649/2
f 270/2161/2 269/2160/2 1900/1649/2 1869/1618/2
f 271/2162/2 270/2161/2 1869/1618/2 1838/1587/2
f 272/2163/2 271/2162/2 1838/1587/2 1807/1556/2
f 273/2164/2 272/2163/2 1807/1556/2 1776/1525/2
f 274/2165/2 273/2164/2 1776/1525/2 1745/1494/2
f 275/2166/2 274/2165/2 1745/1494/2 1714/1463/2
f 276/2167/2 275/2166/2 1714/1463/2 1683/1432/2
f 277/2168/2 276/2167/2 1683/1432/2 1652/1401/2
f 278/2169/2 277/2168/2 1652/1401/2 1621/1370/2
f 279/2170/2 278/2169/2 1621/1370/2 1590/1339/2
f 280/2171/2 279/2170/2 1590/1339/2 1559/1308/2
f 281/2172/2 280/2171/2 1559/1308/2 1528/1277/2
f 282/2173/2 281/2172/2 1528/1277/2 1497/1246/2
f 283/2174/2 282/2173/2 1497/1246/2 1466/1215/2
f 284/2175/2 283/2174/2 1466/1215/2 1435/1184/2
f 285/2176/2 284/2175/2 1435/1184/2 1404/1153/2
f 286/2177/2 285/2176/2 1404/1153/2 1373/1093/2
f 287/2053/2 286/2177/2 1373/1093/2 1342/1090/2
f 2303/2178/3 2334/2181/3 2335/2180/3 2304/2179/3
f 2304/2179/3 2335/2180/3 2336/2183/3 2305/2182/3
f 2305/2182/3 2336/2183/3 2337/2185/3 2306/2184/3
f 2306/2184/3 2337/2185/3 2338/2187/3 2307/2186/3
f 2307/2186/3 2338/2187/3 2339/2189/3 2308/2188/3
f 2308/2188/3 2339/2189/3 2340/2191/3 2309/2190/3
f 2309/2190/3 2340/2191/3 2341/2193/3 2310/2192/3
f 2310/2192/3 2341/2193/3 2342/2195/3 2311/2194/3
f 2311/2194/3 2342/2195/3 2343/2197/3 2312/2196/3
f 2312/2196/3 2343/2197/3 2344/2199/3 2313/2198/3
f 2313/2198/3 2344/2199/3 2345/2201/3 2314/2200/3
f 2314/2200/3 2345/2201/3 2346/2203/3 2315/2202/3
f 2315/2202/3 2346/2203/3 2347/2205/3 2316/2204/3
f 2316/2204/3 2347/2205/3 2348/2207/3 2317/2206/3
f 2317/2206/3 2348/2207/3 2349/2209/3 2318/2208/3
f 2318/2208/3 2349/2209/3 2350/2211/3 2319/2210/3
f 2319/2210/3 2350/2211/3 2351/2213/3 2320/2212/3
f 2320/2212/3 2351/2213/3 2352/2215/3 2321/2214/3
f 2321/2214/3 2352/2215/3 2353/2217/3 2322/2216/3
f 2322/2216/3 2353/2217/3 2354/2219/3 2323/2218/3
f 2323/2218/3 2354/2219/3 2355/2221/3 2324/2220/3
f 2324/2220/3 2355/2221/3 2356/2223/3 2325/2222/3
f 2325/2222/3 2356/2223/3 2357/2225/3 2326/2224/3
f 2326/2224/3 2357/2225/3 2358/2227/3 2327/2226/3
f 2327/2226/3 2358/2227/3 2359/2229/3 2328/2228/3
f 2328/2228/3 2359/2229/3 2360/2231/3 2329/2230/3
f 2329/2230/3 2360/2231/3 2361/2233/3 2330/2232/3
f 2330/2232/3 2361/2233/3 2362/2235/3 2331/2234/3
f 2331/2234/3 2362/2235/3 2363/2237/3 2332/2236/3
f 2332/2236/3 2363/2237/3 2364/2239/3 2333/2238/3
f 2334/2181/3 2365/2241/3 2366/2240/3 2335/2180/3
f 2335/2180/3 2366/2240/3 2367/2242/3 2336/2183/3
f 2336/2183/3 2367/2242/3 2368/2243/3 2337/2185/3
f 2337/2185/3 2368/2243/3 2369/2244/3 2338/2187/3
f 2338/2187/3 2369/2244/3 2370/2245/3 2339/2189/3
f 2339/2189/3 2370/2245/3 2371/2246/3 2340/2191/3
f 2340/2191/3 2371/2246/3 2372/2247/3 2341/2193/3
f 2341/2193/3 2372/2247/3 2373/2248/3 2342/2195/3
f 2342/2195/3 2373/2248/3 2374/2249/3 2343/2197/3
f 2343/2197/3 2374/2249/3 2375/2250/3 2344/2199/3
f 2344/2199/3 2375/2250/3 2376/2251/3 2345/2201/3
f 2345/2201/3 2376/2251/3 2377/2252/3 2346/2203/3
f 2346/2203/3 2377/2252/3 2378/2253/3 2347/2205/3
f 2347/2205/3 2378/2253/3 2379/2254/3 2348/2207/3
f 2348/2207/3 2379/2254/3 2380/2255/3 2349/2209/3
f 2349/2209/3 2380/2255/3 2381/2256/3 2350/2211/3
f 2350/2211/3 2381/2256/3 2382/2257/3 2351/2213/3
f 2351/2213/3 2382/2257/3 2383/2258/3 2352/2215/3
f 2352/2215/3 2383/2258/3 2384/2259/3 2353/2217/3
f 2353/2217/3 2384/2259/3 2385/2260/3 2354/2219/3
f 2354/2219/3 2385/2260/3 2386/2261/3 2355/2221/3
f 2355/2221/3 2386/2261/3 2387/2262/3 2356/2223/3
f 2356/2223/3 2387/2262/3 2388/2263/3 2357/2225/3
f 2357/2225/3 2388/2263/3 2389/2264/3 2358/2227/3
f 2358/2227/3 2389/2264/3 2390/2265/3 2359/2229/3
f 2359/2229/3 2390/2265/3 2391/2266/3 2360/2231/3
f 2360/2231/3 2391/2266/3 2392/2267/3 2361/2233/3
f 2361/2233/3 2392/2267/3 2393/2268/3 2362/2235/3
f 2362/2235/3 2393/2268/3 2394/2269/3 2363/2237/3
f 2363/2237/3 2394/2269/3 2395/2270/3 2364/2239/3
f 2365/2241/3 2396/2272/3 2397/2271/3 2366/2240/3
f 2366/2240/3 2397/2271/3 2398/2273/3 2367/2242/3
f 2367/2242/3 2398/2273/3 2399/2274/3 2368/2243/3
f 2368/2243/3 2399/2274/3 2400/2275/3 2369/2244/3
f 2369/2244/3 2400/2275/3 2401/2276/3 2370/2245/3
f 2370/2245/3 2401/2276/3 2402/2277/3 2371/2246/3
f 2371/2246/3 2402/2277/3 2403/2278/3 2372/2247/3
f 2372/2247/3 2403/2278/3 2404/2279/3 2373/2248/3
f 2373/2248/3 2404/2279/3 2405/2280/3 2374/2249/3
f 2374/2249/3 2405/2280/3 2406/2281/3 2375/2250/3
f 2375/2250/3 2406/2281/3 2407/2282/3 2376/2251/3
f 2376/2251/3 2407/2282/3 2408/2283/3 2377/2252/3
f 2377/2252/3 2408/2283/3 2409/2284/3 2378/2253/3
f 2378/2253/3 2409/2284/3 2410/2285/3 2379/2254/3
f 2379/2254/3 2410/2285/3 2411/2286/3 2380/2255/3
f 2380/2255/3 2411/2286/3 2412/2287/3 2381/2256/3
f 2381/2256/3 2412/2287/3 2413/2288/3 2382/2257/3
f 2382/2257/3 2413/2288/3 2414/2289/3 2383/2258/3
f 2383/2258/3 2414/2289/3 2415/2290/3 2384/2259/3
f 2384/2259/3 2415/2290/3 2416/2291/3 2385/2260/3
f 2385/2260/3 2416/2291/3 2417/2292/3 2386/2261/3
f 2386/2261/3 2417/2292/3 2418/2293/3 2387/2262/3
f 2387/2262/3 2418/2293/3 2419/2294/3 2388/2263/3
f 2388/2263/3 2419/2294/3 2420/2295/3 2389/2264/3
f 2389/2264/3 2420/2295/3 2421/2296/3 2390/2265/3
f 2390/2265/3 2421/2296/3 2422/2297/3 2391/2266/3
f 2391/2266/3 2422/2297/3 2423/2298/3 2392/2267/3
f 2392/2267/3 2423/2298/3 2424/2299/3 2393/2268/3
f 2393/2268/3 2424/2299/3 2425/2300/3 2394/2269/3
f 2394/2269/3 2425/2300/3 2426/2301/3 2395/2270/3
f 2396/2272/3 2427/2303/3 2428/2302/3 2397/2271/3
f 2397/2271/3 2428/2302/3 2429/2304/3 2398/2273/3
f 2398/2273/3 2429/2304/3 2430/2305/3 2399/2274/3
f 2399/2274/3 2430/2305/3 2431/2306/3 2400/2275/3
f 2400/2275/3 2431/2306/3 2432/2307/3 2401/2276/3
f 2401/2276/3 2432/2307/3 2433/2308/3 2402/2277/3
f 2402/2277/3 2433/2308/3 2434/2309/3 2403/2278/3
f 2403/2278/3 2434/2309/3 2435/2310/3 2404/2279/3
f 2404/2279/3 2435/2310/3 2436/2311/3 2405/2280/3
f 2405/2280/3 2436/2311/3 2437/2312/3 2406/2281/3
f 2406/2281/3 2437/2312/3 2438/2313/3 2407/2282/3
f 2407/2282/3 2438/2313/3 2439/2314/3 2408/2283/3
f 2408/2283/3 2439/2314/3 2440/2315/3 2409/2284/3
f 2409/2284/3 2440/2315/3 2441/2316/3 2410/2285/3
f 2410/2285/3 2441/2316/3 2442/2317/3 2411/2286/3
f 2411/2286/3 2442/2317/3 2443/2318/3 2412/2287/3
f 2412/2287/3 2443/2318/3 2444/2319/3 2413/2288/3
f 2413/2288/3 2444/2319/3 2445/2320/3 2414/2289/3
f 2414/2289/3 2445/2320/3 2446/2321/3 2415/2290/3
f 2415/2290/3 2446/2321/3 2447/2322/3 2416/2291/3
f 2416/2291/3 2447/2322/3 2448/2323/3 2417/2292/3
f 2417/2292/3 2448/2323/3 2449/2324/3 2418/2293/3
f 2418/2293/3 2449/2324/3 2450/2325/3 2419/2294/3
f 2419/2294/3 2450/2325/3 2451/2326/3 2420/2295/3
f 2420/2295/3 2451/2326/3 2452/2327/3 2421/2296/3
f 2421/2296/3 2452/2327/3 2453/2328/3 2422/2297/3
f 2422/2297/3 2453/2328/3 2454/2329/3 2423/2298/3
f 2423/2298/3 2454/2329/3 2455/2330/3 2424/2299/3
f 2424/2299/3 2455/2330/3 2456/2331/3 2425/2300/3
f 2425/2300/3 2456/2331/3 2457/2332/3 2426/2301/3
f 2427/2303/3 2458/2334/3 2459/2333/3 2428/2302/3
f 2428/2302/3 2459/2333/3 2460/2335/3 2429/2304/3
f 2429/2304/3 2460/2335/3 2461/2336/3 2430/2305/3
f 2430/2305/3 2461/2336/3 2462/2337/3 2431/2306/3
f 2431/2306/3 2462/2337/3 2463/2338/3 2432/2307/3
f 2432/2307/3 2463/2338/3 2464/2339/3 2433/2308/3
f 2433/2308/3 2464/2339/3 2465/2340/3 2434/2309/3
f 2434/2309/3 2465/2340/3 2466/2341/3 2435/2310/3
f 2435/2310/3 2466/2341/3 2467/2342/3 2436/2311/3
f 2436/2311/3 2467/2342/3 2468/2343/3 2437/2312/3
f 2437/2312/3 2468/2343/3 2469/2344/3 2438/2313/3
f 2438/2313/3 2469/2344/3 2470/2345/3 2439/2314/3
f 2439/2314/3 2470/2345/3 2471/2346/3 2440/2315/3
f 2440/2315/3 2471/2346/3 2472/2347/3 2441/2316/3
f 2441/2316/3 2472/2347/3 2473/2348/3 2442/2317/3
f 2442/2317/3 2473/2348/3 2474/2349/3 2443/2318/3
f 2443/2318/3 2474/2349/3 2475/2350/3 2444/2319/3
f 2444/2319/3 2475/2350/3 2476/2351/3 2445/2320/3
f 2445/2320/3 2476/2351/3 2477/2352/3 2446/2321/3
f 2446/2321/3 2477/2352/3 2478/2353/3 2447/2322/3
f 2447/2322/3 2478/2353/3 2479/2354/3 2448/2323/3
f 2448/2323/3 2479/2354/3 2480/2355/3 2449/2324/3
f 2449/2324/3 2480/2355/3 2481/2356/3 2450/2325/3
f 2450/2325/3 2481/2356/3 2482/2357/3 2451/2326/3
f 2451/2326/3 2482/2357/3 2483/2358/3 2452/2327/3
f 2452/2327/3 2483/2358/3 2484/2359/3 2453/2328/3
f 2453/2328/3 2484/2359/3 2485/2360/3 2454/2329/3
f 2454/2329/3 2485/2360/3 2486/2361/3 2455/2330/3
f 2455/2330/3 2486/2361/3 2487/2362/3 2456/2331/3
f 2456/2331/3 2487/2362/3 2488/2363/3 2457/2332/3
f 2458/2334/3 2489/2365/3 2490/2364/3 2459/2333/3
f 2459/2333/3 2490/2364/3 2491/2366/3 2460/2335/3
f 2460/2335/3 2491/2366/3 2492/2367/3 2461/2336/3
f 2461/2336/3 2492/2367/3 2493/2368/3 2462/2337/3
f 2462/2337/3 2493/2368/3 2494/2369/3 2463/2338/3
f 2463/2338/3 2494/2369/3 2495/2370/3 2464/2339/3
f 2464/2339/3 2495/2370/3 2496/2371/3 2465/2340/3
f 2465/2340/3 2496/2371/3 2497/2372/3 2466/2341/3
f 2466/2341/3 2497/2372/3 2498/2373/3 2467/2342/3
f 2467/2342/3 2498/2373/3 2499/2374/3 2468/2343/3
f 2468/2343/3 2499/2374/3 2500/2375/3 2469/2344/3
f 2469/2344/3 2500/2375/3 2501/2376/3 2470/2345/3
f 2470/2345/3 2501/2376/3 2502/2377/3 2471/2346/3
f 2471/2346/3 2502/2377/3 2503/2378/3 2472/2347/3
f 2472/2347/3 2503/2378/3 2504/2379/3 2473/2348/3
f 2473/2348/3 2504/2379/3 2505/2380/3 2474/2349/3
f 2474/2349/3 2505/2380/3 2506/2381/3 2475/2350/3
f 2475/2350/3 2506/2381/3 2507/2382/3 2476/2351/3
f 2476/2351/3 2507/2382/3 2508/2383/3 2477/2352/3
f 2477/2352/3 2508/2383/3 2509/2384/3 2478/2353/3
f 2478/2353/3 2509/2384/3 2510/2385/3 2479/2354/3
f 2479/2354/3 2510/2385/3 2511/2386/3 2480/2355/3
f 2480/2355/3 2511/2386/3 2512/2387/3 2481/2356/3
f 2481/2356/3 2512/2387/3 2513/2388/3 2482/2357/3
f 2482/2357/3 2513/2388/3 2514/2389/3 2483/2358/3
f 2483/2358/3 2514/2389/3 2515/2390/3 2484/2359/3
f 2484/2359/3 2515/2390/3 2516/2391/3 2485/2360/3
f 2485/2360/3 2516/2391/3 2517/2392/3 2486/2361/3
f 2486/2361/3 2517/2392/3 2518/2393/3 2487/2362/3
f 2487/2362/3 2518/2393/3 2519/2394/3 2488/2363/3
f 2489/2365/3 2520/2396/3 2521/2395/3 2490/2364/3
f 2490/2364/3 2521/2395/3 2522/2397/3 2491/2366/3
f 2491/2366/3 2522/2397/3 2523/2398/3 2492/2367/3
f 2492/2367/3 2523/2398/3 2524/2399/3 2493/2368/3
f 2493/2368/3 2524/2399/3 2525/2400/3 2494/2369/3
f 2494/2369/3 2525/2400/3 2526/2401/3 2495/2370/3
f 2495/2370/3 2526/2401/3 2527/2402/3 2496/2371/3
f 2496/2371/3 2527/2402/3 2528/2403/3 2497/2372/3
f 2497/2372/3 2528/2403/3 2529/2404/3 2498/2373/3
f 2498/2373/3 2529/2404/3 2530/2405/3 2499/2374/3
f 2499/2374/3 2530/2405/3 2531/2406/3 2500/2375/3
f 2500/2375/3 2531/2406/3 2532/2407/3 2501/2376/3
f 2501/2376/3 2532/2407/3 2533/2408/3 2502/2377/3
f 2502/2377/3 2533/2408/3 2534/2409/3 2503/2378/3
f 2503/2378/3 2534/2409/3 2535/2410/3 2504/2379/3
f 2504/2379/3 2535/2410/3 2536/2411/3 2505/2380/3
f 2505/2380/3 2536/2411/3 2537/2412/3 2506/2381/3
f 2506/2381/3 2537/2412/3 2538/2413/3 2507/2382/3
f 2507/2382/3 2538/2413/3 2539/2414/3 2508/2383/3
f 2508/2383/3 2539/2414/3 2540/2415/3 2509/2384/3
f 2509/2384/3 2540/2415/3 2541/2416/3 2510/2385/3
f 2510/2385/3 2541/2416/3 2542/2417/3 2511/2386/3
f 2511/2386/3 2542/2417/3 2543/2418/3 2512/2387/3
f 2512/2387/3 2543/2418/3 2544/2419/3 2513/2388/3
f 2513/2388/3 2544/2419/3 2545/2420/3 2514/2389/3
f 2514/2389/3 2545/2420/3 2546/2421/3 2515/2390/3
f 2515/2390/3 2546/2421/3 2547/2422/3 2516/2391/3
f 2516/2391/3 2547/2422/3 2548/2423/3 2517/2392/3
f 2517/2392/3 2548/2423/3 2549/2424/3 2518/2393/3
f 2518/2393/3 2549/2424/3 2550/2425/3 2519/2394/3
f 2520/2396/3 2551/2427/3 2552/2426/3 2521/2395/3
f 2521/2395/3 2552/2426/3 2553/2428/3 2522/2397/3
f 2522/2397/3 2553/2428/3 2554/2429/3 2523/2398/3
f 2523/2398/3 2554/2429/3 2555/2430/3 2524/2399/3
f 2524/2399/3 2555/2430/3 2556/2431/3 2525/2400/3
f 2525/2400/3 2556/2431/3 2557/2432/3 2526/2401/3
f 2526/2401/3 2557/2432/3 2558/2433/3 2527/2402/3
f 2527/2402/3 2558/2433/3 2559/2434/3 2528/2403/3
f 2528/2403/3 2559/2434/3 2560/2435/3 2529/2404/3
f 2529/2404/3 2560/2435/3 2561/2436/3 2530/2405/3
f 2530/2405/3 2561/2436/3 2562/2437/3 2531/2406/3
f 2531/2406/3 2562/2437/3 2563/2438/3 2532/2407/3
f 2532/2407/3 2563/2438/3 2564/2439/3 2533/2408/3
f 2533/2408/3 2564/2439/3 2565/2440/3 2534/2409/3
f 2534/2409/3 2565/2440/3 2566/2441/3 2535/2410/3
f 2535/2410/3 2566/2441/3 2567/2442/3 2536/2411/3
f 2536/2411/3 2567/2442/3 2568/2443/3 2537/2412/3
f 2537/2412/3 2568/2443/3 2569/2444/3 2538/2413/3
f 2538/2413/3 2569/2444/3 2570/2445/3 2539/2414/3
f 2539/2414/3 2570/2445/3 2571/2446/3 2540/2415/3
f 2540/2415/3 2571/2446/3 2572/2447/3 2541/2416/3
f 2541/2416/3 2572/2447/3 2573/2448/3 2542/2417/3
f 2542/2417/3 2573/2448/3 2574/2449/3 2543/2418/3
f 2543/2418/3 2574/2449/3 2575/2450/3 2544/2419/3
f 2544/2419/3 2575/2450/3 2576/2451/3 2545/2420/3
f 2545/2420/3 2576/2451/3 2577/2452/3 2546/2421/3
f 2546/2421/3 2577/2452/3 2578/2453/3 2547/2422/3
f 2547/2422/3 2578/2453/3 2579/2454/3 2548/2423/3
f 2548/2423/3 2579/2454/3 2580/2455/3 2549/2424/3
f 2549/2424/3 2580/2455/3 2581/2456/3 2550/2425/3
f 2551/2427/3 2582/2458/3 2583/2457/3 2552/2426/3
f 2552/2426/3 2583/2457/3 2584/2459/3 2553/2428/3
f 2553/2428/3 2584/2459/3 2585/2460/3 2554/2429/3
f 2554/2429/3 2585/2460/3 2586/2461/3 2555/2430/3
f 2555/2430/3 2586/2461/3 2587/2462/3 2556/2431/3
f 2556/2431/3 2587/2462/3 2588/2463/3 2557/2432/3
f 2557/2432/3 2588/2463/3 2589/2464/3 2558/2433/3
f 2558/2433/3 2589/2464/3 2590/2465/3 2559/2434/3
f 2559/2434/3 2590/2465/3 2591/2466/3 2560/2435/3
f 2560/2435/3 2591/2466/3 2592/2467/3 2561/2436/3
f 2561/2436/3 2592/2467/3 2593/2468/3 2562/2437/3
f 2562/2437/3 2593/2468/3 2594/2469/3 2563/2438/3
f 2563/2438/3 2594/2469/3 2595/2470/3 2564/2439/3
f 2564/2439/3 2595/2470/3 2596/2471/3 2565/2440/3
f 2565/2440/3 2596/2471/3 2597/2472/3 2566/2441/3
f 2566/2441/3 2597/2472/3 2598/2473/3 2567/2442/3
f 2567/2442/3 2598/2473/3 2599/2474/3 2568/2443/3
f 2568/2443/3 2599/2474/3 2600/2475/3 2569/2444/3
f 2569/2444/3 2600/2475/3 2601/2476/3 2570/2445/3
f 2570/2445/3 2601/2476/3 2602/2477/3 2571/2446/3
f 2571/2446/3 2602/2477/3 2603/2478/3 2572/2447/3
f 2572/2447/3 2603/2478/3 2604/2479/3 2573/2448/3
f 2573/2448/3 2604/2479/3 2605/2480/3 2574/2449/3
f 2574/2449/3 2605/2480/3 2606/2481/3 2575/2450/3
f 2575/2450/3 2606/2481/3 2607/2482/3 2576/2451/3
f 2576/2451/3 2607/2482/3 2608/2483/3 2577/2452/3
f 2577/2452/3 2608/2483/3 2609/2484/3 2578/2453/3
f 2578/2453/3 2609/2484/3 2610/2485/3 2579/2454/3
f 2579/2454/3 2610/2485/3 2611/2486/3 2580/2455/3
f 2580/2455/3 2611/2486/3 2612/2487/3 2581/2456/3
f 2582/2458/3 2613/2489/3 2614/2488/3 2583/2457/3
f 2583/2457/3 2614/2488/3 2615/2490/3 2584/2459/3
f 2584/2459/3 2615/2490/3 2616/2491/3 2585/2460/3
f 2585/2460/3 2616/2491/3 2617/2492/3 2586/2461/3
f 2586/2461/3 2617/2492/3 2618/2493/3 2587/2462/3
f 2587/2462/3 2618/2493/3 2619/2494/3 2588/2463/3
f 2588/2463/3 2619/2494/3 2620/2495/3 2589/2464/3
f 2589/2464/3 2620/2495/3 2621/2496/3 2590/2465/3
f 2590/2465/3 2621/2496/3 2622/2497/3 2591/2466/3
f 2591/2466/3 2622/2497/3 2623/2498/3 2592/2467/3
f 2592/2467/3 2623/2498/3 2624/2499/3 2593/2468/3
f 2593/2468/3 2624/2499/3 2625/2500/3 2594/2469/3
f 2594/2469/3 2625/2500/3 2626/2501/3 2595/2470/3
f 2595/2470/3 2626/2501/3 2627/2502/3 2596/2471/3
f 2596/2471/3 2627/2502/3 2628/2503/3 2597/2472/3
f 2597/2472/3 2628/2503/3 2629/2504/3 2598/2473/3
f 2598/2473/3 2629/2504/3 2630/2505/3 2599/2474/3
f 2599/2474/3 2630/2505/3 2631/2506/3 2600/2475/3
f 2600/2475/3 2631/2506/3 2632/2507/3 2601/2476/3
f 2601/2476/3 2632/2507/3 2633/2508/3 2602/2477/3
f 2602/2477/3 2633/2508/3 2634/2509/3 2603/2478/3
f 2603/2478/3 2634/2509/3 2635/2510/3 2604/2479/3
f 2604/2479/3 2635/2510/3 2636/2511/3 2605/2480/3
f 2605/2480/3 2636/2511/3 2637/2512/3 2606/2481/3
f 2606/2481/3 2637/2512/3 2638/2513/3 2607/2482/3
f 2607/2482/3 2638/2513/3 2639/2514/3 2608/2483/3
f 2608/2483/3 2639/2514/3 2640/2515/3 2609/2484/3
f 2609/2484/3 2640/2515/3 2641/2516/3 2610/2485/3
f 2610/2485/3 2641/2516/3 2642/2517/3 2611/2486/3
f 2611/2486/3 2642/2517/3 2643/2518/3 2612/2487/3
f 2613/2489/3 2644/2520/3 2645/2519/3 2614/2488/3
f 2614/2488/3 2645/2519/3 2646/2521/3 2615/2490/3
f 2615/2490/3 2646/2521/3 2647/2522/3 2616/2491/3
f 2616/2491/3 2647/2522/3 2648/2523/3 2617/2492/3
f 2617/2492/3 2648/2523/3 2649/2524/3 2618/2493/3
f 2618/2493/3 2649/2524/3 2650/2525/3 2619/2494/3
f 2619/2494/3 2650/2525/3 2651/2526/3 2620/2495/3
f 2620/2495/3 2651/2526/3 2652/2527/3 2621/2496/3
f 2621/2496/3 2652/2527/3 2653/2528/3 2622/2497/3
f 2622/2497/3 2653/2528/3 2654/2529/3 2623/2498/3
f 2623/2498/3 2654/2529/3 2655/2530/3 2624/2499/3
f 2624/2499/3 2655/2530/3 2656/2531/3 2625/2500/3
f 2625/2500/3 2656/2531/3 2657/2532/3 2626/2501/3
f 2626/2501/3 2657/2532/3 2658/2533/3 2627/2502/3
f 2627/2502/3 2658/2533/3 2659/2534/3 2628/2503/3
f 2628/2503/3 2659/2534/3 2660/2535/3 2629/2504/3
f 2629/2504/3 2660/2535/3 2661/2536/3 2630/2505/3
f 2630/2505/3 2661/2536/3 2662/2537/3 2631/2506/3
f 2631/2506/3 2662/2537/3 2663/2538/3 2632/2507/3
f 2632/2507/3 2663/2538/3 2664/2539/3 2633/2508/3
f 2633/2508/3 2664/2539/3 2665/2540/3 2634/2509/3
f 2634/2509/3 2665/2540/3 2666/2541/3 2635/2510/3
f 2635/2510/3 2666/2541/3 2667/2542/3 2636/2511/3
f 2636/2511/3 2667/2542/3 2668/2543/3 2637/2512/3
f 2637/2512/3 2668/2543/3 2669/2544/3 2638/2513/3
f 2638/2513/3 2669/2544/3 2670/2545/3 2639/2514/3
f 2639/2514/3 2670/2545/3 2671/2546/3 2640/2515/3
f 2640/2515/3 2671/2546/3 2672/2547/3 2641/2516/3
f 2641/2516/3 2672/2547/3 2673/2548/3 2642/2517/3
f 2642/2517/3 2673/2548/3 2674/2549/3 2643/2518/3
f 2644/2520/3 2675/2551/3 2676/2550/3 2645/2519/3
f 2645/2519/3 2676/2550/3 2677/2552/3 2646/2521/3
f 2646/2521/3 2677/2552/3 2678/2553/3 2647/2522/3
f 2647/2522/3 2678/2553/3 2679/2554/3 2648/2523/3
f 2648/2523/3 2679/2554/3 2680/2555/3 2649/2524/3
f 2649/2524/3 2680/2555/3 2681/2556/3 2650/2525/3
f 2650/2525/3 2681/2556/3 2682/2557/3 2651/2526/3
f 2651/2526/3 2682/2557/3 2683/2558/3 2652/2527/3
f 2652/2527/3 2683/2558/3 2684/2559/3 2653/2528/3
f 2653/2528/3 2684/2559/3 2685/2560/3 2654/2529/3
f 2654/2529/3 2685/2560/3 2686/2561/3 2655/2530/3
f 2655/2530/3 2686/2561/3 2687/2562/3 2656/2531/3
f 2656/2531/3 2687/2562/3 2688/2563/3 2657/2532/3
f 2657/2532/3 2688/2563/3 2689/2564/3 2658/2533/3
f 2658/2533/3 2689/2564/3 2690/2565/3 2659/2534/3
f 2659/2534/3 2690/2565/3 2691/2566/3 2660/2535/3
f 2660/2535/3 2691/2566/3 2692/2567/3 2661/2536/3
f 2661/2536/3 2692/2567/3 2693/2568/3 2662/2537/3
f 2662/2537/3 2693/2568/3 2694/2569/3 2663/2538/3
f 2663/2538/3 2694/2569/3 2695/2570/3 2664/2539/3
f 2664/2539/3 2695/2570/3 2696/2571/3 2665/2540/3
f 2665/2540/3 2696/2571/3 2697/2572/3 2666/2541/3
f 2666/2541/3 2697/2572/3 2698/2573/3 2667/2542/3
f 2667/2542/3 2698/2573/3 2699/2574/3 2668/2543/3
f 2668/2543/3 2699/2574/3 2700/2575/3 2669/2544/3
f 2669/2544/3 2700/2575/3 2701/2576/3 2670/2545/3
f 2670/2545/3 2701/2576/3 2702/2577/3 2671/2546/3
f 2671/2546/3 2702/2577/3 2703/2578/3 2672/2547/3
f 2672/2547/3 2703/2578/3 2704/2579/3 2673/2548/3
f 2673/2548/3 2704/2579/3 2705/2580/3 2674/2549/3
f 2675/2551/3 2706/2582/3 2707/2581/3 2676/2550/3
f 2676/2550/3 2707/2581/3 2708/2583/3 2677/2552/3
f 2677/2552/3 2708/2583/3 2709/2584/3 2678/2553/3
f 2678/2553/3 2709/2584/3 2710/2585/3 2679/2554/3
f 2679/2554/3 2710/2585/3 2711/2586/3 2680/2555/3
f 2680/2555/3 2711/2586/3 2712/2587/3 2681/2556/3
f 2681/2556/3 2712/2587/3 2713/2588/3 2682/2557/3
f 2682/2557/3 2713/2588/3 2714/2589/3 2683/2558/3
f 2683/2558/3 2714/2589/3 2715/2590/3 2684/2559/3
f 2684/2559/3 2715/2590/3 2716/2591/3 2685/2560/3
f 2685/2560/3 2716/2591/3 2717/2592/3 2686/2561/3
f 2686/2561/3 2717/2592/3 2718/2593/3 2687/2562/3
f 2687/2562/3 2718/2593/3 2719/2594/3 2688/2563/3
f 2688/2563/3 2719/2594/3 2720/2595/3 2689/2564/3
f 2689/2564/3 2720/2595/3 2721/2596/3 2690/2565/3
f 2690/2565/3 2721/2596/3 2722/2597/3 2691/2566/3
f 2691/2566/3 2722/2597/3 2723/2598/3 2692/2567/3
f 2692/2567/3 2723/2598/3 2724/2599/3 2693/2568/3
f 2693/2568/3 2724/2599/3 2725/2600/3 2694/2569/3
f 2694/2569/3 2725/2600/3 2726/2601/3 2695/2570/3
f 2695/2570/3 2726/2601/3 2727/2602/3 2696/2571/3
f 2696/2571/3 2727/2602/3 2728/2603/3 2697/2572/3
f 2697/2572/3 2728/2603/3 2729/2604/3 2698/2573/3
f 2698/2573/3 2729/2604/3 2730/2605/3 2699/2574/3
f 2699/2574/3 2730/2605/3 2731/2606/3 2700/2575/3
f 2700/2575/3 2731/2606/3 2732/2607/3 2701/2576/3
f 2701/2576/3 2732/2607/3 2733/2608/3 2702/2577/3
f 2702/2577/3 2733/2608/3 2734/2609/3 2703/2578/3
f 2703/2578/3 2734/2609/3 2735/2610/3 2704/2579/3
f 2704/2579/3 2735/2610/3 2736/2611/3 2705/2580/3
f 2706/2582/3 2737/2613/3 2738/2612/3 2707/2581/3
f 2707/2581/3 2738/2612/3 2739/2614/3 2708/2583/3
f 2708/2583/3 2739/2614/3 2740/2615/3 2709/2584/3
f 2709/2584/3 2740/2615/3 2741/2616/3 2710/2585/3
f 2710/2585/3 2741/2616/3 2742/2617/3 2711/2586/3
f 2711/2586/3 2742/2617/3 2743/2618/3 2712/2587/3
f 2712/2587/3 2743/2618/3 2744/2619/3 2713/2588/3
f 2713/2588/3 2744/2619/3 2745/2620/3 2714/2589/3
f 2714/2589/3 2745/2620/3 2746/2621/3 2715/2590/3
f 2715/2590/3 2746/2621/3 2747/2622/3 2716/2591/3
f 2716/2591/3 2747/2622/3 2748/2623/3 2717/2592/3
f 2717/2592/3 2748/2623/3 2749/2624/3 2718/2593/3
f 2718/2593/3 2749/2624/3 2750/2625/3 2719/2594/3
f 2719/2594/3 2750/2625/3 2751/2626/3 2720/2595/3
f 2720/2595/3 2751/2626/3 2752/2627/3 2721/2596/3
f 2721/2596/3 2752/2627/3 2753/2628/3 2722/2597/3
f 2722/2597/3 2753/2628/3 2754/2629/3 2723/2598/3
f 2723/2598/3 2754/2629/3 2755/2630/3 2724/2599/3
f 2724/2599/3 2755/2630/3 2756/2631/3 2725/2600/3
f 2725/2600/3 2756/2631/3 2757/2632/3 2726/2601/3
f 2726/2601/3 2757/2632/3 2758/2633/3 2727/2602/3
f 2727/2602/3 2758/2633/3 2759/2634/3 2728/2603/3
f 2728/2603/3 2759/2634/3 2760/2635/3 2729/2604/3
f 2729/2604/3 2760/2635/3 2761/2636/3 2730/2605/3
f 2730/2605/3 2761/2636/3 2762/2637/3 2731/2606/3
f 2731/2606/3 2762/2637/3 2763/2638/3 2732/2607/3
f 2732/2607/3 2763/2638/3 2764/2639/3 2733/2608/3
f 2733/2608/3 2764/2639/3 2765/2640/3 2734/2609/3
f 2734/2609/3 2765/2640/3 2766/2641/3 2735/2610/3
f 2735/2610/3 2766/2641/3 2767/2642/3 2736/2611/3
f 2737/2613/3 2768/2644/3 2769/2643/3 2738/2612/3
f 2738/2612/3 2769/2643/3 2770/2645/3 2739/2614/3
f 2739/2614/3 2770/2645/3 2771/2646/3 2740/2615/3
f 2740/2615/3 2771/2646/3 2772/2647/3 2741/2616/3
f 2741/2616/3 2772/2647/3 2773/2648/3 2742/2617/3
f 2742/2617/3 2773/2648/3 2774/2649/3 2743/2618/3
f 2743/2618/3 2774/2649/3 2775/2650/3 2744/2619/3
f 2744/2619/3 2775/2650/3 2776/2651/3 2745/2620/3
f 2745/2620/3 2776/2651/3 2777/2652/3 2746/2621/3
f 2746/2621/3 2777/2652/3 2778/2653/3 2747/2622/3
f 2747/2622/3 2778/2653/3 2779/2654/3 2748/2623/3
f 2748/2623/3 2779/2654/3 2780/2655/3 2749/2624/3
f 2749/2624/3 2780/2655/3 2781/2656/3 2750/2625/3
f 2750/2625/3 2781/2656/3 2782/2657/3 2751/2626/3
f 2751/2626/3 2782/2657/3 2783/2658/3 2752/2627/3
f 2752/2627/3 2783/2658/3 2784/2659/3 2753/2628/3
f 2753/2628/3 2784/2659/3 2785/2660/3 2754/2629/3
f 2754/2629/3 2785/2660/3 2786/2661/3 2755/2630/3
f 2755/2630/3 2786/2661/3 2787/2662/3 2756/2631/3
f 2756/2631/3 2787/2662/3 2788/2663/3 2757/2632/3
f 2757/2632/3 2788/2663/3 2789/2664/3 2758/2633/3
f 2758/2633/3 2789/2664/3 2790/2665/3 2759/2634/3
f 2759/2634/3 2790/2665/3 2791/2666/3 2760/2635/3
f 2760/2635/3 2791/2666/3 2792/2667/3 2761/2636/3
f 2761/2636/3 2792/2667/3 2793/2668/3 2762/2637/3
f 2762/2637/3 2793/2668/3 2794/2669/3 2763/2638/3
f 2763/2638/3 2794/2669/3 2795/2670/3 2764/2639/3
f 2764/2639/3 2795/2670/3 2796/2671/3 2765/2640/3
f 2765/2640/3 2796/2671/3 2797/2672/3 2766/2641/3
f 2766/2641/3 2797/2672/3 2798/2673/3 2767/2642/3
f 2768/2644/3 2799/2675/3 2800/2674/3 2769/2643/3
f 2769/2643/3 2800/2674/3 2801/2676/3 2770/2645/3
f 2770/2645/3 2801/2676/3 2802/2677/3 2771/2646/3
f 2771/2646/3 2802/2677/3 2803/2678/3 2772/2647/3
f 2772/2647/3 2803/2678/3 2804/2679/3 2773/2648/3
f 2773/2648/3 2804/2679/3 2805/2680/3 2774/2649/3
f 2774/2649/3 2805/2680/3 2806/2681/3 2775/2650/3
f 2775/2650/3 2806/2681/3 2807/2682/3 2776/2651/3
f 2776/2651/3 2807/2682/3 2808/2683/3 2777/2652/3
f 2777/2652/3 2808/2683/3 2809/2684/3 2778/2653/3
f 2778/2653/3 2809/2684/3 2810/2685/3 2779/2654/3
f 2779/2654/3 2810/2685/3 2811/2686/3 2780/2655/3
f 2780/2655/3 2811/2686/3 2812/2687/3 2781/2656/3
f 2781/2656/3 2812/2687/3 2813/2688/3 2782/2657/3
f 2782/2657/3 2813/2688/3 2814/2689/3 2783/2658/3
f 2783/2658/3 2814/2689/3 2815/2690/3 2784/2659/3
f 2784/2659/3 2815/2690/3 2816/2691/3 2785/2660/3
f 2785/2660/3 2816/2691/3 2817/2692/3 2786/2661/3
f 2786/2661/3 2817/2692/3 2818/2693/3 2787/2662/3
f 2787/2662/3 2818/2693/3 2819/2694/3 2788/2663/3
f 2788/2663/3 2819/2694/3 2820/2695/3 2789/2664/3
f 2789/2664/3 2820/2695/3 2821/2696/3 2790/2665/3
f 2790/2665/3 2821/2696/3 2822/2697/3 2791/2666/3
f 2791/2666/3 2822/2697/3 2823/2698/3 2792/2667/3
f 2792/2667/3 2823/2698/3 2824/2699/3 2793/2668/3
f 2793/2668/3 2824/2699/3 2825/2700/3 2794/2669/3
f 2794/2669/3 2825/2700/3 2826/2701/3 2795/2670/3
f 2795/2670/3 2826/2701/3 2827/2702/3 2796/2671/3
f 2796/2671/3 2827/2702/3 2828/2703/3 2797/2672/3
f 2797/2672/3 2828/2703/3 2829/2704/3 2798/2673/3
f 2799/2675/3 2830/2706/3 2831/2705/3 2800/2674/3
f 2800/2674/3 2831/2705/3 2832/2707/3 2801/2676/3
f 2801/2676/3 2832/2707/3 2833/2708/3 2802/2677/3
f 2802/2677/3 2833/2708/3 2834/2709/3 2803/2678/3
f 2803/2678/3 2834/2709/3 2835/2710/3 2804/2679/3
f 2804/2679/3 2835/2710/3 2836/2711/3 2805/2680/3
f 2805/2680/3 2836/2711/3 2837/2712/3 2806/2681/3
f 2806/2681/3 2837/2712/3 2838/2713/3 2807/2682/3
f 2807/2682/3 2838/2713/3 2839/2714/3 2808/2683/3
f 2808/2683/3 2839/2714/3 2840/2715/3 2809/2684/3
f 2809/2684/3 2840/2715/3 2841/2716/3 2810/2685/3
f 2810/2685/3 2841/2716/3 2842/2717/3 2811/2686/3
f 2811/2686/3 2842/2717/3 2843/2718/3 2812/2687/3
f 2812/2687/3 2843/2718/3 2844/2719/3 2813/2688/3
f 2813/2688/3 2844/2719/3 2845/2720/3 2814/2689/3
f 2814/2689/3 2845/2720/3 2846/2721/3 2815/2690/3
f 2815/2690/3 2846/2721/3 2847/2722/3 2816/2691/3
f 2816/2691/3 2847/2722/3 2848/2723/3 2817/2692/3
f 2817/2692/3 2848/2723/3 2849/2724/3 2818/2693/3
f 2818/2693/3 2849/2724/3 2850/2725/3 2819/2694/3
f 2819/2694/3 2850/2725/3 2851/2726/3 2820/2695/3
f 2820/2695/3 2851/2726/3 2852/2727/3 2821/2696/3
f 2821/2696/3 2852/2727/3 2853/2728/3 2822/2697/3
f 2822/2697/3 2853/2728/3 2854/2729/3 2823/2698/3
f 2823/2698/3 2854/2729/3 2855/2730/3 2824/2699/3
f 2824/2699/3 2855/2730/3 2856/2731/3 2825/2700/3
f 2825/2700/3 2856/2731/3 2857/2732/3 2826/2701/3
f 2826/2701/3 2857/2732/3 2858/2733/3 2827/2702/3
f 2827/2702/3 2858/2733/3 2859/2734/3 2828/2703/3
f 2828/2703/3 2859/2734/3 2860/2735/3 2829/2704/3
f 2830/2706/3 2861/2737/3 2862/2736/3 2831/2705/3
f 2831/2705/3 2862/2736/3 2863/2738/3 2832/2707/3
f 2832/2707/3 2863/2738/3 2864/2739/3 2833/2708/3
f 2833/2708/3 2864/2739/3 2865/2740/3 2834/2709/3
f 2834/2709/3 2865/2740/3 2866/2741/3 2835/2710/3
f 2835/2710/3 2866/2741/3 2867/2742/3 2836/2711/3
f 2836/2711/3 2867/2742/3 2868/2743/3 2837/2712/3
f 2837/2712/3 2868/2743/3 2869/2744/3 2838/2713/3
f 2838/2713/3 2869/2744/3 2870/2745/3 2839/2714/3
f 2839/2714/3 2870/2745/3 2871/2746/3 2840/2715/3
f 2840/2715/3 2871/2746/3 2872/2747/3 2841/2716/3
f 2841/2716/3 2872/2747/3 2873/2748/3 2842/2717/3
f 2842/2717/3 2873/2748/3 2874/2749/3 2843/2718/3
f 2843/2718/3 2874/2749/3 2875/2750/3 2844/2719/3
f 2844/2719/3 2875/2750/3 2876/2751/3 2845/2720/3
f 2845/2720/3 2876/2751/3 2877/2752/3 2846/2721/3
f 2846/2721/3 2877/2752/3 2878/2753/3 2847/2722/3
f 2847/2722/3 2878/2753/3 2879/2754/3 2848/2723/3
f 2848/2723/3 2879/2754/3 2880/2755/3 2849/2724/3
f 2849/2724/3 2880/2755/3 2881/2756/3 2850/2725/3
f 2850/2725/3 2881/2756/3 2882/2757/3 2851/2726/3
f 2851/2726/3 2882/2757/3 2883/2758/3 2852/2727/3
f 2852/2727/3 2883/2758/3 2884/2759/3 2853/2728/3
f 2853/2728/3 2884/2759/3 2885/2760/3 2854/2729/3
f 2854/2729/3 2885/2760/3 2886/2761/3 2855/2730/3
f 2855/2730/3 2886/2761/3 2887/2762/3 2856/2731/3
f 2856/2731/3 2887/2762/3 2888/2763/3 2857/2732/3
f 2857/2732/3 2888/2763/3 2889/2764/3 2858/2733/3
f 2858/2733/3 2889/2764/3 2890/2765/3 2859/2734/3
f 2859/2734/3 2890/2765/3 2891/2766/3 2860/2735/3
f 2861/2737/3 2892/2768/3 2893/2767/3 2862/2736/3
f 2862/2736/3 2893/2767/3 2894/2769/3 2863/2738/3
f 2863/2738/3 2894/2769/3 2895/2770/3 2864/2739/3
f 2864/2739/3 2895/2770/3 2896/2771/3 2865/2740/3
f 2865/2740/3 2896/2771/3 2897/2772/3 2866/2741/3
f 2866/2741/3 2897/2772/3 2898/2773/3 2867/2742/3
f 2867/2742/3 2898/2773/3 2899/2774/3 2868/2743/3
f 2868/2743/3 2899/2774/3 2900/2775/3 2869/2744/3
f 2869/2744/3 2900/2775/3 2901/2776/3 2870/2745/3
f 2870/2745/3 2901/2776/3 2902/2777/3 2871/2746/3
f 2871/2746/3 2902/2777/3 2903/2778/3 2872/2747/3
f 2872/2747/3 2903/2778/3 2904/2779/3 2873/2748/3
f 2873/2748/3 2904/2779/3 2905/2780/3 2874/2749/3
f 2874/2749/3 2905/2780/3 2906/2781/3 2875/2750/3
f 2875/2750/3 2906/2781/3 2907/2782/3 2876/2751/3
f 2876/2751/3 2907/2782/3 2908/2783/3 2877/2752/3
f 2877/2752/3 2908/2783/3 2909/2784/3 2878/2753/3
f 2878/2753/3 2909/2784/3 2910/2785/3 2879/2754/3
f 2879/2754/3 2910/2785/3 2911/2786/3 2880/2755/3
f 2880/2755/3 2911/2786/3 2912/2787/3 2881/2756/3
f 2881/2756/3 2912/2787/3 2913/2788/3 2882/2757/3
f 2882/2757/3 2913/2788/3 2914/2789/3 2883/2758/3
f 2883/2758/3 2914/2789/3 2915/2790/3 2884/2759/3
f 2884/2759/3 2915/2790/3 2916/2791/3 2885/2760/3
f 2885/2760/3 2916/2791/3 2917/2792/3 2886/2761/3
f 2886/2761/3 2917/2792/3 2918/2793/3 2887/2762/3
f 2887/2762/3 2918/2793/3 2919/2794/3 2888/2763/3
f 2888/2763/3 2919/2794/3 2920/2795/3 2889/2764/3
f 2889/2764/3 2920/2795/3 2921/2796/3 2890/2765/3
f 2890/2765/3 2921/2796/3 2922/2797/3 2891/2766/3
f 2892/2768/3 2923/2799/3 2924/2798/3 2893/2767/3
f 2893/2767/3 2924/2798/3 2925/2800/3 2894/2769/3
f 2894/2769/3 2925/2800/3 2926/2801/3 2895/2770/3
f 2895/2770/3 2926/2801/3 2927/2802/3 2896/2771/3
f 2896/2771/3 2927/2802/3 2928/2803/3 2897/2772/3
f 2897/2772/3 2928/2803/3 2929/2804/3 2898/2773/3
f 2898/2773/3 2929/2804/3 2930/2805/3 2899/2774/3
f 2899/2774/3 2930/2805/3 2931/2806/3 2900/2775/3
f 2900/2775/3 2931/2806/3 2932/2807/3 2901/2776/3
f 2901/2776/3 2932/2807/3 2933/2808/3 2902/2777/3
f 2902/2777/3 2933/2808/3 2934/2809/3 2903/2778/3
f 2903/2778/3 2934/2809/3 2935/2810/3 2904/2779/3
f 2904/2779/3 2935/2810/3 2936/2811/3 2905/2780/3
f 2905/2780/3 2936/2811/3 2937/2812/3 2906/2781/3
f 2906/2781/3 2937/2812/3 2938/2813/3 2907/2782/3
f 2907/2782/3 2938/2813/3 2939/2814/3 2908/2783/3
f 2908/2783/3 2939/2814/3 2940/2815/3 2909/2784/3
f 2909/2784/3 2940/2815/3 2941/2816/3 2910/2785/3
f 2910/2785/3 2941/2816/3 2942/2817/3 2911/2786/3
f 2911/2786/3 2942/2817/3 2943/2818/3 2912/2787/3
f 2912/2787/3 2943/2818/3 2944/2819/3 2913/2788/3
f 2913/2788/3 2944/2819/3 2945/2820/3 2914/2789/3
f 2914/2789/3 2945/2820/3 2946/2821/3 2915/2790/3
f 2915/2790/3 2946/2821/3 2947/2822/3 2916/2791/3
f 2916/2791/3 2947/2822/3 2948/2823/3 2917/2792/3
f 2917/2792/3 2948/2823/3 2949/2824/3 2918/2793/3
f 2918/2793/3 2949/2824/3 2950/2825/3 2919/2794/3
f 2919/2794/3 2950/2825/3 2951/2826/3 2920/2795/3
f 2920/2795/3 2951/2826/3 2952/2827/3 2921/2796/3
f 2921/2796/3 2952/2827/3 2953/2828/3 2922/2797/3
f 2923/2799/3 2954/2830/3 2955/2829/3 2924/2798/3
f 2924/2798/3 2955/2829/3 2956/2831/3 2925/2800/3
f 2925/2800/3 2956/2831/3 2957/2832/3 2926/2801/3
f 2926/2801/3 2957/2832/3 2958/2833/3 2927/2802/3
f 2927/2802/3 2958/2833/3 2959/2834/3 2928/2803/3
f 2928/2803/3 2959/2834/3 2960/2835/3 2929/2804/3
f 2929/2804/3 2960/2835/3 2961/2836/3 2930/2805/3
f 2930/2805/3 2961/2836/3 2962/2837/3 2931/2806/3
f 2931/2806/3 2962/2837/3 2963/2838/3 2932/2807/3
f 2932/2807/3 2963/2838/3 2964/2839/3 2933/2808/3
f 2933/2808/3 2964/2839/3 2965/2840/3 2934/2809/3
f 2934/2809/3 2965/2840/3 2966/2841/3 2935/2810/3
f 2935/2810/3 2966/2841/3 2967/2842/3 2936/2811/3
f 2936/2811/3 2967/2842/3 2968/2843/3 2937/2812/3
f 2937/2812/3 2968/2843/3 2969/2844/3 2938/2813/3
f 2938/2813/3 2969/2844/3 2970/2845/3 2939/2814/3
f 2939/2814/3 2970/2845/3 2971/2846/3 2940/2815/3
f 2940/2815/3 2971/2846/3 2972/2847/3 2941/2816/3
f 2941/2816/3 2972/2847/3 2973/2848/3 2942/2817/3
f 2942/2817/3 2973/2848/3 2974/2849/3 2943/2818/3
f 2943/2818/3 2974/2849/3 2975/2850/3 2944/2819/3
f 2944/2819/3 2975/2850/3 2976/2851/3 2945/2820/3
f 2945/2820/3 2976/2851/3 2977/2852/3 2946/2821/3
f 2946/2821/3 2977/2852/3 2978/2853/3 2947/2822/3
f 2947/2822/3 2978/2853/3 2979/2854/3 2948/2823/3
f 2948/2823/3 2979/2854/3 2980/2855/3 2949/2824/3
f 2949/2824/3 2980/2855/3 2981/2856/3 2950/2825/3
f 2950/2825/3 2981/2856/3 2982/2857/3 2951/2826/3
f 2951/2826/3 2982/2857/3 2983/2858/3 2952/2827/3
f 2952/2827/3 2983/2858/3 2984/2859/3 2953/2828/3
f 2954/2830/3 2985/2861/3 2986/2860/3 2955/2829/3
f 2955/2829/3 2986/2860/3 2987/2862/3 2956/2831/3
f 2956/2831/3 2987/2862/3 2988/2863/3 2957/2832/3
f 2957/2832/3 2988/2863/3 2989/2864/3 2958/2833/3
f 2958/2833/3 2989/2864/3 2990/2865/3 2959/2834/3
f 2959/2834/3 2990/2865/3 2991/2866/3 2960/2835/3
f 2960/2835/3 2991/2866/3 2992/2867/3 2961/2836/3
f 2961/2836/3 2992/2867/3 2993/2868/3 2962/2837/3
f 2962/2837/3 2993/2868/3 2994/2869/3 2963/2838/3
f 2963/2838/3 2994/2869/3 2995/2870/3 2964/2839/3
f 2964/2839/3 2995/2870/3 2996/2871/3 2965/2840/3
f 2965/2840/3 2996/2871/3 2997/2872/3 2966/2841/3
f 2966/2841/3 2997/2872/3 2998/2873/3 2967/2842/3
f 2967/2842/3 2998/2873/3 2999/2874/3 2968/2843/3
f 2968/2843/3 2999/2874/3 3000/2875/3 2969/2844/3
f 2969/2844/3 3000/2875/3 3001/2876/3 2970/2845/3
f 2970/2845/3 3001/2876/3 3002/2877/3 2971/2846/3
f 2971/2846/3 3002/2877/3 3003/2878/3 2972/2847/3
f 2972/2847/3 3003/2878/3 3004/2879/3 2973/2848/3
f 2973/2848/3 3004/2879/3 3005/2880/3 2974/2849/3
f 2974/2849/3 3005/2880/3 3006/2881/3 2975/2850/3
f 2975/2850/3 3006/2881/3 3007/2882/3 2976/2851/3
f 2976/2851/3 3007/2882/3 3008/2883/3 2977/2852/3
f 2977/2852/3 3008/2883/3 3009/2884/3 2978/2853/3
f 2978/2853/3 3009/2884/3 3010/2885/3 2979/2854/3
f 2979/2854/3 3010/2885/3 3011/2886/3 2980/2855/3
f 2980/2855/3 3011/2886/3 3012/2887/3 2981/2856/3
f 2981/2856/3 3012/2887/3 3013/2888/3 2982/2857/3
f 2982/2857/3 3013/2888/3 3014/2889/3 2983/2858/3
f 2983/2858/3 3014/2889/3 3015/2890/3 2984/2859/3
f 2985/2861/3 3016/2892/3 3017/2891/3 2986/2860/3
f 2986/2860/3 3017/2891/3 3018/2893/3 2987/2862/3
f 2987/2862/3 3018/2893/3 3019/2894/3 2988/2863/3
f 2988/2863/3 3019/2894/3 3020/2895/3 2989/2864/3
f 2989/2864/3 3020/2895/3 3021/2896/3 2990/2865/3
f 2990/2865/3 3021/2896/3 3022/2897/3 2991/2866/3
f 2991/2866/3 3022/2897/3 3023/2898/3 2992/2867/3
f 2992/2867/3 3023/2898/3 3024/2899/3 2993/2868/3
f 2993/2868/3 3024/2899/3 3025/2900/3 2994/2869/3
f 2994/2869/3 3025/2900/3 3026/2901/3 2995/2870/3
f 2995/2870/3 3026/2901/3 3027/2902/3 2996/2871/3
f 2996/2871/3 3027/2902/3 3028/2903/3 2997/2872/3
f 2997/2872/3 3028/2903/3 3029/2904/3 2998/2873/3
f 2998/2873/3 3029/2904/3 3030/2905/3 2999/2874/3
f 2999/2874/3 3030/2905/3 3031/2906/3 3000/2875/3
f 3000/2875/3 3031/2906/3 3032/2907/3 3001/2876/3
f 3001/2876/3 3032/2907/3 3033/2908/3 3002/2877/3
f 3002/2877/3 3033/2908/3 3034/2909/3 3003/2878/3
f 3003/2878/3 3034/2909/3 3035/2910/3 3004/2879/3
f 3004/2879/3 3035/2910/3 3036/2911/3 3005/2880/3
f 3005/2880/3 3036/2911/3 3037/2912/3 3006/2881/3
f 3006/2881/3 3037/2912/3 3038/2913/3 3007/2882/3
f 3007/2882/3 3038/2913/3 3039/2914/3 3008/2883/3
f 3008/2883/3 3039/2914/3 3040/2915/3 3009/2884/3
f 3009/2884/3 3040/2915/3 3041/2916/3 3010/2885/3
f 3010/2885/3 3041/2916/3 3042/2917/3 3011/2886/3
f 3011/2886/3 3042/2917/3 3043/2918/3 3012/2887/3
f 3012/2887/3 3043/2918/3 3044/2919/3 3013/2888/3
f 3013/2888/3 3044/2919/3 3045/2920/3 3014/2889/3
f 3014/2889/3 3045/2920/3 3046/2921/3 3015/2890/3
f 3016/2892/3 3047/2923/3 3048/2922/3 3017/2891/3
f 3017/2891/3 3048/2922/3 3049/2924/3 3018/2893/3
f 3018/2893/3 3049/2924/3 3050/2925/3 3019/2894/3
f 3019/2894/3 3050/2925/3 3051/2926/3 3020/2895/3
f 3020/2895/3 3051/2926/3 3052/2927/3 3021/2896/3
f 3021/2896/3 3052/2927/3 3053/2928/3 3022/2897/3
f 3022/2897/3 3053/2928/3 3054/2929/3 3023/2898/3
f 3023/2898/3 3054/2929/3 3055/2930/3 3024/2899/3
f 3024/2899/3 3055/2930/3 3056/2931/3 3025/2900/3
f 3025/2900/3 3056/2931/3 3057/2932/3 3026/2901/3
f 3026/2901/3 3057/2932/3 3058/2933/3 3027/2902/3
f 3027/2902/3 3058/2933/3 3059/2934/3 3028/2903/3
f 3028/2903/3 3059/2934/3 3060/2935/3 3029/2904/3
f 3029/2904/3 3060/2935/3 3061/2936/3 3030/2905/3
f 3030/2905/3 3061/2936/3 3062/2937/3 3031/2906/3
f 3031/2906/3 3062/2937/3 3063/2938/3 3032/2907/3
f 3032/2907/3 3063/2938/3 3064/2939/3 3033/2908/3
f 3033/2908/3 3064/2939/3 3065/2940/3 3034/2909/3
f 3034/2909/3 3065/2940/3 3066/2941/3 3035/2910/3
f 3035/2910/3 3066/2941/3 3067/2942/3 3036/2911/3
f 3036/2911/3 3067/2942/3 3068/2943/3 3037/2912/3
f 3037/2912/3 3068/2943/3 3069/2944/3 3038/2913/3
f 3038/2913/3 3069/2944/3 3070/2945/3 3039/2914/3
f 3039/2914/3 3070/2945/3 3071/2946/3 3040/2915/3
f 3040/2915/3 3071/2946/3 3072/2947/3 3041/2916/3
f 3041/2916/3 3072/2947/3 3073/2948/3 3042/2917/3
f 3042/2917/3 3073/2948/3 3074/2949/3 3043/2918/3
f 3043/2918/3 3074/2949/3 3075/2950/3 3044/2919/3
f 3044/2919/3 3075/2950/3 3076/2951/3 3045/2920/3
f 3045/2920/3 3076/2951/3 3077/2952/3 3046/2921/3
f 3047/2923/3 3078/2954/3 3079/2953/3 3048/2922/3
f 3048/2922/3 3079/2953/3 3080/2955/3 3049/2924/3
f 3049/2924/3 3080/2955/3 3081/2956/3 3050/2925/3
f 3050/2925/3 3081/2956/3 3082/2957/3 3051/2926/3
f 3051/2926/3 3082/2957/3 3083/2958/3 3052/2927/3
f 3052/2927/3 3083/2958/3 3084/2959/3 3053/2928/3
f 3053/2928/3 3084/2959/3 3085/2960/3 3054/2929/3
f 3054/2929/3 3085/2960/3 3086/2961/3 3055/2930/3
f 3055/2930/3 3086/2961/3 3087/2962/3 3056/2931/3
f 3056/2931/3 3087/2962/3 3088/2963/3 3057/2932/3
f 3057/2932/3 3088/2963/3 3089/2964/3 3058/2933/3
f 3058/2933/3 3089/2964/3 3090/2965/3 3059/2934/3
f 3059/2934/3 3090/2965/3 3091/2966/3 3060/2935/3
f 3060/2935/3 3091/2966/3 3092/2967/3 3061/2936/3
f 3061/2936/3 3092/2967/3 3093/2968/3 3062/2937/3
f 3062/2937/3 3093/2968/3 3094/2969/3 3063/2938/3
f 3063/2938/3 3094/2969/3 3095/2970/3 3064/2939/3
f 3064/2939/3 3095/2970/3 3096/2971/3 3065/2940/3
f 3065/2940/3 3096/2971/3 3097/2972/3 3066/2941/3
f 3066/2941/3 3097/2972/3 3098/2973/3 3067/2942/3
f 3067/2942/3 3098/2973/3 3099/2974/3 3068/2943/3
f 3068/2943/3 3099/2974/3 3100/2975/3 3069/2944/3
f 3069/2944/3 3100/2975/3 3101/2976/3 3070/2945/3
f 3070/2945/3 3101/2976/3 3102/2977/3 3071/2946/3
f 3071/2946/3 3102/2977/3 3103/2978/3 3072/2947/3
f 3072/2947/3 3103/2978/3 3104/2979/3 3073/2948/3
f 3073/2948/3 3104/2979/3 3105/2980/3 3074/2949/3
f 3074/2949/3 3105/2980/3 3106/2981/3 3075/2950/3
f 3075/2950/3 3106/2981/3 3107/2982/3 3076/2951/3
f 3076/2951/3 3107/2982/3 3108/2983/3 3077/2952/3
f 3078/2954/3 3109/2985/3 3110/2984/3 3079/2953/3
f 3079/2953/3 3110/2984/3 3111/2986/3 3080/2955/3
f 3080/2955/3 3111/2986/3 3112/2987/3 3081/2956/3
f 3081/2956/3 3112/2987/3 3113/2988/3 3082/2957/3
f 3082/2957/3 3113/2988/3 3114/2989/3 3083/2958/3
f 3083/2958/3 3114/2989/3 3115/2990/3 3084/2959/3
f 3084/2959/3 3115/2990/3 3116/2991/3 3085/2960/3
f 3085/2960/3 3116/2991/3 3117/2992/3 3086/2961/3
f 3086/2961/3 3117/2992/3 3118/2993/3 3087/2962/3
f 3087/2962/3 3118/2993/3 3119/2994/3 3088/2963/3
f 3088/2963/3 3119/2994/3 3120/2995/3 3089/2964/3
f 3089/2964/3 3120/2995/3 3121/2996/3 3090/2965/3
f 3090/2965/3 3121/2996/3 3122/2997/3 3091/2966/3
f 3091/2966/3 3122/2997/3 3123/2998/3 3092/2967/3
f 3092/2967/3 3123/2998/3 3124/2999/3 3093/2968/3
f 3093/2968/3 3124/2999/3 3125/3000/3 3094/2969/3
f 3094/2969/3 3125/3000/3 3126/3001/3 3095/2970/3
f 3095/2970/3 3126/3001/3 3127/3002/3 3096/2971/3
f 3096/2971/3 3127/3002/3 3128/3003/3 3097/2972/3
f 3097/2972/3 3128/3003/3 3129/3004/3 3098/2973/3
f 3098/2973/3 3129/3004/3 3130/3005/3 3099/2974/3
f 3099/2974/3 3130/3005/3 3131/3006/3 3100/2975/3
f 3100/2975/3 3131/3006/3 3132/3007/3 3101/2976/3
f 3101/2976/3 3132/3007/3 3133/3008/3 3102/2977/3
f 3102/2977/3 3133/3008/3 3134/3009/3 3103/2978/3
f 3103/2978/3 3134/3009/3 3135/3010/3 3104/2979/3
f 3104/2979/3 3135/3010/3 3136/3011/3 3105/2980/3
f 3105/2980/3 3136/3011/3 3137/3012/3 3106/2981/3
f 3106/2981/3 3137/3012/3 3138/3013/3 3107/2982/3
f 3107/2982/3 3138/3013/3 3139/3014/3 3108/2983/3
f 3109/2985/3 3140/3016/3 3141/3015/3 3110/2984/3
f 3110/2984/3 3141/3015/3 3142/3017/3 3111/2986/3
f 3111/2986/3 3142/3017/3 3143/3018/3 3112/2987/3
f 3112/2987/3 3143/3018/3 3144/3019/3 3113/2988/3
f 3113/2988/3 3144/3019/3 3145/3020/3 3114/2989/3
f 3114/2989/3 3145/3020/3 3146/3021/3 3115/2990/3
f 3115/2990/3 3146/3021/3 3147/3022/3 3116/2991/3
f 3116/2991/3 3147/3022/3 3148/3023/3 3117/2992/3
f 3117/2992/3 3148/3023/3 3149/3024/3 3118/2993/3
f 3118/2993/3 3149/3024/3 3150/3025/3 3119/2994/3
f 3119/2994/3 3150/3025/3 3151/3026/3 3120/2995/3
f 3120/2995/3 3151/3026/3 3152/3027/3 3121/2996/3
f 3121/2996/3 3152/3027/3 3153/3028/3 3122/2997/3
f 3122/2997/3 3153/3028/3 3154/3029/3 3123/2998/3
f 3123/2998/3 3154/3029/3 3155/3030/3 3124/2999/3
f 3124/2999/3 3155/3030/3 3156/3031/3 3125/3000/3
f 3125/3000/3 3156/3031/3 3157/3032/3 3126/3001/3
f 3126/3001/3 3157/3032/3 3158/3033/3 3127/3002/3
f 3127/3002/3 3158/3033/3 3159/3034/3 3128/3003/3
f 3128/3003/3 3159/3034/3 3160/3035/3 3129/3004/3
f 3129/3004/3 3160/3035/3 3161/3036/3 3130/3005/3
f 3130/3005/3 3161/3036/3 3162/3037/3 3131/3006/3
f 3131/3006/3 3162/3037/3 3163/3038/3 3132/3007/3
f 3132/3007/3 3163/3038/3 3164/3039/3 3133/3008/3
f 3133/3008/3 3164/3039/3 3165/3040/3 3134/3009/3
f 3134/3009/3 3165/3040/3 3166/3041/3 3135/3010/3
f 3135/3010/3 3166/3041/3 3167/3042/3 3136/3011/3
f 3136/3011/3 3167/3042/3 3168/3043/3 3137/3012/3
f 3137/3012/3 3168/3043/3 3169/3044/3 3138/3013/3
f 3138/3013/3 3169/3044/3 3170/3045/3 3139/3014/3
f 3140/3016/3 3171/3047/3 3172/3046/3 3141/3015/3
f 3141/3015/3 3172/3046/3 3173/3048/3 3142/3017/3
f 3142/3017/3 3173/3048/3 3174/3049/3 3143/3018/3
f 3143/3018/3 3174/3049/3 3175/3050/3 3144/3019/3
f 3144/3019/3 3175/3050/3 3176/3051/3 3145/3020/3
f 3145/3020/3 3176/3051/3 3177/3052/3 3146/3021/3
f 3146/3021/3 3177/3052/3 3178/3053/3 3147/3022/3
f 3147/3022/3 3178/3053/3 3179/3054/3 3148/3023/3
f 3148/3023/3 3179/3054/3 3180/3055/3 3149/3024/3
f 3149/3024/3 3180/3055/3 3181/3056/3 3150/3025/3
f 3150/3025/3 3181/3056/3 3182/3057/3 3151/3026/3
f 3151/3026/3 3182/3057/3 3183/3058/3 3152/3027/3
f 3152/3027/3 3183/3058/3 3184/3059/3 3153/3028/3
f 3153/3028/3 3184/3059/3 3185/3060/3 3154/3029/3
f 3154/3029/3 3185/3060/3 3186/3061/3 3155/3030/3
f 3155/3030/3 3186/3061/3 3187/3062/3 3156/3031/3
f 3156/3031/3 3187/3062/3 3188/3063/3 3157/3032/3
f 3157/3032/3 3188/3063/3 3189/3064/3 3158/3033/3
f 3158/3033/3 3189/3064/3 3190/3065/3 3159/3034/3
f 3159/3034/3 3190/3065/3 3191/3066/3 3160/3035/3
f 3160/3035/3 3191/3066/3 3192/3067/3 3161/3036/3
f 3161/3036/3 3192/3067/3 3193/3068/3 3162/3037/3
f 3162/3037/3 3193/3068/3 3194/3069/3 3163/3038/3
f 3163/3038/3 3194/3069/3 3195/3070/3 3164/3039/3
f 3164/3039/3 3195/3070/3 3196/3071/3 3165/3040/3
f 3165/3040/3 3196/3071/3 3197/3072/3 3166/3041/3
f 3166/3041/3 3197/3072/3 3198/3073/3 3167/3042/3
f 3167/3042/3 3198/3073/3 3199/3074/3 3168/3043/3
f 3168/3043/3 3199/3074/3 3200/3075/3 3169/3044/3
f 3169/3044/3 3200/3075/3 3201/3076/3 3170/3045/3
f 3171/3047/3 3202/3078/3 3203/3077/3 3172/3046/3
f 3172/3046/3 3203/3077/3 3204/3079/3 3173/3048/3
f 3173/3048/3 3204/3079/3 3205/3080/3 3174/3049/3
f 3174/3049/3 3205/3080/3 3206/3081/3 3175/3050/3
f 3175/3050/3 3206/3081/3 3207/3082/3 3176/3051/3
f 3176/3051/3 3207/3082/3 3208/3083/3 3177/3052/3
f 3177/3052/3 3208/3083/3 3209/3084/3 3178/3053/3
f 3178/3053/3 3209/3084/3 3210/3085/3 3179/3054/3
f 3179/3054/3 3210/3085/3 3211/3086/3 3180/3055/3
f 3180/3055/3 3211/3086/3 3212/3087/3 3181/3056/3
f 3181/3056/3 3212/3087/3 3213/3088/3 3182/3057/3
f 3182/3057/3 3213/3088/3 3214/3089/3 3183/3058/3
f 3183/3058/3 3214/3089/3 3215/3090/3 3184/3059/3
f 3184/3059/3 3215/3090/3 3216/3091/3 3185/3060/3
f 3185/3060/3 3216/3091/3 3217/3092/3 3186/3061/3
f 3186/3061/3 3217/3092/3 3218/3093/3 3187/3062/3
f 3187/3062/3 3218/3093/3 3219/3094/3 3188/3063/3
f 3188/3063/3 3219/3094/3 3220/3095/3 3189/3064/3
f 3189/3064/3 3220/3095/3 3221/3096/3 3190/3065/3
f 3190/3065/3 3221/3096/3 3222/3097/3 3191/3066/3
f 3191/3066/3 3222/3097/3 3223/3098/3 3192/3067/3
f 3192/3067/3 3223/3098/3 3224/3099/3 3193/3068/3
f 3193/3068/3 3224/3099/3 3225/3100/3 3194/3069/3
f 3194/3069/3 3225/3100/3 3226/3101/3 3195/3070/3
f 3195/3070/3 3226/3101/3 3227/3102/3 3196/3071/3
f 3196/3071/3 3227/3102/3 3228/3103/3 3197/3072/3
f 3197/3072/3 3228/3103/3 3229/3104/3 3198/3073/3
f 3198/3073/3 3229/3104/3 3230/3105/3 3199/3074/3
f 3199/3074/3 3230/3105/3 3231/3106/3 3200/3075/3
f 3200/3075/3 3231/3106/3 3232/3107/3 3201/3076/3
f 3202/3078/3 3233/3109/3 3234/3108/3 3203/3077/3
f 3203/3077/3 3234/3108/3 3235/3110/3 3204/3079/3
f 3204/3079/3 3235/3110/3 3236/3111/3 3205/3080/3
f 3205/3080/3 3236/3111/3 3237/3112/3 3206/3081/3
f 3206/3081/3 3237/3112/3 3238/3113/3 3207/3082/3
f 3207/3082/3 3238/3113/3 3239/3114/3 3208/3083/3
f 3208/3083/3 3239/3114/3 3240/3115/3 3209/3084/3
f 3209/3084/3 3240/3115/3 3241/3116/3 3210/3085/3
f 3210/3085/3 3241/3116/3 3242/3117/3 3211/3086/3
f 3211/3086/3 3242/3117/3 3243/3118/3 3212/3087/3
f 3212/3087/3 3243/3118/3 3244/3119/3 3213/3088/3
f 3213/3088/3 3244/3119/3 3245/3120/3 3214/3089/3
f 3214/3089/3 3245/3120/3 3246/3121/3 3215/3090/3
f 3215/3090/3 3246/3121/3 3247/3122/3 3216/3091/3
f 3216/3091/3 3247/3122/3 3248/3123/3 3217/3092/3
f 3217/3092/3 3248/3123/3 3249/3124/3 3218/3093/3
f 3218/3093/3 3249/3124/3 3250/3125/3 3219/3094/3
f 3219/3094/3 3250/3125/3 3251/3126/3 3220/3095/3
f 3220/3095/3 3251/3126/3 3252/3127/3 3221/3096/3
f 3221/3096/3 3252/3127/3 3253/3128/3 3222/3097/3
f 3222/3097/3 3253/3128/3 3254/3129/3 3223/3098/3
f 3223/3098/3 3254/3129/3 3255/3130/3 3224/3099/3
f 3224/3099/3 3255/3130/3 3256/3131/3 3225/3100/3
f 3225/3100/3 3256/3131/3 3257/3132/3 3226/3101/3
f 3226/3101/3 3257/3132/3 3258/3133/3 3227/3102/3
f 3227/3102/3 3258/3133/3 3259/3134/3 3228/3103/3
f 3228/3103/3 3259/3134/3 3260/3135/3 3229/3104/3
f 3229/3104/3 3260/3135/3 3261/3136/3 3230/3105/3
f 3230/3105/3 3261/3136/3 3262/3137/3 3231/3106/3
f 3231/3106/3 3262/3137/3 3263/3138/3 3232/3107/3
f 8/3139/3 39/3141/3 2303/2178/3 102/3140/3
f 102/3140/3 2303/2178/3 2304/2179/3 103/3142/3
f 103/3142/3 2304/2179/3 2305/2182/3 104/3143/3
f 104/3143/3 2305/2182/3 2306/2184/3 105/3144/3
f 105/3144/3 2306/2184/3 2307/2186/3 106/3145/3
f 106/3145/3 2307/2186/3 2308/2188/3 107/3146/3
f 107/3146/3 2308/2188/3 2309/2190/3 108/3147/3
f 108/3147/3 2309/2190/3 2310/2192/3 109/3148/3
f 109/3148/3 2310/2192/3 2311/2194/3 110/3149/3
f 110/3149/3 2311/2194/3 2312/2196/3 111/3150/3
f 111/3150/3 2312/2196/3 2313/2198/3 112/3151/3
f 112/3151/3 2313/2198/3 2314/2200/3 113/3152/3
f 113/3152/3 2314/2200/3 2315/2202/3 114/3153/3
f 114/3153/3 2315/2202/3 2316/2204/3 115/3154/3
f 115/3154/3 2316/2204/3 2317/2206/3 116/3155/3
f 116/3155/3 2317/2206/3 2318/2208/3 117/3156/3
f 117/3156/3 2318/2208/3 2319/2210/3 118/3157/3
f 118/3157/3 2319/2210/3 2320/2212/3 119/3158/3
f 119/3158/3 2320/2212/3 2321/2214/3 120/3159/3
f 120/3159/3 2321/2214/3 2322/2216/3 121/3160/3
f 121/3160/3 2322/2216/3 2323/2218/3 122/3161/3
f 122/3161/3 2323/2218/3 2324/2220/3 123/3162/3
f 123/3162/3 2324/2220/3 2325/2222/3 124/3163/3
f 124/3163/3 2325/2222/3 2326/2224/3 125/3164/3
f 125/3164/3 2326/2224/3 2327/2226/3 126/3165/3
f 126/3165/3 2327/2226/3 2328/2228/3 127/3166/3
f 127/3166/3 2328/2228/3 2329/2230/3 128/3167/3
f 128/3167/3 2329/2230/3 2330/2232/3 129/3168/3
f 129/3168/3 2330/2232/3 2331/2234/3 130/3169/3
f 130/3169/3 2331/2234/3 2332/2236/3 131/3170/3
f 131/3170/3 2332/2236/3 2333/2238/3 132/3171/3
f 132/3171/3 2333/2238/3 288/3173/3 7/3172/3
f 2333/2238/3 2364/2239/3 289/3174/3 288/3173/3
f 2364/2239/3 2395/2270/3 290/3175/3 289/3174/3
f 2395/2270/3 2426/2301/3 291/3176/3 290/3175/3
f 2426/2301/3 2457/2332/3 292/3177/3 291/3176/3
f 2457/2332/3 2488/2363/3 293/3178/3 292/3177/3
f 2488/2363/3 2519/2394/3 294/3179/3 293/3178/3
f 2519/2394/3 2550/2425/3 295/3180/3 294/3179/3
f 2550/2425/3 2581/2456/3 296/3181/3 295/3180/3
f 2581/2456/3 2612/2487/3 297/3182/3 296/3181/3
f 2612/2487/3 2643/2518/3 298/3183/3 297/3182/3
f 2643/2518/3 2674/2549/3 299/3184/3 298/3183/3
f 2674/2549/3 2705/2580/3 300/3185/3 299/3184/3
f 2705/2580/3 2736/2611/3 301/3186/3 300/3185/3
f 2736/2611/3 2767/2642/3 302/3187/3 301/3186/3
f 2767/2642/3 2798/2673/3 303/3188/3 302/3187/3
f 2798/2673/3 2829/2704/3 304/3189/3 303/3188/3
f 2829/2704/3 2860/2735/3 305/3190/3 304/3189/3
f 2860/2735/3 2891/2766/3 306/3191/3 305/3190/3
f 2891/2766/3 2922/2797/3 307/3192/3 306/3191/3
f 2922/2797/3 2953/2828/3 308/3193/3 307/3192/3
f 2953/2828/3 2984/2859/3 309/3194/3 308/3193/3
f 2984/2859/3 3015/2890/3 310/3195/3 309/3194/3
f 3015/2890/3 3046/2921/3 311/3196/3 310/3195/3
f 3046/2921/3 3077/2952/3 312/3197/3 311/3196/3
f 3077/2952/3 3108/2983/3 313/3198/3 312/3197/3
f 3108/2983/3 3139/3014/3 314/3199/3 313/3198/3
f 3139/3014/3 3170/3045/3 315/3200/3 314/3199/3
f 3170/3045/3 3201/3076/3 316/3201/3 315/3200/3
f 3201/3076/3 3232/3107/3 317/3202/3 316/3201/3
f 3232/3107/3 3263/3138/3 318/3203/3 317/3202/3
f 3263/3138/3 164/3205/3 5/3204/3 318/3203/3
f 3262/3137/3 165/3206/3 164/3205/3 3263/3138/3
f 3261/3136/3 166/3207/3 165/3206/3 3262/3137/3
f 3260/3135/3 167/3208/3 166/3207/3 3261/3136/3
f 3259/3134/3 168/3209/3 167/3208/3 3260/3135/3
f 3258/3133/3 169/3210/3 168/3209/3 3259/3134/3
f 3257/3132/3 170/3211/3 169/3210/3 3258/3133/3
f 3256/3131/3 171/3212/3 170/3211/3 3257/3132/3
f 3255/3130/3 172/3213/3 171/3212/3 3256/3131/3
f 3254/3129/3 173/3214/3 172/3213/3 3255/3130/3
f 3253/3128/3 174/3215/3 173/3214/3 3254/3129/3
f 3252/3127/3 175/3216/3 174/3215/3 3253/3128/3
f 3251/3126/3 176/3217/3 175/3216/3 3252/3127/3
f 3250/3125/3 177/3218/3 176/3217/3 3251/3126/3
f 3249/3124/3 178/3219/3 177/3218/3 3250/3125/3
f 3248/3123/3 179/3220/3 178/3219/3 3249/3124/3
f 3247/3122/3 180/3221/3 179/3220/3 3248/3123/3
f 3246/3121/3 181/3222/3 180/3221/3 3247/3122/3
f 3245/3120/3 182/3223/3 181/3222/3 3246/3121/3
f 3244/3119/3 183/3224/3 182/3223/3 3245/3120/3
f 3243/3118/3 184/3225/3 183/3224/3 3244/3119/3
f 3242/3117/3 185/3226/3 184/3225/3 3243/3118/3
f 3241/3116/3 186/3227/3 185/3226/3 3242/3117/3
f 3240/3115/3 187/3228/3 186/3227/3 3241/3116/3
f 3239/3114/3 188/3229/3 187/3228/3 3240/3115/3
f 3238/3113/3 189/3230/3 188/3229/3 3239/3114/3
f 3237/3112/3 190/3231/3 189/3230/3 3238/3113/3
f 3236/3111/3 191/3232/3 190/3231/3 3237/3112/3
f 3235/3110/3 192/3233/3 191/3232/3 3236/3111/3
f 3234/3108/3 193/3234/3 192/3233/3 3235/3110/3
f 3233/3109/3 194/3235/3 193/3234/3 3234/3108/3
f 9/3236/3 6/3237/3 194/3235/3 3233/3109/3
f 10/3238/3 9/3236/3 3233/3109/3 3202/3078/3
f 11/3239/3 10/3238/3 3202/3078/3 3171/3047/3
f 12/3240/3 11/3239/3 3171/3047/3 3140/3016/3
f 13/3241/3 12/3240/3 3140/3016/3 3109/2985/3
f 14/3242/3 13/3241/3 3109/2985/3 3078/2954/3
f 15/3243/3 14/3242/3 3078/2954/3 3047/2923/3
f 16/3244/3 15/3243/3 3047/2923/3 3016/2892/3
f 17/3245/3 16/3244/3 3016/2892/3 2985/2861/3
f 18/3246/3 17/3245/3 2985/2861/3 2954/2830/3
f 19/3247/3 18/3246/3 2954/2830/3 2923/2799/3
f 20/3248/3 19/3247/3 2923/2799/3 2892/2768/3
f 21/3249/3 20/3248/3 2892/2768/3 2861/2737/3
f 22/3250/3 21/3249/3 2861/2737/3 2830/2706/3
f 23/3251/3 22/3250/3 2830/2706/3 2799/2675/3
f 24/3252/3 23/3251/3 2799/2675/3 2768/2644/3
f 25/3253/3 24/3252/3 2768/2644/3 2737/2613/3
f 26/3254/3 25/3253/3 2737/2613/3 2706/2582/3
f 27/3255/3 26/3254/3 2706/2582/3 2675/2551/3
f 28/3256/3 27/3255/3 2675/2551/3 2644/2520/3
f 29/3257/3 28/3256/3 2644/2520/3 2613/2489/3
f 30/3258/3 29/3257/3 2613/2489/3 2582/2458/3
f 31/3259/3 30/3258/3 2582/2458/3 2551/2427/3
f 32/3260/3 31/3259/3 2551/2427/3 2520/2396/3
f 33/3261/3 32/3260/3 2520/2396/3 2489/2365/3
f 34/3262/3 33/3261/3 2489/2365/3 2458/2334/3
f 35/3263/3 34/3262/3 2458/2334/3 2427/2303/3
f 36/3264/3 35/3263/3 2427/2303/3 2396/2272/3
f 37/3265/3 36/3264/3 2396/2272/3 2365/2241/3
f 38/3266/3 37/3265/3 2365/2241/3 2334/2181/3
f 39/3141/3 38/3266/3 2334/2181/3 2303/2178/3
f 3264/3267/4 3295/3270/4 3296/3269/4 3265/3268/4
f 3265/3268/4 3296/3269/4 3297/3272/4 3266/3271/4
f 3266/3271/4 3297/3272/4 3298/3274/4 3267/3273/4
f 3267/3273/4 3298/3274/4 3299/3276/4 3268/3275/4
f 3268/3275/4 3299/3276/4 3300/3278/4 3269/3277/4
f 3269/3277/4 3300/3278/4 3301/3280/4 3270/3279/4
f 3270/3279/4 3301/3280/4 3302/3282/4 3271/3281/4
f 3271/3281/4 3302/3282/4 3303/3284/4 3272/3283/4
f 3272/3283/4 3303/3284/4 3304/3286/4 3273/3285/4
f 3273/3285/4 3304/3286/4 3305/3288/4 3274/3287/4
f 3274/3287/4 3305/3288/4 3306/3290/4 3275/3289/4
f 3275/3289/4 3306/3290/4 3307/3292/4 3276/3291/4
f 3276/3291/4 3307/3292/4 3308/3294/4 3277/3293/4
f 3277/3293/4 3308/3294/4 3309/3296/4 3278/3295/4
f 3278/3295/4 3309/3296/4 3310/3298/4 3279/3297/4
f 3279/3297/4 3310/3298/4 3311/3300/4 3280/3299/4
f 3280/3299/4 3311/3300/4 3312/3302/4 3281/3301/4
f 3281/3301/4 3312/3302/4 3313/3304/4 3282/3303/4
f 3282/3303/4 3313/3304/4 3314/3306/4 3283/3305/4
f 3283/3305/4 3314/3306/4 3315/3308/4 3284/3307/4
f 3284/3307/4 3315/3308/4 3316/3310/4 3285/3309/4
f 3285/3309/4 3316/3310/4 3317/3312/4 3286/3311/4
f 3286/3311/4 3317/3312/4 3318/3314/4 3287/3313/4
f 3287/3313/4 3318/3314/4 3319/3316/4 3288/3315/4
f 3288/3315/4 3319/3316/4 3320/3318/4 3289/3317/4
f 3289/3317/4 3320/3318/4 3321/3320/4 3290/3319/4
f 3290/3319/4 3321/3320/4 3322/3322/4 3291/3321/4
f 3291/3321/4 3322/3322/4 3323/3324/4 3292/3323/4
f 3292/3323/4 3323/3324/4 3324/3326/4 3293/3325/4
f 3293/3325/4 3324/3326/4 3325/3328/4 3294/3327/4
f 3295/3270/4 3326/3330/4 3327/3329/4 3296/3269/4
f 3296/3269/4 3327/3329/4 3328/3331/4 3297/3272/4
f 3297/3272/4 3328/3331/4 3329/3332/4 3298/3274/4
f 3298/3274/4 3329/3332/4 3330/3333/4 3299/3276/4
f 3299/3276/4 3330/3333/4 3331/3334/4 3300/3278/4
f 3300/3278/4 3331/3334/4 3332/3335/4 3301/3280/4
f 3301/3280/4 3332/3335/4 3333/3336/4 3302/3282/4
f 3302/3282/4 3333/3336/4 3334/3337/4 3303/3284/4
f 3303/3284/4 3334/3337/4 3335/3338/4 3304/3286/4
f 3304/3286/4 3335/3338/4 3336/3339/4 3305/3288/4
f 3305/3288/4 3336/3339/4 3337/3340/4 3306/3290/4
f 3306/3290/4 3337/3340/4 3338/3341/4 3307/3292/4
f 3307/3292/4 3338/3341/4 3339/3342/4 3308/3294/4
f 3308/3294/4 3339/3342/4 3340/3343/4 3309/3296/4
f 3309/3296/4 3340/3343/4 3341/3344/4 3310/3298/4
f 3310/3298/4 3341/3344/4 3342/3345/4 3311/3300/4
f 3311/3300/4 3342/3345/4 3343/3346/4 3312/3302/4
f 3312/3302/4 3343/3346/4 3344/3347/4 3313/3304/4
f 3313/3304/4 3344/3347/4 3345/3348/4 3314/3306/4
f 3314/3306/4 3345/3348/4 3346/3349/4 3315/3308/4
f 3315/3308/4 3346/3349/4 3347/3350/4 3316/3310/4
f 3316/3310/4 3347/3350/4 3348/3351/4 3317/3312/4
f 3317/3312/4 3348/3351/4 3349/3352/4 3318/3314/4
f 3318/3314/4 3349/3352/4 3350/3353/4 3319/3316/4
f 3319/3316/4 3350/3353/4 3351/3354/4 3320/3318/4
f 3320/3318/4 3351/3354/4 3352/3355/4 3321/3320/4
f 3321/3320/4 3352/3355/4 3353/3356/4 3322/3322/4
f 3322/3322/4 3353/3356/4 3354/3357/4 3323/3324/4
f 3323/3324/4 3354/3357/4 3355/3358/4 3324/3326/4
f 3324/3326/4 3355/3358/4 3356/3359/4 3325/3328/4
f 3326/3330/4 3357/3361/4 3358/3360/4 3327/3329/4
f 3327/3329/4 3358/3360/4 3359/3362/4 3328/3331/4
f 3328/3331/4 3359/3362/4 3360/3363/4 3329/3332/4
f 3329/3332/4 3360/3363/4 3361/3364/4 3330/3333/4
f 3330/3333/4 3361/3364/4 3362/3365/4 3331/3334/4
f 3331/3334/4 3362/3365/4 3363/3366/4 3332/3335/4
f 3332/3335/4 3363/3366/4 3364/3367/4 3333/3336/4
f 3333/3336/4 3364/3367/4 3365/3368/4 3334/3337/4
f 3334/3337/4 3365/3368/4 3366/3369/4 3335/3338/4
f 3335/3338/4 3366/3369/4 3367/3370/4 3336/3339/4
f 3336/3339/4 3367/3370/4 3368/3371/4 3337/3340/4
f 3337/3340/4 3368/3371/4 3369/3372/4 3338/3341/4
f 3338/3341/4 3369/3372/4 3370/3373/4 3339/3342/4
f 3339/3342/4 3370/3373/4 3371/3374/4 3340/3343/4
f 3340/3343/4 3371/3374/4 3372/3375/4 3341/3344/4
f 3341/3344/4 3372/3375/4 3373/3376/4 3342/3345/4
f 3342/3345/4 3373/3376/4 3374/3377/4 3343/3346/4
f 3343/3346/4 3374/3377/4 3375/3378/4 3344/3347/4
f 3344/3347/4 3375/3378/4 3376/3379/4 3345/3348/4
f 3345/3348/4 3376/3379/4 3377/3380/4 3346/3349/4
f 3346/3349/4 3377/3380/4 3378/3381/4 3347/3350/4
f 3347/3350/4 3378/3381/4 3379/3382/4 3348/3351/4
f 3348/3351/4 3379/3382/4 3380/3383/4 3349/3352/4
f 3349/3352/4 3380/3383/4 3381/3384/4 3350/3353/4
f 3350/3353/4 3381/3384/4 3382/3385/4 3351/3354/4
f 3351/3354/4 3382/3385/4 3383/3386/4 3352/3355/4
f 3352/3355/4 3383/3386/4 3384/3387/4 3353/3356/4
f 3353/3356/4 3384/3387/4 3385/3388/4 3354/3357/4
f 3354/3357/4 3385/3388/4 3386/3389/4 3355/3358/4
f 3355/3358/4 3386/3389/4 3387/3390/4 3356/3359/4
f 3357/3361/4 3388/3392/4 3389/3391/4 3358/3360/4
f 3358/3360/4 3389/3391/4 3390/3393/4 3359/3362/4
f 3359/3362/4 3390/3393/4 3391/3394/4 3360/3363/4
f 3360/3363/4 3391/3394/4 3392/3395/4 3361/3364/4
f 3361/3364/4 3392/3395/4 3393/3396/4 3362/3365/4
f 3362/3365/4 3393/3396/4 3394/3397/4 3363/3366/4
f 3363/3366/4 3394/3397/4 3395/3398/4 3364/3367/4
f 3364/3367/4 3395/3398/4 3396/3399/4 3365/3368/4
f 3365/3368/4 3396/3399/4 3397/3400/4 3366/3369/4
f 3366/3369/4 3397/3400/4 3398/3401/4 3367/3370/4
f 3367/3370/4 3398/3401/4 3399/3402/4 3368/3371/4
f 3368/3371/4 3399/3402/4 3400/3403/4 3369/3372/4
f 3369/3372/4 3400/3403/4 3401/3404/4 3370/3373/4
f 3370/3373/4 3401/3404/4 3402/3405/4 3371/3374/4
f 3371/3374/4 3402/3405/4 3403/3406/4 3372/3375/4
f 3372/3375/4 3403/3406/4 3404/3407/4 3373/3376/4
f 3373/3376/4 3404/3407/4 3405/3408/4 3374/3377/4
f 3374/3377/4 3405/3408/4 3406/3409/4 3375/3378/4
f 3375/3378/4 3406/3409/4 3407/3410/4 3376/3379/4
f 3376/3379/4 3407/3410/4 3408/3411/4 3377/3380/4
f 3377/3380/4 3408/3411/4 3409/3412/4 3378/3381/4
f 3378/3381/4 3409/3412/4 3410/3413/4 3379/3382/4
f 3379/3382/4 3410/3413/4 3411/3414/4 3380/3383/4
f 3380/3383/4 3411/3414/4 3412/3415/4 3381/3384/4
f 3381/3384/4 3412/3415/4 3413/3416/4 3382/3385/4
f 3382/3385/4 3413/3416/4 3414/3417/4 3383/3386/4
f 3383/3386/4 3414/3417/4 3415/3418/4 3384/3387/4
f 3384/3387/4 3415/3418/4 3416/3419/4 3385/3388/4
f 3385/3388/4 3416/3419/4 3417/3420/4 3386/3389/4
f 3386/3389/4 3417/3420/4 3418/3421/4 3387/3390/4
f 3388/3392/4 3419/3423/4 3420/3422/4 3389/3391/4
f 3389/3391/4 3420/3422/4 3421/3424/4 3390/3393/4
f 3390/3393/4 3421/3424/4 3422/3425/4 3391/3394/4
f 3391/3394/4 3422/3425/4 3423/3426/4 3392/3395/4
f 3392/3395/4 3423/3426/4 3424/3427/4 3393/3396/4
f 3393/3396/4 3424/3427/4 3425/3428/4 3394/3397/4
f 3394/3397/4 3425/3428/4 3426/3429/4 3395/3398/4
f 3395/3398/4 3426/3429/4 3427/3430/4 3396/3399/4
f 3396/3399/4 3427/3430/4 3428/3431/4 3397/3400/4
f 3397/3400/4 3428/3431/4 3429/3432/4 3398/3401/4
f 3398/3401/4 3429/3432/4 3430/3433/4 3399/3402/4
f 3399/3402/4 3430/3433/4 3431/3434/4 3400/3403/4
f 3400/3403/4 3431/3434/4 3432/3435/4 3401/3404/4
f 3401/3404/4 3432/3435/4 3433/3436/4 3402/3405/4
f 3402/3405/4 3433/3436/4 3434/3437/4 3403/3406/4
f 3403/3406/4 3434/3437/4 3435/3438/4 3404/3407/4
f 3404/3407/4 3435/3438/4 3436/3439/4 3405/3408/4
f 3405/3408/4 3436/3439/4 3437/3440/4 3406/3409/4
f 3406/3409/4 3437/3440/4 3438/3441/4 3407/3410/4
f 3407/3410/4 3438/3441/4 3439/3442/4 3408/3411/4
f 3408/3411/4 3439/3442/4 3440/3443/4 3409/3412/4
f 3409/3412/4 3440/3443/4 3441/3444/4 3410/3413/4
f 3410/3413/4 3441/3444/4 3442/3445/4 3411/3414/4
f 3411/3414/4 3442/3445/4 3443/3446/4 3412/3415/4
f 3412/3415/4 3443/3446/4 3444/3447/4 3413/3416/4
f 3413/3416/4 3444/3447/4 3445/3448/4 3414/3417/4
f 3414/3417/4 3445/3448/4 3446/3449/4 3415/3418/4
f 3415/3418/4 3446/3449/4 3447/3450/4 3416/3419/4
f 3416/3419/4 3447/3450/4 3448/3451/4 3417/3420/4
f 3417/3420/4 3448/3451/4 3449/3452/4 3418/3421/4
f 3419/3423/4 3450/3454/4 3451/3453/4 3420/3422/4
f 3420/3422/4 3451/3453/4 3452/3455/4 3421/3424/4
f 3421/3424/4 3452/3455/4 3453/3456/4 3422/3425/4
f 3422/3425/4 3453/3456/4 3454/3457/4 3423/3426/4
f 3423/3426/4 3454/3457/4 3455/3458/4 3424/3427/4
f 3424/3427/4 3455/3458/4 3456/3459/4 3425/3428/4
f 3425/3428/4 3456/3459/4 3457/3460/4 3426/3429/4
f 3426/3429/4 3457/3460/4 3458/3461/4 3427/3430/4
f 3427/3430/4 3458/3461/4 3459/3462/4 3428/3431/4
f 3428/3431/4 3459/3462/4 3460/3463/4 3429/3432/4
f 3429/3432/4 3460/3463/4 3461/3464/4 3430/3433/4
f 3430/3433/4 3461/3464/4 3462/3465/4 3431/3434/4
f 3431/3434/4 3462/3465/4 3463/3466/4 3432/3435/4
f 3432/3435/4 3463/3466/4 3464/3467/4 3433/3436/4
f 3433/3436/4 3464/3467/4 3465/3468/4 3434/3437/4
f 3434/3437/4 3465/3468/4 3466/3469/4 3435/3438/4
f 3435/3438/4 3466/3469/4 3467/3470/4 3436/3439/4
f 3436/3439/4 3467/3470/4 3468/3471/4 3437/3440/4
f 3437/3440/4 3468/3471/4 3469/3472/4 3438/3441/4
f 3438/3441/4 3469/3472/4 3470/3473/4 3439/3442/4
f 3439/3442/4 3470/3473/4 3471/3474/4 3440/3443/4
f 3440/3443/4 3471/3474/4 3472/3475/4 3441/3444/4
f 3441/3444/4 3472/3475/4 3473/3476/4 3442/3445/4
f 3442/3445/4 3473/3476/4 3474/3477/4 3443/3446/4
f 3443/3446/4 3474/3477/4 3475/3478/4 3444/3447/4
f 3444/3447/4 3475/3478/4 3476/3479/4 3445/3448/4
f 3445/3448/4 3476/3479/4 3477/3480/4 3446/3449/4
f 3446/3449/4 3477/3480/4 3478/3481/4 3447/3450/4
f 3447/3450/4 3478/3481/4 3479/3482/4 3448/3451/4
f 3448/3451/4 3479/3482/4 3480/3483/4 3449/3452/4
f 3450/3454/4 3481/3485/4 3482/3484/4 3451/3453/4
f 3451/3453/4 3482/3484/4 3483/3486/4 3452/3455/4
f 3452/3455/4 3483/3486/4 3484/3487/4 3453/3456/4
f 3453/3456/4 3484/3487/4 3485/3488/4 3454/3457/4
f 3454/3457/4 3485/3488/4 3486/3489/4 3455/3458/4
f 3455/3458/4 3486/3489/4 3487/3490/4 3456/3459/4
f 3456/3459/4 3487/3490/4 3488/3491/4 3457/3460/4
f 3457/3460/4 3488/3491/4 3489/3492/4 3458/3461/4
f 3458/3461/4 3489/3492/4 3490/3493/4 3459/3462/4
f 3459/3462/4 3490/3493/4 3491/3494/4 3460/3463/4
f 3460/3463/4 3491/3494/4 3492/3495/4 3461/3464/4
f 3461/3464/4 3492/3495/4 3493/3496/4 3462/3465/4
f 3462/3465/4 3493/3496/4 3494/3497/4 3463/3466/4
f 3463/3466/4 3494/3497/4 3495/3498/4 3464/3467/4
f 3464/3467/4 3495/3498/4 3496/3499/4 3465/3468/4
f 3465/3468/4 3496/3499/4 3497/3500/4 3466/3469/4
f 3466/3469/4 3497/3500/4 3498/3501/4 3467/3470/4
f 3467/3470/4 3498/3501/4 3499/3502/4 3468/3471/4
f 3468/3471/4 3499/3502/4 3500/3503/4 3469/3472/4
f 3469/3472/4 3500/3503/4 3501/3504/4 3470/3473/4
f 3470/3473/4 3501/3504/4 3502/3505/4 3471/3474/4
f 3471/3474/4 3502/3505/4 3503/3506/4 3472/3475/4
f 3472/3475/4 3503/3506/4 3504/3507/4 3473/3476/4
f 3473/3476/4 3504/3507/4 3505/3508/4 3474/3477/4
f 3474/3477/4 3505/3508/4 3506/3509/4 3475/3478/4
f 3475/3478/4 3506/3509/4 3507/3510/4 3476/3479/4
f 3476/3479/4 3507/3510/4 3508/3511/4 3477/3480/4
f 3477/3480/4 3508/3511/4 3509/3512/4 3478/3481/4
f 3478/3481/4 3509/3512/4 3510/3513/4 3479/3482/4
f 3479/3482/4 3510/3513/4 3511/3514/4 3480/3483/4
f 3481/3485/4 3512/3516/4 3513/3515/4 3482/3484/4
f 3482/3484/4 3513/3515/4 3514/3517/4 3483/3486/4
f 3483/3486/4 3514/3517/4 3515/3518/4 3484/3487/4
f 3484/3487/4 3515/3518/4 3516/3519/4 3485/3488/4
f 3485/3488/4 3516/3519/4 3517/3520/4 3486/3489/4
f 3486/3489/4 3517/3520/4 3518/3521/4 3487/3490/4
f 3487/3490/4 3518/3521/4 3519/3522/4 3488/3491/4
f 3488/3491/4 3519/3522/4 3520/3523/4 3489/3492/4
f 3489/3492/4 3520/3523/4 3521/3524/4 3490/3493/4
f 3490/3493/4 3521/3524/4 3522/3525/4 3491/3494/4
f 3491/3494/4 3522/3525/4 3523/3526/4 3492/3495/4
f 3492/3495/4 3523/3526/4 3524/3527/4 3493/3496/4
f 3493/3496/4 3524/3527/4 3525/3528/4 3494/3497/4
f 3494/3497/4 3525/3528/4 3526/3529/4 3495/3498/4
f 3495/3498/4 3526/3529/4 3527/3530/4 3496/3499/4
f 3496/3499/4 3527/3530/4 3528/3531/4 3497/3500/4
f 3497/3500/4 3528/3531/4 3529/3532/4 3498/3501/4
f 3498/3501/4 3529/3532/4 3530/3533/4 3499/3502/4
f 3499/3502/4 3530/3533/4 3531/3534/4 3500/3503/4
f 3500/3503/4 3531/3534/4 3532/3535/4 3501/3504/4
f 3501/3504/4 3532/3535/4 3533/3536/4 3502/3505/4
f 3502/3505/4 3533/3536/4 3534/3537/4 3503/3506/4
f 3503/3506/4 3534/3537/4 3535/3538/4 3504/3507/4
f 3504/3507/4 3535/3538/4 3536/3539/4 3505/3508/4
f 3505/3508/4 3536/3539/4 3537/3540/4 3506/3509/4
f 3506/3509/4 3537/3540/4 3538/3541/4 3507/3510/4
f 3507/3510/4 3538/3541/4 3539/3542/4 3508/3511/4
f 3508/3511/4 3539/3542/4 3540/3543/4 3509/3512/4
f 3509/3512/4 3540/3543/4 3541/3544/4 3510/3513/4
f 3510/3513/4 3541/3544/4 3542/3545/4 3511/3514/4
f 3512/3516/4 3543/3547/4 3544/3546/4 3513/3515/4
f 3513/3515/4 3544/3546/4 3545/3548/4 3514/3517/4
f 3514/3517/4 3545/3548/4 3546/3549/4 3515/3518/4
f 3515/3518/4 3546/3549/4 3547/3550/4 3516/3519/4
f 3516/3519/4 3547/3550/4 3548/3551/4 3517/3520/4
f 3517/3520/4 3548/3551/4 3549/3552/4 3518/3521/4
f 3518/3521/4 3549/3552/4 3550/3553/4 3519/3522/4
f 3519/3522/4 3550/3553/4 3551/3554/4 3520/3523/4
f 3520/3523/4 3551/3554/4 3552/3555/4 3521/3524/4
f 3521/3524/4 3552/3555/4 3553/3556/4 3522/3525/4
f 3522/3525/4 3553/3556/4 3554/3557/4 3523/3526/4
f 3523/3526/4 3554/3557/4 3555/3558/4 3524/3527/4
f 3524/3527/4 3555/3558/4 3556/3559/4 3525/3528/4
f 3525/3528/4 3556/3559/4 3557/3560/4 3526/3529/4
f 3526/3529/4 3557/3560/4 3558/3561/4 3527/3530/4
f 3527/3530/4 3558/3561/4 3559/3562/4 3528/3531/4
f 3528/3531/4 3559/3562/4 3560/3563/4 3529/3532/4
f 3529/3532/4 3560/3563/4 3561/3564/4 3530/3533/4
f 3530/3533/4 3561/3564/4 3562/3565/4 3531/3534/4
f 3531/3534/4 3562/3565/4 3563/3566/4 3532/3535/4
f 3532/3535/4 3563/3566/4 3564/3567/4 3533/3536/4
f 3533/3536/4 3564/3567/4 3565/3568/4 3534/3537/4
f 3534/3537/4 3565/3568/4 3566/3569/4 3535/3538/4
f 3535/3538/4 3566/3569/4 3567/3570/4 3536/3539/4
f 3536/3539/4 3567/3570/4 3568/3571/4 3537/3540/4
f 3537/3540/4 3568/3571/4 3569/3572/4 3538/3541/4
f 3538/3541/4 3569/3572/4 3570/3573/4 3539/3542/4
f 3539/3542/4 3570/3573/4 3571/3574/4 3540/3543/4
f 3540/3543/4 3571/3574/4 3572/3575/4 3541/3544/4
f 3541/3544/4 3572/3575/4 3573/3576/4 3542/3545/4
f 3543/3547/4 3574/3578/4 3575/3577/4 3544/3546/4
f 3544/3546/4 3575/3577/4 3576/3579/4 3545/3548/4
f 3545/3548/4 3576/3579/4 3577/3580/4 3546/3549/4
f 3546/3549/4 3577/3580/4 3578/3581/4 3547/3550/4
f 3547/3550/4 3578/3581/4 3579/3582/4 3548/3551/4
f 3548/3551/4 3579/3582/4 3580/3583/4 3549/3552/4
f 3549/3552/4 3580/3583/4 3581/3584/4 3550/3553/4
f 3550/3553/4 3581/3584/4 3582/3585/4 3551/3554/4
f 3551/3554/4 3582/3585/4 3583/3586/4 3552/3555/4
f 3552/3555/4 3583/3586/4 3584/3587/4 3553/3556/4
f 3553/3556/4 3584/3587/4 3585/3588/4 3554/3557/4
f 3554/3557/4 3585/3588/4 3586/3589/4 3555/3558/4
f 3555/3558/4 3586/3589/4 3587/3590/4 3556/3559/4
f 3556/3559/4 3587/3590/4 3588/3591/4 3557/3560/4
f 3557/3560/4 3588/3591/4 3589/3592/4 3558/3561/4
f 3558/3561/4 3589/3592/4 3590/3593/4 3559/3562/4
f 3559/3562/4 3590/3593/4 3591/3594/4 3560/3563/4
f 3560/3563/4 3591/3594/4 3592/3595/4 3561/3564/4
f 3561/3564/4 3592/3595/4 3593/3596/4 3562/3565/4
f 3562/3565/4 3593/3596/4 3594/3597/4 3563/3566/4
f 3563/3566/4 3594/3597/4 3595/3598/4 3564/3567/4
f 3564/3567/4 3595/3598/4 3596/3599/4 3565/3568/4
f 3565/3568/4 3596/3599/4 3597/3600/4 3566/3569/4
f 3566/3569/4 3597/3600/4 3598/3601/4 3567/3570/4
f 3567/3570/4 3598/3601/4 3599/3602/4 3568/3571/4
f 3568/3571/4 3599/3602/4 3600/3603/4 3569/3572/4
f 3569/3572/4 3600/3603/4 3601/3604/4 3570/3573/4
f 3570/3573/4 3601/3604/4 3602/3605/4 3571/3574/4
f 3571/3574/4 3602/3605/4 3603/3606/4 3572/3575/4
f 3572/3575/4 3603/3606/4 3604/3607/4 3573/3576/4
f 3574/3578/4 3605/3609/4 3606/3608/4 3575/3577/4
f 3575/3577/4 3606/3608/4 3607/3610/4 3576/3579/4
f 3576/3579/4 3607/3610/4 3608/3611/4 3577/3580/4
f 3577/3580/4 3608/3611/4 3609/3612/4 3578/3581/4
f 3578/3581/4 3609/3612/4 3610/3613/4 3579/3582/4
f 3579/3582/4 3610/3613/4 3611/3614/4 3580/3583/4
f 3580/3583/4 3611/3614/4 3612/3615/4 3581/3584/4
f 3581/3584/4 3612/3615/4 3613/3616/4 3582/3585/4
f 3582/3585/4 3613/3616/4 3614/3617/4 3583/3586/4
f 3583/3586/4 3614/3617/4 3615/3618/4 3584/3587/4
f 3584/3587/4 3615/3618/4 3616/3619/4 3585/3588/4
f 3585/3588/4 3616/3619/4 3617/3620/4 3586/3589/4
f 3586/3589/4 3617/3620/4 3618/3621/4 3587/3590/4
f 3587/3590/4 3618/3621/4 3619/3622/4 3588/3591/4
f 3588/3591/4 3619/3622/4 3620/3623/4 3589/3592/4
f 3589/3592/4 3620/3623/4 3621/3624/4 3590/3593/4
f 3590/3593/4 3621/3624/4 3622/3625/4 3591/3594/4
f 3591/3594/4 3622/3625/4 3623/3626/4 3592/3595/4
f 3592/3595/4 3623/3626/4 3624/3627/4 3593/3596/4
f 3593/3596/4 3624/3627/4 3625/3628/4 3594/3597/4
f 3594/3597/4 3625/3628/4 3626/3629/4 3595/3598/4
f 3595/3598/4 3626/3629/4 3627/3630/4 3596/3599/4
f 3596/3599/4 3627/3630/4 3628/3631/4 3597/3600/4
f 3597/3600/4 3628/3631/4 3629/3632/4 3598/3601/4
f 3598/3601/4 3629/3632/4 3630/3633/4 3599/3602/4
f 3599/3602/4 3630/3633/4 3631/3634/4 3600/3603/4
f 3600/3603/4 3631/3634/4 3632/3635/4 3601/3604/4
f 3601/3604/4 3632/3635/4 3633/3636/4 3602/3605/4
f 3602/3605/4 3633/3636/4 3634/3637/4 3603/3606/4
f 3603/3606/4 3634/3637/4 3635/3638/4 3604/3607/4
f 3605/3609/4 3636/3640/4 3637/3639/4 3606/3608/4
f 3606/3608/4 3637/3639/4 3638/3641/4 3607/3610/4
f 3607/3610/4 3638/3641/4 3639/3642/4 3608/3611/4
f 3608/3611/4 3639/3642/4 3640/3643/4 3609/3612/4
f 3609/3612/4 3640/3643/4 3641/3644/4 3610/3613/4
f 3610/3613/4 3641/3644/4 3642/3645/4 3611/3614/4
f 3611/3614/4 3642/3645/4 3643/3646/4 3612/3615/4
f 3612/3615/4 3643/3646/4 3644/3647/4 3613/3616/4
f 3613/3616/4 3644/3647/4 3645/3648/4 3614/3617/4
f 3614/3617/4 3645/3648/4 3646/3649/4 3615/3618/4
f 3615/3618/4 3646/3649/4 3647/3650/4 3616/3619/4
f 3616/3619/4 3647/3650/4 3648/3651/4 3617/3620/4
f 3617/3620/4 3648/3651/4 3649/3652/4 3618/3621/4
f 3618/3621/4 3649/3652/4 3650/3653/4 3619/3622/4
f 3619/3622/4 3650/3653/4 3651/3654/4 3620/3623/4
f 3620/3623/4 3651/3654/4 3652/3655/4 3621/3624/4
f 3621/3624/4 3652/3655/4 3653/3656/4 3622/3625/4
f 3622/3625/4 3653/3656/4 3654/3657/4 3623/3626/4
f 3623/3626/4 3654/3657/4 3655/3658/4 3624/3627/4
f 3624/3627/4 3655/3658/4 3656/3659/4 3625/3628/4
f 3625/3628/4 3656/3659/4 3657/3660/4 3626/3629/4
f 3626/3629/4 3657/3660/4 3658/3661/4 3627/3630/4
f 3627/3630/4 3658/3661/4 3659/3662/4 3628/3631/4
f 3628/3631/4 3659/3662/4 3660/3663/4 3629/3632/4
f 3629/3632/4 3660/3663/4 3661/3664/4 3630/3633/4
f 3630/3633/4 3661/3664/4 3662/3665/4 3631/3634/4
f 3631/3634/4 3662/3665/4 3663/3666/4 3632/3635/4
f 3632/3635/4 3663/3666/4 3664/3667/4 3633/3636/4
f 3633/3636/4 3664/3667/4 3665/3668/4 3634/3637/4
f 3634/3637/4 3665/3668/4 3666/3669/4 3635/3638/4
f 3636/3640/4 3667/3671/4 3668/3670/4 3637/3639/4
f 3637/3639/4 3668/3670/4 3669/3672/4 3638/3641/4
f 3638/3641/4 3669/3672/4 3670/3673/4 3639/3642/4
f 3639/3642/4 3670/3673/4 3671/3674/4 3640/3643/4
f 3640/3643/4 3671/3674/4 3672/3675/4 3641/3644/4
f 3641/3644/4 3672/3675/4 3673/3676/4 3642/3645/4
f 3642/3645/4 3673/3676/4 3674/3677/4 3643/3646/4
f 3643/3646/4 3674/3677/4 3675/3678/4 3644/3647/4
f 3644/3647/4 3675/3678/4 3676/3679/4 3645/3648/4
f 3645/3648/4 3676/3679/4 3677/3680/4 3646/3649/4
f 3646/3649/4 3677/3680/4 3678/3681/4 3647/3650/4
f 3647/3650/4 3678/3681/4 3679/3682/4 3648/3651/4
f 3648/3651/4 3679/3682/4 3680/3683/4 3649/3652/4
f 3649/3652/4 3680/3683/4 3681/3684/4 3650/3653/4
f 3650/3653/4 3681/3684/4 3682/3685/4 3651/3654/4
f 3651/3654/4 3682/3685/4 3683/3686/4 3652/3655/4
f 3652/3655/4 3683/3686/4 3684/3687/4 3653/3656/4
f 3653/3656/4 3684/3687/4 3685/3688/4 3654/3657/4
f 3654/3657/4 3685/3688/4 3686/3689/4 3655/3658/4
f 3655/3658/4 3686/3689/4 3687/3690/4 3656/3659/4
f 3656/3659/4 3687/3690/4 3688/3691/4 3657/3660/4
f 3657/3660/4 3688/3691/4 3689/3692/4 3658/3661/4
f 3658/3661/4 3689/3692/4 3690/3693/4 3659/3662/4
f 3659/3662/4 3690/3693/4 3691/3694/4 3660/3663/4
f 3660/3663/4 3691/3694/4 3692/3695/4 3661/3664/4
f 3661/3664/4 3692/3695/4 3693/3696/4 3662/3665/4
f 3662/3665/4 3693/3696/4 3694/3697/4 3663/3666/4
f 3663/3666/4 3694/3697/4 3695/3698/4 3664/3667/4
f 3664/3667/4 3695/3698/4 3696/3699/4 3665/3668/4
f 3665/3668/4 3696/3699/4 3697/3700/4 3666/3669/4
f 3667/3671/4 3698/3702/4 3699/3701/4 3668/3670/4
f 3668/3670/4 3699/3701/4 3700/3703/4 3669/3672/4
f 3669/3672/4 3700/3703/4 3701/3704/4 3670/3673/4
f 3670/3673/4 3701/3704/4 3702/3705/4 3671/3674/4
f 3671/3674/4 3702/3705/4 3703/3706/4 3672/3675/4
f 3672/3675/4 3703/3706/4 3704/3707/4 3673/3676/4
f 3673/3676/4 3704/3707/4 3705/3708/4 3674/3677/4
f 3674/3677/4 3705/3708/4 3706/3709/4 3675/3678/4
f 3675/3678/4 3706/3709/4 3707/3710/4 3676/3679/4
f 3676/3679/4 3707/3710/4 3708/3711/4 3677/3680/4
f 3677/3680/4 3708/3711/4 3709/3712/4 3678/3681/4
f 3678/3681/4 3709/3712/4 3710/3713/4 3679/3682/4
f 3679/3682/4 3710/3713/4 3711/3714/4 3680/3683/4
f 3680/3683/4 3711/3714/4 3712/3715/4 3681/3684/4
f 3681/3684/4 3712/3715/4 3713/3716/4 3682/3685/4
f 3682/3685/4 3713/3716/4 3714/3717/4 3683/3686/4
f 3683/3686/4 3714/3717/4 3715/3718/4 3684/3687/4
f 3684/3687/4 3715/3718/4 3716/3719/4 3685/3688/4
f 3685/3688/4 3716/3719/4 3717/3720/4 3686/3689/4
f 3686/3689/4 3717/3720/4 3718/3721/4 3687/3690/4
f 3687/3690/4 3718/3721/4 3719/3722/4 3688/3691/4
f 3688/3691/4 3719/3722/4 3720/3723/4 3689/3692/4
f 3689/3692/4 3720/3723/4 3721/3724/4 3690/3693/4
f 3690/3693/4 3721/3724/4 3722/3725/4 3691/3694/4
f 3691/3694/4 3722/3725/4 3723/3726/4 3692/3695/4
f 3692/3695/4 3723/3726/4 3724/3727/4 3693/3696/4
f 3693/3696/4 3724/3727/4 3725/3728/4 3694/3697/4
f 3694/3697/4 3725/3728/4 3726/3729/4 3695/3698/4
f 3695/3698/4 3726/3729/4 3727/3730/4 3696/3699/4
f 3696/3699/4 3727/3730/4 3728/3731/4 3697/3700/4
f 3698/3702/4 3729/3733/4 3730/3732/4 3699/3701/4
f 3699/3701/4 3730/3732/4 3731/3734/4 3700/3703/4
f 3700/3703/4 3731/3734/4 3732/3735/4 3701/3704/4
f 3701/3704/4 3732/3735/4 3733/3736/4 3702/3705/4
f 3702/3705/4 3733/3736/4 3734/3737/4 3703/3706/4
f 3703/3706/4 3734/3737/4 3735/3738/4 3704/3707/4
f 3704/3707/4 3735/3738/4 3736/3739/4 3705/3708/4
f 3705/3708/4 3736/3739/4 3737/3740/4 3706/3709/4
f 3706/3709/4 3737/3740/4 3738/3741/4 3707/3710/4
f 3707/3710/4 3738/3741/4 3739/3742/4 3708/3711/4
f 3708/3711/4 3739/3742/4 3740/3743/4 3709/3712/4
f 3709/3712/4 3740/3743/4 3741/3744/4 3710/3713/4
f 3710/3713/4 3741/3744/4 3742/3745/4 3711/3714/4
f 3711/3714/4 3742/3745/4 3743/3746/4 3712/3715/4
f 3712/3715/4 3743/3746/4 3744/3747/4 3713/3716/4
f 3713/3716/4 3744/3747/4 3745/3748/4 3714/3717/4
f 3714/3717/4 3745/3748/4 3746/3749/4 3715/3718/4
f 3715/3718/4 3746/3749/4 3747/3750/4 3716/3719/4
f 3716/3719/4 3747/3750/4 3748/3751/4 3717/3720/4
f 3717/3720/4 3748/3751/4 3749/3752/4 3718/3721/4
f 3718/3721/4 3749/3752/4 3750/3753/4 3719/3722/4
f 3719/3722/4 3750/3753/4 3751/3754/4 3720/3723/4
f 3720/3723/4 3751/3754/4 3752/3755/4 3721/3724/4
f 3721/3724/4 3752/3755/4 3753/3756/4 3722/3725/4
f 3722/3725/4 3753/3756/4 3754/3757/4 3723/3726/4
f 3723/3726/4 3754/3757/4 3755/3758/4 3724/3727/4
f 3724/3727/4 3755/3758/4 3756/3759/4 3725/3728/4
f 3725/3728/4 3756/3759/4 3757/3760/4 3726/3729/4
f 3726/3729/4 3757/3760/4 3758/3761/4 3727/3730/4
f 3727/3730/4 3758/3761/4 3759/3762/4 3728/3731/4
f 3729/3733/4 3760/3764/4 3761/3763/4 3730/3732/4
f 3730/3732/4 3761/3763/4 3762/3765/4 3731/3734/4
f 3731/3734/4 3762/3765/4 3763/3766/4 3732/3735/4
f 3732/3735/4 3763/3766/4 3764/3767/4 3733/3736/4
f 3733/3736/4 3764/3767/4 3765/3768/4 3734/3737/4
f 3734/3737/4 3765/3768/4 3766/3769/4 3735/3738/4
f 3735/3738/4 3766/3769/4 3767/3770/4 3736/3739/4
f 3736/3739/4 3767/3770/4 3768/3771/4 3737/3740/4
f 3737/3740/4 3768/3771/4 3769/3772/4 3738/3741/4
f 3738/3741/4 3769/3772/4 3770/3773/4 3739/3742/4
f 3739/3742/4 3770/3773/4 3771/3774/4 3740/3743/4
f 3740/3743/4 3771/3774/4 3772/3775/4 3741/3744/4
f 3741/3744/4 3772/3775/4 3773/3776/4 3742/3745/4
f 3742/3745/4 3773/3776/4 3774/3777/4 3743/3746/4
f 3743/3746/4 3774/3777/4 3775/3778/4 3744/3747/4
f 3744/3747/4 3775/3778/4 3776/3779/4 3745/3748/4
f 3745/3748/4 3776/3779/4 3777/3780/4 3746/3749/4
f 3746/3749/4 3777/3780/4 3778/3781/4 3747/3750/4
f 3747/3750/4 3778/3781/4 3779/3782/4 3748/3751/4
f 3748/3751/4 3779/3782/4 3780/3783/4 3749/3752/4
f 3749/3752/4 3780/3783/4 3781/3784/4 3750/3753/4
f 3750/3753/4 3781/3784/4 3782/3785/4 3751/3754/4
f 3751/3754/4 3782/3785/4 3783/3786/4 3752/3755/4
f 3752/3755/4 3783/3786/4 3784/3787/4 3753/3756/4
f 3753/3756/4 3784/3787/4 3785/3788/4 3754/3757/4
f 3754/3757/4 3785/3788/4 3786/3789/4 3755/3758/4
f 3755/3758/4 3786/3789/4 3787/3790/4 3756/3759/4
f 3756/3759/4 3787/3790/4 3788/3791/4 3757/3760/4
f 3757/3760/4 3788/3791/4 3789/3792/4 3758/3761/4
f 3758/3761/4 3789/3792/4 3790/3793/4 3759/3762/4
f 3760/3764/4 3791/3795/4 3792/3794/4 3761/3763/4
f 3761/3763/4 3792/3794/4 3793/3796/4 3762/3765/4
f 3762/3765/4 3793/3796/4 3794/3797/4 3763/3766/4
f 3763/3766/4 3794/3797/4 3795/3798/4 3764/3767/4
f 3764/3767/4 3795/3798/4 3796/3799/4 3765/3768/4
f 3765/3768/4 3796/3799/4 3797/3800/4 3766/3769/4
f 3766/3769/4 3797/3800/4 3798/3801/4 3767/3770/4
f 3767/3770/4 3798/3801/4 3799/3802/4 3768/3771/4
f 3768/3771/4 3799/3802/4 3800/3803/4 3769/3772/4
f 3769/3772/4 3800/3803/4 3801/3804/4 3770/3773/4
f 3770/3773/4 3801/3804/4 3802/3805/4 3771/3774/4
f 3771/3774/4 3802/3805/4 3803/3806/4 3772/3775/4
f 3772/3775/4 3803/3806/4 3804/3807/4 3773/3776/4
f 3773/3776/4 3804/3807/4 3805/3808/4 3774/3777/4
f 3774/3777/4 3805/3808/4 3806/3809/4 3775/3778/4
f 3775/3778/4 3806/3809/4 3807/3810/4 3776/3779/4
f 3776/3779/4 3807/3810/4 3808/3811/4 3777/3780/4
f 3777/3780/4 3808/3811/4 3809/3812/4 3778/3781/4
f 3778/3781/4 3809/3812/4 3810/3813/4 3779/3782/4
f 3779/3782/4 3810/3813/4 3811/3814/4 3780/3783/4
f 3780/3783/4 3811/3814/4 3812/3815/4 3781/3784/4
f 3781/3784/4 3812/3815/4 3813/3816/4 3782/3785/4
f 3782/3785/4 3813/3816/4 3814/3817/4 3783/3786/4
f 3783/3786/4 3814/3817/4 3815/3818/4 3784/3787/4
f 3784/3787/4 3815/3818/4 3816/3819/4 3785/3788/4
f 3785/3788/4 3816/3819/4 3817/3820/4 3786/3789/4
f 3786/3789/4 3817/3820/4 3818/3821/4 3787/3790/4
f 3787/3790/4 3818/3821/4 3819/3822/4 3788/3791/4
f 3788/3791/4 3819/3822/4 3820/3823/4 3789/3792/4
f 3789/3792/4 3820/3823/4 3821/3824/4 3790/3793/4
f 3791/3795/4 3822/3826/4 3823/3825/4 3792/3794/4
f 3792/3794/4 3823/3825/4 3824/3827/4 3793/3796/4
f 3793/3796/4 3824/3827/4 3825/3828/4 3794/3797/4
f 3794/3797/4 3825/3828/4 3826/3829/4 3795/3798/4
f 3795/3798/4 3826/3829/4 3827/3830/4 3796/3799/4
f 3796/3799/4 3827/3830/4 3828/3831/4 3797/3800/4
f 3797/3800/4 3828/3831/4 3829/3832/4 3798/3801/4
f 3798/3801/4 3829/3832/4 3830/3833/4 3799/3802/4
f 3799/3802/4 3830/3833/4 3831/3834/4 3800/3803/4
f 3800/3803/4 3831/3834/4 3832/3835/4 3801/3804/4
f 3801/3804/4 3832/3835/4 3833/3836/4 3802/3805/4
f 3802/3805/4 3833/3836/4 3834/3837/4 3803/3806/4
f 3803/3806/4 3834/3837/4 3835/3838/4 3804/3807/4
f 3804/3807/4 3835/3838/4 3836/3839/4 3805/3808/4
f 3805/3808/4 3836/3839/4 3837/3840/4 3806/3809/4
f 3806/3809/4 3837/3840/4 3838/3841/4 3807/3810/4
f 3807/3810/4 3838/3841/4 3839/3842/4 3808/3811/4
f 3808/3811/4 3839/3842/4 3840/3843/4 3809/3812/4
f 3809/3812/4 3840/3843/4 3841/3844/4 3810/3813/4
f 3810/3813/4 3841/3844/4 3842/3845/4 3811/3814/4
f 3811/3814/4 3842/3845/4 3843/3846/4 3812/3815/4
f 3812/3815/4 3843/3846/4 3844/3847/4 3813/3816/4
f 3813/3816/4 3844/3847/4 3845/3848/4 3814/3817/4
f 3814/3817/4 3845/3848/4 3846/3849/4 3815/3818/4
f 3815/3818/4 3846/3849/4 3847/3850/4 3816/3819/4
f 3816/3819/4 3847/3850/4 3848/3851/4 3817/3820/4
f 3817/3820/4 3848/3851/4 3849/3852/4 3818/3821/4
f 3818/3821/4 3849/3852/4 3850/3853/4 3819/3822/4
f 3819/3822/4 3850/3853/4 3851/3854/4 3820/3823/4
f 3820/3823/4 3851/3854/4 3852/3855/4 3821/3824/4
f 3822/3826/4 3853/3857/4 3854/3856/4 3823/3825/4
f 3823/3825/4 3854/3856/4 3855/3858/4 3824/3827/4
f 3824/3827/4 3855/3858/4 3856/3859/4 3825/3828/4
f 3825/3828/4 3856/3859/4 3857/3860/4 3826/3829/4
f 3826/3829/4 3857/3860/4 3858/3861/4 3827/3830/4
f 3827/3830/4 3858/3861/4 3859/3862/4 3828/3831/4
f 3828/3831/4 3859/3862/4 3860/3863/4 3829/3832/4
f 3829/3832/4 3860/3863/4 3861/3864/4 3830/3833/4
f 3830/3833/4 3861/3864/4 3862/3865/4 3831/3834/4
f 3831/3834/4 3862/3865/4 3863/3866/4 3832/3835/4
f 3832/3835/4 3863/3866/4 3864/3867/4 3833/3836/4
f 3833/3836/4 3864/3867/4 3865/3868/4 3834/3837/4
f 3834/3837/4 3865/3868/4 3866/3869/4 3835/3838/4
f 3835/3838/4 3866/3869/4 3867/3870/4 3836/3839/4
f 3836/3839/4 3867/3870/4 3868/3871/4 3837/3840/4
f 3837/3840/4 3868/3871/4 3869/3872/4 3838/3841/4
f 3838/3841/4 3869/3872/4 3870/3873/4 3839/3842/4
f 3839/3842/4 3870/3873/4 3871/3874/4 3840/3843/4
f 3840/3843/4 3871/3874/4 3872/3875/4 3841/3844/4
f 3841/3844/4 3872/3875/4 3873/3876/4 3842/3845/4
f 3842/3845/4 3873/3876/4 3874/3877/4 3843/3846/4
f 3843/3846/4 3874/3877/4 3875/3878/4 3844/3847/4
f 3844/3847/4 3875/3878/4 3876/3879/4 3845/3848/4
f 3845/3848/4 3876/3879/4 3877/3880/4 3846/3849/4
f 3846/3849/4 3877/3880/4 3878/3881/4 3847/3850/4
f 3847/3850/4 3878/3881/4 3879/3882/4 3848/3851/4
f 3848/3851/4 3879/3882/4 3880/3883/4 3849/3852/4
f 3849/3852/4 3880/3883/4 3881/3884/4 3850/3853/4
f 3850/3853/4 3881/3884/4 3882/3885/4 3851/3854/4
f 3851/3854/4 3882/3885/4 3883/3886/4 3852/3855/4
f 3853/3857/4 3884/3888/4 3885/3887/4 3854/3856/4
f 3854/3856/4 3885/3887/4 3886/3889/4 3855/3858/4
f 3855/3858/4 3886/3889/4 3887/3890/4 3856/3859/4
f 3856/3859/4 3887/3890/4 3888/3891/4 3857/3860/4
f 3857/3860/4 3888/3891/4 3889/3892/4 3858/3861/4
f 3858/3861/4 3889/3892/4 3890/3893/4 3859/3862/4
f 3859/3862/4 3890/3893/4 3891/3894/4 3860/3863/4
f 3860/3863/4 3891/3894/4 3892/3895/4 3861/3864/4
f 3861/3864/4 3892/3895/4 3893/3896/4 3862/3865/4
f 3862/3865/4 3893/3896/4 3894/3897/4 3863/3866/4
f 3863/3866/4 3894/3897/4 3895/3898/4 3864/3867/4
f 3864/3867/4 3895/3898/4 3896/3899/4 3865/3868/4
f 3865/3868/4 3896/3899/4 3897/3900/4 3866/3869/4
f 3866/3869/4 3897/3900/4 3898/3901/4 3867/3870/4
f 3867/3870/4 3898/3901/4 3899/3902/4 3868/3871/4
f 3868/3871/4 3899/3902/4 3900/3903/4 3869/3872/4
f 3869/3872/4 3900/3903/4 3901/3904/4 3870/3873/4
f 3870/3873/4 3901/3904/4 3902/3905/4 3871/3874/4
f 3871/3874/4 3902/3905/4 3903/3906/4 3872/3875/4
f 3872/3875/4 3903/3906/4 3904/3907/4 3873/3876/4
f 3873/3876/4 3904/3907/4 3905/3908/4 3874/3877/4
f 3874/3877/4 3905/3908/4 3906/3909/4 3875/3878/4
f 3875/3878/4 3906/3909/4 3907/3910/4 3876/3879/4
f 3876/3879/4 3907/3910/4 3908/3911/4 3877/3880/4
f 3877/3880/4 3908/3911/4 3909/3912/4 3878/3881/4
f 3878/3881/4 3909/3912/4 3910/3913/4 3879/3882/4
f 3879/3882/4 3910/3913/4 3911/3914/4 3880/3883/4
f 3880/3883/4 3911/3914/4 3912/3915/4 3881/3884/4
f 3881/3884/4 3912/3915/4 3913/3916/4 3882/3885/4
f 3882/3885/4 3913/3916/4 3914/3917/4 3883/3886/4
f 3884/3888/4 3915/3919/4 3916/3918/4 3885/3887/4
f 3885/3887/4 3916/3918/4 3917/3920/4 3886/3889/4
f 3886/3889/4 3917/3920/4 3918/3921/4 3887/3890/4
f 3887/3890/4 3918/3921/4 3919/3922/4 3888/3891/4
f 3888/3891/4 3919/3922/4 3920/3923/4 3889/3892/4
f 3889/3892/4 3920/3923/4 3921/3924/4 3890/3893/4
f 3890/3893/4 3921/3924/4 3922/3925/4 3891/3894/4
f 3891/3894/4 3922/3925/4 3923/3926/4 3892/3895/4
f 3892/3895/4 3923/3926/4 3924/3927/4 3893/3896/4
f 3893/3896/4 3924/3927/4 3925/3928/4 3894/3897/4
f 3894/3897/4 3925/3928/4 3926/3929/4 3895/3898/4
f 3895/3898/4 3926/3929/4 3927/3930/4 3896/3899/4
f 3896/3899/4 3927/3930/4 3928/3931/4 3897/3900/4
f 3897/3900/4 3928/3931/4 3929/3932/4 3898/3901/4
f 3898/3901/4 3929/3932/4 3930/3933/4 3899/3902/4
f 3899/3902/4 3930/3933/4 3931/3934/4 3900/3903/4
f 3900/3903/4 3931/3934/4 3932/3935/4 3901/3904/4
f 3901/3904/4 3932/3935/4 3933/3936/4 3902/3905/4
f 3902/3905/4 3933/3936/4 3934/3937/4 3903/3906/4
f 3903/3906/4 3934/3937/4 3935/3938/4 3904/3907/4
f 3904/3907/4 3935/3938/4 3936/3939/4 3905/3908/4
f 3905/3908/4 3936/3939/4 3937/3940/4 3906/3909/4
f 3906/3909/4 3937/3940/4 3938/3941/4 3907/3910/4
f 3907/3910/4 3938/3941/4 3939/3942/4 3908/3911/4
f 3908/3911/4 3939/3942/4 3940/3943/4 3909/3912/4
f 3909/3912/4 3940/3943/4 3941/3944/4 3910/3913/4
f 3910/3913/4 3941/3944/4 3942/3945/4 3911/3914/4
f 3911/3914/4 3942/3945/4 3943/3946/4 3912/3915/4
f 3912/3915/4 3943/3946/4 3944/3947/4 3913/3916/4
f 3913/3916/4 3944/3947/4 3945/3948/4 3914/3917/4
f 3915/3919/4 3946/3950/4 3947/3949/4 3916/3918/4
f 3916/3918/4 3947/3949/4 3948/3951/4 3917/3920/4
f 3917/3920/4 3948/3951/4 3949/3952/4 3918/3921/4
f 3918/3921/4 3949/3952/4 3950/3953/4 3919/3922/4
f 3919/3922/4 3950/3953/4 3951/3954/4 3920/3923/4
f 3920/3923/4 3951/3954/4 3952/3955/4 3921/3924/4
f 3921/3924/4 3952/3955/4 3953/3956/4 3922/3925/4
f 3922/3925/4 3953/3956/4 3954/3957/4 3923/3926/4
f 3923/3926/4 3954/3957/4 3955/3958/4 3924/3927/4
f 3924/3927/4 3955/3958/4 3956/3959/4 3925/3928/4
f 3925/3928/4 3956/3959/4 3957/3960/4 3926/3929/4
f 3926/3929/4 3957/3960/4 3958/3961/4 3927/3930/4
f 3927/3930/4 3958/3961/4 3959/3962/4 3928/3931/4
f 3928/3931/4 3959/3962/4 3960/3963/4 3929/3932/4
f 3929/3932/4 3960/3963/4 3961/3964/4 3930/3933/4
f 3930/3933/4 3961/3964/4 3962/3965/4 3931/3934/4
f 3931/3934/4 3962/3965/4 3963/3966/4 3932/3935/4
f 3932/3935/4 3963/3966/4 3964/3967/4 3933/3936/4
f 3933/3936/4 3964/3967/4 3965/3968/4 3934/3937/4
f 3934/3937/4 3965/3968/4 3966/3969/4 3935/3938/4
f 3935/3938/4 3966/3969/4 3967/3970/4 3936/3939/4
f 3936/3939/4 3967/3970/4 3968/3971/4 3937/3940/4
f 3937/3940/4 3968/3971/4 3969/3972/4 3938/3941/4
f 3938/3941/4 3969/3972/4 3970/3973/4 3939/3942/4
f 3939/3942/4 3970/3973/4 3971/3974/4 3940/3943/4
f 3940/3943/4 3971/3974/4 3972/3975/4 3941/3944/4
f 3941/3944/4 3972/3975/4 3973/3976/4 3942/3945/4
f 3942/3945/4 3973/3976/4 3974/3977/4 3943/3946/4
f 3943/3946/4 3974/3977/4 3975/3978/4 3944/3947/4
f 3944/3947/4 3975/3978/4 3976/3979/4 3945/3948/4
f 3946/3950/4 3977/3981/4 3978/3980/4 3947/3949/4
f 3947/3949/4 3978/3980/4 3979/3982/4 3948/3951/4
f 3948/3951/4 3979/3982/4 3980/3983/4 3949/3952/4
f 3949/3952/4 3980/3983/4 3981/3984/4 3950/3953/4
f 3950/3953/4 3981/3984/4 3982/3985/4 3951/3954/4
f 3951/3954/4 3982/3985/4 3983/3986/4 3952/3955/4
f 3952/3955/4 3983/3986/4 3984/3987/4 3953/3956/4
f 3953/3956/4 3984/3987/4 3985/3988/4 3954/3957/4
f 3954/3957/4 3985/3988/4 3986/3989/4 3955/3958/4
f 3955/3958/4 3986/3989/4 3987/3990/4 3956/3959/4
f 3956/3959/4 3987/3990/4 3988/3991/4 3957/3960/4
f 3957/3960/4 3988/3991/4 3989/3992/4 3958/3961/4
f 3958/3961/4 3989/3992/4 3990/3993/4 3959/3962/4
f 3959/3962/4 3990/3993/4 3991/3994/4 3960/3963/4
f 3960/3963/4 3991/3994/4 3992/3995/4 3961/3964/4
f 3961/3964/4 3992/3995/4 3993/3996/4 3962/3965/4
f 3962/3965/4 3993/3996/4 3994/3997/4 3963/3966/4
f 3963/3966/4 3994/3997/4 3995/3998/4 3964/3967/4
f 3964/3967/4 3995/3998/4 3996/3999/4 3965/3968/4
f 3965/3968/4 3996/3999/4 3997/4000/4 3966/3969/4
f 3966/3969/4 3997/4000/4 3998/4001/4 3967/3970/4
f 3967/3970/4 3998/4001/4 3999/4002/4 3968/3971/4
f 3968/3971/4 3999/4002/4 4000/4003/4 3969/3972/4
f 3969/3972/4 4000/4003/4 4001/4004/4 3970/3973/4
f 3970/3973/4 4001/4004/4 4002/4005/4 3971/3974/4
f 3971/3974/4 4002/4005/4 4003/4006/4 3972/3975/4
f 3972/3975/4 4003/4006/4 4004/4007/4 3973/3976/4
f 3973/3976/4 4004/4007/4 4005/4008/4 3974/3977/4
f 3974/3977/4 4005/4008/4 4006/4009/4 3975/3978/4
f 3975/3978/4 4006/4009/4 4007/4010/4 3976/3979/4
f 3977/3981/4 4008/4012/4 4009/4011/4 3978/3980/4
f 3978/3980/4 4009/4011/4 4010/4013/4 3979/3982/4
f 3979/3982/4 4010/4013/4 4011/4014/4 3980/3983/4
f 3980/3983/4 4011/4014/4 4012/4015/4 3981/3984/4
f 3981/3984/4 4012/4015/4 4013/4016/4 3982/3985/4
f 3982/3985/4 4013/4016/4 4014/4017/4 3983/3986/4
f 3983/3986/4 4014/4017/4 4015/4018/4 3984/3987/4
f 3984/3987/4 4015/4018/4 4016/4019/4 3985/3988/4
f 3985/3988/4 4016/4019/4 4017/4020/4 3986/3989/4
f 3986/3989/4 4017/4020/4 4018/4021/4 3987/3990/4
f 3987/3990/4 4018/4021/4 4019/4022/4 3988/3991/4
f 3988/3991/4 4019/4022/4 4020/4023/4 3989/3992/4
f 3989/3992/4 4020/4023/4 4021/4024/4 3990/3993/4
f 3990/3993/4 4021/4024/4 4022/4025/4 3991/3994/4
f 3991/3994/4 4022/4025/4 4023/4026/4 3992/3995/4
f 3992/3995/4 4023/4026/4 4024/4027/4 3993/3996/4
f 3993/3996/4 4024/4027/4 4025/4028/4 3994/3997/4
f 3994/3997/4 4025/4028/4 4026/4029/4 3995/3998/4
f 3995/3998/4 4026/4029/4 4027/4030/4 3996/3999/4
f 3996/3999/4 4027/4030/4 4028/4031/4 3997/4000/4
f 3997/4000/4 4028/4031/4 4029/4032/4 3998/4001/4
f 3998/4001/4 4029/4032/4 4030/4033/4 3999/4002/4
f 3999/4002/4 4030/4033/4 4031/4034/4 4000/4003/4
f 4000/4003/4 4031/4034/4 4032/4035/4 4001/4004/4
f 4001/4004/4 4032/4035/4 4033/4036/4 4002/4005/4
f 4002/4005/4 4033/4036/4 4034/4037/4 4003/4006/4
f 4003/4006/4 4034/4037/4 4035/4038/4 4004/4007/4
f 4004/4007/4 4035/4038/4 4036/4039/4 4005/4008/4
f 4005/4008/4 4036/4039/4 4037/4040/4 4006/4009/4
f 4006/4009/4 4037/4040/4 4038/4041/4 4007/4010/4
f 4008/4012/4 4039/4043/4 4040/4042/4 4009/4011/4
f 4009/4011/4 4040/4042/4 4041/4044/4 4010/4013/4
f 4010/4013/4 4041/4044/4 4042/4045/4 4011/4014/4
f 4011/4014/4 4042/4045/4 4043/4046/4 4012/4015/4
f 4012/4015/4 4043/4046/4 4044/4047/4 4013/4016/4
f 4013/4016/4 4044/4047/4 4045/4048/4 4014/4017/4
f 4014/4017/4 4045/4048/4 4046/4049/4 4015/4018/4
f 4015/4018/4 4046/4049/4 4047/4050/4 4016/4019/4
f 4016/4019/4 4047/4050/4 4048/4051/4 4017/4020/4
f 4017/4020/4 4048/4051/4 4049/4052/4 4018/4021/4
f 4018/4021/4 4049/4052/4 4050/4053/4 4019/4022/4
f 4019/4022/4 4050/4053/4 4051/4054/4 4020/4023/4
f 4020/4023/4 4051/4054/4 4052/4055/4 4021/4024/4
f 4021/4024/4 4052/4055/4 4053/4056/4 4022/4025/4
f 4022/4025/4 4053/4056/4 4054/4057/4 4023/4026/4
f 4023/4026/4 4054/4057/4 4055/4058/4 4024/4027/4
f 4024/4027/4 4055/4058/4 4056/4059/4 4025/4028/4
f 4025/4028/4 4056/4059/4 4057/4060/4 4026/4029/4
f 4026/4029/4 4057/4060/4 4058/4061/4 4027/4030/4
f 4027/4030/4 4058/4061/4 4059/4062/4 4028/4031/4
f 4028/4031/4 4059/4062/4 4060/4063/4 4029/4032/4
f 4029/4032/4 4060/4063/4 4061/4064/4 4030/4033/4
f 4030/4033/4 4061/4064/4 4062/4065/4 4031/4034/4
f 4031/4034/4 4062/4065/4 4063/4066/4 4032/4035/4
f 4032/4035/4 4063/4066/4 4064/4067/4 4033/4036/4
f 4033/4036/4 4064/4067/4 4065/4068/4 4034/4037/4
f 4034/4037/4 4065/4068/4 4066/4069/4 4035/4038/4
f 4035/4038/4 4066/4069/4 4067/4070/4 4036/4039/4
f 4036/4039/4 4067/4070/4 4068/4071/4 4037/4040/4
f 4037/4040/4 4068/4071/4 4069/4072/4 4038/4041/4
f 4039/4043/4 4070/4074/4 4071/4073/4 4040/4042/4
f 4040/4042/4 4071/4073/4 4072/4075/4 4041/4044/4
f 4041/4044/4 4072/4075/4 4073/4076/4 4042/4045/4
f 4042/4045/4 4073/4076/4 4074/4077/4 4043/4046/4
f 4043/4046/4 4074/4077/4 4075/4078/4 4044/4047/4
f 4044/4047/4 4075/4078/4 4076/4079/4 4045/4048/4
f 4045/4048/4 4076/4079/4 4077/4080/4 4046/4049/4
f 4046/4049/4 4077/4080/4 4078/4081/4 4047/4050/4
f 4047/4050/4 4078/4081/4 4079/4082/4 4048/4051/4
f 4048/4051/4 4079/4082/4 4080/4083/4 4049/4052/4
f 4049/4052/4 4080/4083/4 4081/4084/4 4050/4053/4
f 4050/4053/4 4081/4084/4 4082/4085/4 4051/4054/4
f 4051/4054/4 4082/4085/4 4083/4086/4 4052/4055/4
f 4052/4055/4 4083/4086/4 4084/4087/4 4053/4056/4
f 4053/4056/4 4084/4087/4 4085/4088/4 4054/4057/4
f 4054/4057/4 4085/4088/4 4086/4089/4 4055/4058/4
f 4055/4058/4 4086/4089/4 4087/4090/4 4056/4059/4
f 4056/4059/4 4087/4090/4 4088/4091/4 4057/4060/4
f 4057/4060/4 4088/4091/4 4089/4092/4 4058/4061/4
f 4058/4061/4 4089/4092/4 4090/4093/4 4059/4062/4
f 4059/4062/4 4090/4093/4 4091/4094/4 4060/4063/4
f 4060/4063/4 4091/4094/4 4092/4095/4 4061/4064/4
f 4061/4064/4 4092/4095/4 4093/4096/4 4062/4065/4
f 4062/4065/4 4093/4096/4 4094/4097/4 4063/4066/4
f 4063/4066/4 4094/4097/4 4095/4098/4 4064/4067/4
f 4064/4067/4 4095/4098/4 4096/4099/4 4065/4068/4
f 4065/4068/4 4096/4099/4 4097/4100/4 4066/4069/4
f 4066/4069/4 4097/4100/4 4098/4101/4 4067/4070/4
f 4067/4070/4 4098/4101/4 4099/4102/4 4068/4071/4
f 4068/4071/4 4099/4102/4 4100/4103/4 4069/4072/4
f 4070/4074/4 4101/4105/4 4102/4104/4 4071/4073/4
f 4071/4073/4 4102/4104/4 4103/4106/4 4072/4075/4
f 4072/4075/4 4103/4106/4 4104/4107/4 4073/4076/4
f 4073/4076/4 4104/4107/4 4105/4108/4 4074/4077/4
f 4074/4077/4 4105/4108/4 4106/4109/4 4075/4078/4
f 4075/4078/4 4106/4109/4 4107/4110/4 4076/4079/4
f 4076/4079/4 4107/4110/4 4108/4111/4 4077/4080/4
f 4077/4080/4 4108/4111/4 4109/4112/4 4078/4081/4
f 4078/4081/4 4109/4112/4 4110/4113/4 4079/4082/4
f 4079/4082/4 4110/4113/4 4111/4114/4 4080/4083/4
f 4080/4083/4 4111/4114/4 4112/4115/4 4081/4084/4
f 4081/4084/4 4112/4115/4 4113/4116/4 4082/4085/4
f 4082/4085/4 4113/4116/4 4114/4117/4 4083/4086/4
f 4083/4086/4 4114/4117/4 4115/4118/4 4084/4087/4
f 4084/4087/4 4115/4118/4 4116/4119/4 4085/4088/4
f 4085/4088/4 4116/4119/4 4117/4120/4 4086/4089/4
f 4086/4089/4 4117/4120/4 4118/4121/4 4087/4090/4
f 4087/4090/4 4118/4121/4 4119/4122/4 4088/4091/4
f 4088/4091/4 4119/4122/4 4120/4123/4 4089/4092/4
f 4089/4092/4 4120/4123/4 4121/4124/4 4090/4093/4
f 4090/4093/4 4121/4124/4 4122/4125/4 4091/4094/4
f 4091/4094/4 4122/4125/4 4123/4126/4 4092/4095/4
f 4092/4095/4 4123/4126/4 4124/4127/4 4093/4096/4
f 4093/4096/4 4124/4127/4 4125/4128/4 4094/4097/4
f 4094/4097/4 4125/4128/4 4126/4129/4 4095/4098/4
f 4095/4098/4 4126/4129/4 4127/4130/4 4096/4099/4
f 4096/4099/4 4127/4130/4 4128/4131/4 4097/4100/4
f 4097/4100/4 4128/4131/4 4129/4132/4 4098/4101/4
f 4098/4101/4 4129/4132/4 4130/4133/4 4099/4102/4
f 4099/4102/4 4130/4133/4 4131/4134/4 4100/4103/4
f 4101/4105/4 4132/4136/4 4133/4135/4 4102/4104/4
f 4102/4104/4 4133/4135/4 4134/4137/4 4103/4106/4
f 4103/4106/4 4134/4137/4 4135/4138/4 4104/4107/4
f 4104/4107/4 4135/4138/4 4136/4139/4 4105/4108/4
f 4105/4108/4 4136/4139/4 4137/4140/4 4106/4109/4
f 4106/4109/4 4137/4140/4 4138/4141/4 4107/4110/4
f 4107/4110/4 4138/4141/4 4139/4142/4 4108/4111/4
f 4108/4111/4 4139/4142/4 4140/4143/4 4109/4112/4
f 4109/4112/4 4140/4143/4 4141/4144/4 4110/4113/4
f 4110/4113/4 4141/4144/4 4142/4145/4 4111/4114/4
f 4111/4114/4 4142/4145/4 4143/4146/4 4112/4115/4
f 4112/4115/4 4143/4146/4 4144/4147/4 4113/4116/4
f 4113/4116/4 4144/4147/4 4145/4148/4 4114/4117/4
f 4114/4117/4 4145/4148/4 4146/4149/4 4115/4118/4
f 4115/4118/4 4146/4149/4 4147/4150/4 4116/4119/4
f 4116/4119/4 4147/4150/4 4148/4151/4 4117/4120/4
f 4117/4120/4 4148/4151/4 4149/4152/4 4118/4121/4
f 4118/4121/4 4149/4152/4 4150/4153/4 4119/4122/4
f 4119/4122/4 4150/4153/4 4151/4154/4 4120/4123/4
f 4120/4123/4 4151/4154/4 4152/4155/4 4121/4124/4
f 4121/4124/4 4152/4155/4 4153/4156/4 4122/4125/4
f 4122/4125/4 4153/4156/4 4154/4157/4 4123/4126/4
f 4123/4126/4 4154/4157/4 4155/4158/4 4124/4127/4
f 4124/4127/4 4155/4158/4 4156/4159/4 4125/4128/4
f 4125/4128/4 4156/4159/4 4157/4160/4 4126/4129/4
f 4126/4129/4 4157/4160/4 4158/4161/4 4127/4130/4
f 4127/4130/4 4158/4161/4 4159/4162/4 4128/4131/4
f 4128/4131/4 4159/4162/4 4160/4163/4 4129/4132/4
f 4129/4132/4 4160/4163/4 4161/4164/4 4130/4133/4
f 4130/4133/4 4161/4164/4 4162/4165/4 4131/4134/4
f 4132/4136/4 4163/4167/4 4164/4166/4 4133/4135/4
f 4133/4135/4 4164/4166/4 4165/4168/4 4134/4137/4
f 4134/4137/4 4165/4168/4 4166/4169/4 4135/4138/4
f 4135/4138/4 4166/4169/4 4167/4170/4 4136/4139/4
f 4136/4139/4 4167/4170/4 4168/4171/4 4137/4140/4
f 4137/4140/4 4168/4171/4 4169/4172/4 4138/4141/4
f 4138/4141/4 4169/4172/4 4170/4173/4 4139/4142/4
f 4139/4142/4 4170/4173/4 4171/4174/4 4140/4143/4
f 4140/4143/4 4171/4174/4 4172/4175/4 4141/4144/4
f 4141/4144/4 4172/4175/4 4173/4176/4 4142/4145/4
f 4142/4145/4 4173/4176/4 4174/4177/4 4143/4146/4
f 4143/4146/4 4174/4177/4 4175/4178/4 4144/4147/4
f 4144/4147/4 4175/4178/4 4176/4179/4 4145/4148/4
f 4145/4148/4 4176/4179/4 4177/4180/4 4146/4149/4
f 4146/4149/4 4177/4180/4 4178/4181/4 4147/4150/4
f 4147/4150/4 4178/4181/4 4179/4182/4 4148/4151/4
f 4148/4151/4 4179/4182/4 4180/4183/4 4149/4152/4
f 4149/4152/4 4180/4183/4 4181/4184/4 4150/4153/4
f 4150/4153/4 4181/4184/4 4182/4185/4 4151/4154/4
f 4151/4154/4 4182/4185/4 4183/4186/4 4152/4155/4
f 4152/4155/4 4183/4186/4 4184/4187/4 4153/4156/4
f 4153/4156/4 4184/4187/4 4185/4188/4 4154/4157/4
f 4154/4157/4 4185/4188/4 4186/4189/4 4155/4158/4
f 4155/4158/4 4186/4189/4 4187/4190/4 4156/4159/4
f 4156/4159/4 4187/4190/4 4188/4191/4 4157/4160/4
f 4157/4160/4 4188/4191/4 4189/4192/4 4158/4161/4
f 4158/4161/4 4189/4192/4 4190/4193/4 4159/4162/4
f 4159/4162/4 4190/4193/4 4191/4194/4 4160/4163/4
f 4160/4163/4 4191/4194/4 4192/4195/4 4161/4164/4
f 4161/4164/4 4192/4195/4 4193/4196/4 4162/4165/4
f 4163/4167/4 4194/4198/4 4195/4197/4 4164/4166/4
f 4164/4166/4 4195/4197/4 4196/4199/4 4165/4168/4
f 4165/4168/4 4196/4199/4 4197/4200/4 4166/4169/4
f 4166/4169/4 4197/4200/4 4198/4201/4 4167/4170/4
f 4167/4170/4 4198/4201/4 4199/4202/4 4168/4171/4
f 4168/4171/4 4199/4202/4 4200/4203/4 4169/4172/4
f 4169/4172/4 4200/4203/4 4201/4204/4 4170/4173/4
f 4170/4173/4 4201/4204/4 4202/4205/4 4171/4174/4
f 4171/4174/4 4202/4205/4 4203/4206/4 4172/4175/4
f 4172/4175/4 4203/4206/4 4204/4207/4 4173/4176/4
f 4173/4176/4 4204/4207/4 4205/4208/4 4174/4177/4
f 4174/4177/4 4205/4208/4 4206/4209/4 4175/4178/4
f 4175/4178/4 4206/4209/4 4207/4210/4 4176/4179/4
f 4176/4179/4 4207/4210/4 4208/4211/4 4177/4180/4
f 4177/4180/4 4208/4211/4 4209/4212/4 4178/4181/4
f 4178/4181/4 4209/4212/4 4210/4213/4 4179/4182/4
f 4179/4182/4 4210/4213/4 4211/4214/4 4180/4183/4
f 4180/4183/4 4211/4214/4 4212/4215/4 4181/4184/4
f 4181/4184/4 4212/4215/4 4213/4216/4 4182/4185/4
f 4182/4185/4 4213/4216/4 4214/4217/4 4183/4186/4
f 4183/4186/4 4214/4217/4 4215/4218/4 4184/4187/4
f 4184/4187/4 4215/4218/4 4216/4219/4 4185/4188/4
f 4185/4188/4 4216/4219/4 4217/4220/4 4186/4189/4
f 4186/4189/4 4217/4220/4 4218/4221/4 4187/4190/4
f 4187/4190/4 4218/4221/4 4219/4222/4 4188/4191/4
f 4188/4191/4 4219/4222/4 4220/4223/4 4189/4192/4
f 4189/4192/4 4220/4223/4 4221/4224/4 4190/4193/4
f 4190/4193/4 4221/4224/4 4222/4225/4 4191/4194/4
f 4191/4194/4 4222/4225/4 4223/4226/4 4192/4195/4
f 4192/4195/4 4223/4226/4 4224/4227/4 4193/4196/4
f 6/4228/4 9/4230/4 3264/3267/4 70/4229/4
f 70/4229/4 3264/3267/4 3265/3268/4 69/4231/4
f 69/4231/4 3265/3268/4 3266/3271/4 68/4232/4
f 68/4232/4 3266/3271/4 3267/3273/4 67/4233/4
f 67/4233/4 3267/3273/4 3268/3275/4 66/4234/4
f 66/4234/4 3268/3275/4 3269/3277/4 65/4235/4
f 65/4235/4 3269/3277/4 3270/3279/4 64/4236/4
f 64/4236/4 3270/3279/4 3271/3281/4 63/4237/4
f 63/4237/4 3271/3281/4 3272/3283/4 62/4238/4
f 62/4238/4 3272/3283/4 3273/3285/4 61/4239/4
f 61/4239/4 3273/3285/4 3274/3287/4 60/4240/4
f 60/4240/4 3274/3287/4 3275/3289/4 59/4241/4
f 59/4241/4 3275/3289/4 3276/3291/4 58/4242/4
f 58/4242/4 3276/3291/4 3277/3293/4 57/4243/4
f 57/4243/4 3277/3293/4 3278/3295/4 56/4244/4
f 56/4244/4 3278/3295/4 3279/3297/4 55/4245/4
f 55/4245/4 3279/3297/4 3280/3299/4 54/4246/4
f 54/4246/4 3280/3299/4 3281/3301/4 53/4247/4
f 53/4247/4 3281/3301/4 3282/3303/4 52/4248/4
f 52/4248/4 3282/3303/4 3283/3305/4 51/4249/4
f 51/4249/4 3283/3305/4 3284/3307/4 50/4250/4
f 50/4250/4 3284/3307/4 3285/3309/4 49/4251/4
f 49/4251/4 3285/3309/4 3286/3311/4 48/4252/4
f 48/4252/4 3286/3311/4 3287/3313/4 47/4253/4
f 47/4253/4 3287/3313/4 3288/3315/4 46/4254/4
f 46/4254/4 3288/3315/4 3289/3317/4 45/4255/4
f 45/4255/4 3289/3317/4 3290/3319/4 44/4256/4
f 44/4256/4 3290/3319/4 3291/3321/4 43/4257/4
f 43/4257/4 3291/3321/4 3292/3323/4 42/4258/4
f 42/4258/4 3292/3323/4 3293/3325/4 41/4259/4
f 41/4259/4 3293/3325/4 3294/3327/4 40/4260/4
f 40/4260/4 3294/3327/4 380/4262/4 2/4261/4
f 3294/3327/4 3325/3328/4 379/4263/4 380/4262/4
f 3325/3328/4 3356/3359/4 378/4264/4 379/4263/4
f 3356/3359/4 3387/3390/4 377/4265/4 378/4264/4
f 3387/3390/4 3418/3421/4 376/4266/4 377/4265/4
f 3418/3421/4 3449/3452/4 375/4267/4 376/4266/4
f 3449/3452/4 3480/3483/4 374/4268/4 375/4267/4
f 3480/3483/4 3511/3514/4 373/4269/4 374/4268/4
f 3511/3514/4 3542/3545/4 372/4270/4 373/4269/4
f 3542/3545/4 3573/3576/4 371/4271/4 372/4270/4
f 3573/3576/4 3604/3607/4 370/4272/4 371/4271/4
f 3604/3607/4 3635/3638/4 369/4273/4 370/4272/4
f 3635/3638/4 3666/3669/4 368/4274/4 369/4273/4
f 3666/3669/4 3697/3700/4 367/4275/4 368/4274/4
f 3697/3700/4 3728/3731/4 366/4276/4 367/4275/4
f 3728/3731/4 3759/3762/4 365/4277/4 366/4276/4
f 3759/3762/4 3790/3793/4 364/4278/4 365/4277/4
f 3790/3793/4 3821/3824/4 363/4279/4 364/4278/4
f 3821/3824/4 3852/3855/4 362/4280/4 363/4279/4
f 3852/3855/4 3883/3886/4 361/4281/4 362/4280/4
f 3883/3886/4 3914/3917/4 360/4282/4 361/4281/4
f 3914/3917/4 3945/3948/4 359/4283/4 360/4282/4
f 3945/3948/4 3976/3979/4 358/4284/4 359/4283/4
f 3976/3979/4 4007/4010/4 357/4285/4 358/4284/4
f 4007/4010/4 4038/4041/4 356/4286/4 357/4285/4
f 4038/4041/4 4069/4072/4 355/4287/4 356/4286/4
f 4069/4072/4 4100/4103/4 354/4288/4 355/4287/4
f 4100/4103/4 4131/4134/4 353/4289/4 354/4288/4
f 4131/4134/4 4162/4165/4 352/4290/4 353/4289/4
f 4162/4165/4 4193/4196/4 351/4291/4 352/4290/4
f 4193/4196/4 4224/4227/4 350/4292/4 351/4291/4
f 4224/4227/4 287/4293/4 4/2051/4 350/4292/4
f 4223/4226/4 286/4294/4 287/4293/4 4224/4227/4
f 4222/4225/4 285/4295/4 286/4294/4 4223/4226/4
f 4221/4224/4 284/4296/4 285/4295/4 4222/4225/4
f 4220/4223/4 283/4297/4 284/4296/4 4221/4224/4
f 4219/4222/4 282/4298/4 283/4297/4 4220/4223/4
f 4218/4221/4 281/4299/4 282/4298/4 4219/4222/4
f 4217/4220/4 280/4300/4 281/4299/4 4218/4221/4
f 4216/4219/4 279/4301/4 280/4300/4 4217/4220/4
f 4215/4218/4 278/4302/4 279/4301/4 4216/4219/4
f 4214/4217/4 277/4303/4 278/4302/4 4215/4218/4
f 4213/4216/4 276/4304/4 277/4303/4 4214/4217/4
f 4212/4215/4 275/4305/4 276/4304/4 4213/4216/4
f 4211/4214/4 274/4306/4 275/4305/4 4212/4215/4
f 4210/4213/4 273/4307/4 274/4306/4 4211/4214/4
f 4209/4212/4 272/4308/4 273/4307/4 4210/4213/4
f 4208/4211/4 271/4309/4 272/4308/4 4209/4212/4
f 4207/4210/4 270/4310/4 271/4309/4 4208/4211/4
f 4206/4209/4 269/4311/4 270/4310/4 4207/4210/4
f 4205/4208/4 268/4312/4 269/4311/4 4206/4209/4
f 4204/4207/4 267/4313/4 268/4312/4 4205/4208/4
f 4203/4206/4 266/4314/4 267/4313/4 4204/4207/4
f 4202/4205/4 265/4315/4 266/4314/4 4203/4206/4
f 4201/4204/4 264/4316/4 265/4315/4 4202/4205/4
f 4200/4203/4 263/4317/4 264/4316/4 4201/4204/4
f 4199/4202/4 262/4318/4 263/4317/4 4200/4203/4
f 4198/4201/4 261/4319/4 262/4318/4 4199/4202/4
f 4197/4200/4 260/4320/4 261/4319/4 4198/4201/4
f 4196/4199/4 259/4321/4 260/4320/4 4197/4200/4
f 4195/4197/4 258/4322/4 259/4321/4 4196/4199/4
f 4194/4198/4 257/4323/4 258/4322/4 4195/4197/4
f 39/4324/4 8/4325/4 257/4323/4 4194/4198/4
f 38/4326/4 39/4324/4 4194/4198/4 4163/4167/4
f 37/4327/4 38/4326/4 4163/4167/4 4132/4136/4
f 36/4328/4 37/4327/4 4132/4136/4 4101/4105/4
f 35/4329/4 36/4328/4 4101/4105/4 4070/4074/4
f 34/4330/4 35/4329/4 4070/4074/4 4039/4043/4
f 33/4331/4 34/4330/4 4039/4043/4 4008/4012/4
f 32/4332/4 33/4331/4 4008/4012/4 3977/3981/4
f 31/4333/4 32/4332/4 3977/3981/4 3946/3950/4
f 30/4334/4 31/4333/4 3946/3950/4 3915/3919/4
f 29/4335/4 30/4334/4 3915/3919/4 3884/3888/4
f 28/4336/4 29/4335/4 3884/3888/4 3853/3857/4
f 27/4337/4 28/4336/4 3853/3857/4 3822/3826/4
f 26/4338/4 27/4337/4 3822/3826/4 3791/3795/4
f 25/4339/4 26/4338/4 3791/3795/4 3760/3764/4
f 24/4340/4 25/4339/4 3760/3764/4 3729/3733/4
f 23/4341/4 24/4340/4 3729/3733/4 3698/3702/4
f 22/4342/4 23/4341/4 3698/3702/4 3667/3671/4
f 21/4343/4 22/4342/4 3667/3671/4 3636/3640/4
f 20/4344/4 21/4343/4 3636/3640/4 3605/3609/4
f 19/4345/4 20/4344/4 3605/3609/4 3574/3578/4
f 18/4346/4 19/4345/4 3574/3578/4 3543/3547/4
f 17/4347/4 18/4346/4 3543/3547/4 3512/3516/4
f 16/4348/4 17/4347/4 3512/3516/4 3481/3485/4
f 15/4349/4 16/4348/4 3481/3485/4 3450/3454/4
f 14/4350/4 15/4349/4 3450/3454/4 3419/3423/4
f 13/4351/4 14/4350/4 3419/3423/4 3388/3392/4
f 12/4352/4 13/4351/4 3388/3392/4 3357/3361/4
f 11/4353/4 12/4352/4 3357/3361/4 3326/3330/4
f 10/4354/4 11/4353/4 3326/3330/4 3295/3270/4
f 9/4230/4 10/4354/4 3295/3270/4 3264/3267/4
f 4225/4355/5 4256/4358/5 4257/4357/5 4226/4356/5
f 4226/4356/5 4257/4357/5 4258/4360/5 4227/4359/5
f 4227/4359/5 4258/4360/5 4259/4362/5 4228/4361/5
f 4228/4361/5 4259/4362/5 4260/4364/5 4229/4363/5
f 4229/4363/5 4260/4364/5 4261/4366/5 4230/4365/5
f 4230/4365/5 4261/4366/5 4262/4368/5 4231/4367/5
f 4231/4367/5 4262/4368/5 4263/4370/5 4232/4369/5
f 4232/4369/5 4263/4370/5 4264/4372/5 4233/4371/5
f 4233/4371/5 4264/4372/5 4265/4374/5 4234/4373/5
f 4234/4373/5 4265/4374/5 4266/4376/5 4235/4375/5
f 4235/4375/5 4266/4376/5 4267/4378/5 4236/4377/5
f 4236/4377/5 4267/4378/5 4268/4380/5 4237/4379/5
f 4237/4379/5 4268/4380/5 4269/4382/5 4238/4381/5
f 4238/4381/5 4269/4382/5 4270/4384/5 4239/4383/5
f 4239/4383/5 4270/4384/5 4271/4386/5 4240/4385/5
f 4240/4385/5 4271/4386/5 4272/4388/5 4241/4387/5
f 4241/4387/5 4272/4388/5 4273/4390/5 4242/4389/5
f 4242/4389/5 4273/4390/5 4274/4392/5 4243/4391/5
f 4243/4391/5 4274/4392/5 4275/4394/5 4244/4393/5
f 4244/4393/5 4275/4394/5 4276/4396/5 4245/4395/5
f 4245/4395/5 4276/4396/5 4277/4398/5 4246/4397/5
f 4246/4397/5 4277/4398/5 4278/4400/5 4247/4399/5
f 4247/4399/5 4278/4400/5 4279/4402/5 4248/4401/5
f 4248/4401/5 4279/4402/5 4280/4404/5 4249/4403/5
f 4249/4403/5 4280/4404/5 4281/4406/5 4250/4405/5
f 4250/4405/5 4281/4406/5 4282/4408/5 4251/4407/5
f 4251/4407/5 4282/4408/5 4283/4410/5 4252/4409/5
f 4252/4409/5 4283/4410/5 4284/4412/5 4253/4411/5
f 4253/4411/5 4284/4412/5 4285/4414/5 4254/4413/5
f 4254/4413/5 4285/4414/5 4286/4416/5 4255/4415/5
f 4256/4358/5 4287/4418/5 4288/4417/5 4257/4357/5
f 4257/4357/5 4288/4417/5 4289/4419/5 4258/4360/5
f 4258/4360/5 4289/4419/5 4290/4420/5 4259/4362/5
f 4259/4362/5 4290/4420/5 4291/4421/5 4260/4364/5
f 4260/4364/5 4291/4421/5 4292/4422/5 4261/4366/5
f 4261/4366/5 4292/4422/5 4293/4423/5 4262/4368/5
f 4262/4368/5 4293/4423/5 4294/4424/5 4263/4370/5
f 4263/4370/5 4294/4424/5 4295/4425/5 4264/4372/5
f 4264/4372/5 4295/4425/5 4296/4426/5 4265/4374/5
f 4265/4374/5 4296/4426/5 4297/4427/5 4266/4376/5
f 4266/4376/5 4297/4427/5 4298/4428/5 4267/4378/5
f 4267/4378/5 4298/4428/5 4299/4429/5 4268/4380/5
f 4268/4380/5 4299/4429/5 4300/4430/5 4269/4382/5
f 4269/4382/5 4300/4430/5 4301/4431/5 4270/4384/5
f 4270/4384/5 4301/4431/5 4302/4432/5 4271/4386/5
f 4271/4386/5 4302/4432/5 4303/4433/5 4272/4388/5
f 4272/4388/5 4303/4433/5 4304/4434/5 4273/4390/5
f 4273/4390/5 4304/4434/5 4305/4435/5 4274/4392/5
f 4274/4392/5 4305/4435/5 4306/4436/5 4275/4394/5
f 4275/4394/5 4306/4436/5 4307/4437/5 4276/4396/5
f 4276/4396/5 4307/4437/5 4308/4438/5 4277/4398/5
f 4277/4398/5 4308/4438/5 4309/4439/5 4278/4400/5
f 4278/4400/5 4309/4439/5 4310/4440/5 4279/4402/5
f 4279/4402/5 4310/4440/5 4311/4441/5 4280/4404/5
f 4280/4404/5 4311/4441/5 4312/4442/5 4281/4406/5
f 4281/4406/5 4312/4442/5 4313/4443/5 4282/4408/5
f 4282/4408/5 4313/4443/5 4314/4444/5 4283/4410/5
f 4283/4410/5 4314/4444/5 4315/4445/5 4284/4412/5
f 4284/4412/5 4315/4445/5 4316/4446/5 4285/4414/5
f 4285/4414/5 4316/4446/5 4317/4447/5 4286/4416/5
f 4287/4418/5 4318/4449/5 4319/4448/5 4288/4417/5
f 4288/4417/5 4319/4448/5 4320/4450/5 4289/4419/5
f 4289/4419/5 4320/4450/5 4321/4451/5 4290/4420/5
f 4290/4420/5 4321/4451/5 4322/4452/5 4291/4421/5
f 4291/4421/5 4322/4452/5 4323/4453/5 4292/4422/5
f 4292/4422/5 4323/4453/5 4324/4454/5 4293/4423/5
f 4293/4423/5 4324/4454/5 4325/4455/5 4294/4424/5
f 4294/4424/5 4325/4455/5 4326/4456/5 4295/4425/5
f 4295/4425/5 4326/4456/5 4327/4457/5 4296/4426/5
f 4296/4426/5 4327/4457/5 4328/4458/5 4297/4427/5
f 4297/4427/5 4328/4458/5 4329/4459/5 4298/4428/5
f 4298/4428/5 4329/4459/5 4330/4460/5 4299/4429/5
f 4299/4429/5 4330/4460/5 4331/4461/5 4300/4430/5
f 4300/4430/5 4331/4461/5 4332/4462/5 4301/4431/5
f 4301/4431/5 4332/4462/5 4333/4463/5 4302/4432/5
f 4302/4432/5 4333/4463/5 4334/4464/5 4303/4433/5
f 4303/4433/5 4334/4464/5 4335/4465/5 4304/4434/5
f 4304/4434/5 4335/4465/5 4336/4466/5 4305/4435/5
f 4305/4435/5 4336/4466/5 4337/4467/5 4306/4436/5
f 4306/4436/5 4337/4467/5 4338/4468/5 4307/4437/5
f 4307/4437/5 4338/4468/5 4339/4469/5 4308/4438/5
f 4308/4438/5 4339/4469/5 4340/4470/5 4309/4439/5
f 4309/4439/5 4340/4470/5 4341/4471/5 4310/4440/5
f 4310/4440/5 4341/4471/5 4342/4472/5 4311/4441/5
f 4311/4441/5 4342/4472/5 4343/4473/5 4312/4442/5
f 4312/4442/5 4343/4473/5 4344/4474/5 4313/4443/5
f 4313/4443/5 4344/4474/5 4345/4475/5 4314/4444/5
f 4314/4444/5 4345/4475/5 4346/4476/5 4315/4445/5
f 4315/4445/5 4346/4476/5 4347/4477/5 4316/4446/5
f 4316/4446/5 4347/4477/5 4348/4478/5 4317/4447/5
f 4318/4449/5 4349/4480/5 4350/4479/5 4319/4448/5
f 4319/4448/5 4350/4479/5 4351/4481/5 4320/4450/5
f 4320/4450/5 4351/4481/5 4352/4482/5 4321/4451/5
f 4321/4451/5 4352/4482/5 4353/4483/5 4322/4452/5
f 4322/4452/5 4353/4483/5 4354/4484/5 4323/4453/5
f 4323/4453/5 4354/4484/5 4355/4485/5 4324/4454/5
f 4324/4454/5 4355/4485/5 4356/4486/5 4325/4455/5
f 4325/4455/5 4356/4486/5 4357/4487/5 4326/4456/5
f 4326/4456/5 4357/4487/5 4358/4488/5 4327/4457/5
f 4327/4457/5 4358/4488/5 4359/4489/5 4328/4458/5
f 4328/4458/5 4359/4489/5 4360/4490/5 4329/4459/5
f 4329/4459/5 4360/4490/5 4361/4491/5 4330/4460/5
f 4330/4460/5 4361/4491/5 4362/4492/5 4331/4461/5
f 4331/4461/5 4362/4492/5 4363/4493/5 4332/4462/5
f 4332/4462/5 4363/4493/5 4364/4494/5 4333/4463/5
f 4333/4463/5 4364/4494/5 4365/4495/5 4334/4464/5
f 4334/4464/5 4365/4495/5 4366/4496/5 4335/4465/5
f 4335/4465/5 4366/4496/5 4367/4497/5 4336/4466/5
f 4336/4466/5 4367/4497/5 4368/4498/5 4337/4467/5
f 4337/4467/5 4368/4498/5 4369/4499/5 4338/4468/5
f 4338/4468/5 4369/4499/5 4370/4500/5 4339/4469/5
f 4339/4469/5 4370/4500/5 4371/4501/5 4340/4470/5
f 4340/4470/5 4371/4501/5 4372/4502/5 4341/4471/5
f 4341/4471/5 4372/4502/5 4373/4503/5 4342/4472/5
f 4342/4472/5 4373/4503/5 4374/4504/5 4343/4473/5
f 4343/4473/5 4374/4504/5 4375/4505/5 4344/4474/5
f 4344/4474/5 4375/4505/5 4376/4506/5 4345/4475/5
f 4345/4475/5 4376/4506/5 4377/4507/5 4346/4476/5
f 4346/4476/5 4377/4507/5 4378/4508/5 4347/4477/5
f 4347/4477/5 4378/4508/5 4379/4509/5 4348/4478/5
f 4349/4480/5 4380/4511/5 4381/4510/5 4350/4479/5
f 4350/4479/5 4381/4510/5 4382/4512/5 4351/4481/5
f 4351/4481/5 4382/4512/5 4383/4513/5 4352/4482/5
f 4352/4482/5 4383/4513/5 4384/4514/5 4353/4483/5
f 4353/4483/5 4384/4514/5 4385/4515/5 4354/4484/5
f 4354/4484/5 4385/4515/5 4386/4516/5 4355/4485/5
f 4355/4485/5 4386/4516/5 4387/4517/5 4356/4486/5
f 4356/4486/5 4387/4517/5 4388/4518/5 4357/4487/5
f 4357/4487/5 4388/4518/5 4389/4519/5 4358/4488/5
f 4358/4488/5 4389/4519/5 4390/4520/5 4359/4489/5
f 4359/4489/5 4390/4520/5 4391/4521/5 4360/4490/5
f 4360/4490/5 4391/4521/5 4392/4522/5 4361/4491/5
f 4361/4491/5 4392/4522/5 4393/4523/5 4362/4492/5
f 4362/4492/5 4393/4523/5 4394/4524/5 4363/4493/5
f 4363/4493/5 4394/4524/5 4395/4525/5 4364/4494/5
f 4364/4494/5 4395/4525/5 4396/4526/5 4365/4495/5
f 4365/4495/5 4396/4526/5 4397/4527/5 4366/4496/5
f 4366/4496/5 4397/4527/5 4398/4528/5 4367/4497/5
f 4367/4497/5 4398/4528/5 4399/4529/5 4368/4498/5
f 4368/4498/5 4399/4529/5 4400/4530/5 4369/4499/5
f 4369/4499/5 4400/4530/5 4401/4531/5 4370/4500/5
f 4370/4500/5 4401/4531/5 4402/4532/5 4371/4501/5
f 4371/4501/5 4402/4532/5 4403/4533/5 4372/4502/5
f 4372/4502/5 4403/4533/5 4404/4534/5 4373/4503/5
f 4373/4503/5 4404/4534/5 4405/4535/5 4374/4504/5
f 4374/4504/5 4405/4535/5 4406/4536/5 4375/4505/5
f 4375/4505/5 4406/4536/5 4407/4537/5 4376/4506/5
f 4376/4506/5 4407/4537/5 4408/4538/5 4377/4507/5
f 4377/4507/5 4408/4538/5 4409/4539/5 4378/4508/5
f 4378/4508/5 4409/4539/5 4410/4540/5 4379/4509/5
f 4380/4511/5 4411/4542/5 4412/4541/5 4381/4510/5
f 4381/4510/5 4412/4541/5 4413/4543/5 4382/4512/5
f 4382/4512/5 4413/4543/5 4414/4544/5 4383/4513/5
f 4383/4513/5 4414/4544/5 4415/4545/5 4384/4514/5
f 4384/4514/5 4415/4545/5 4416/4546/5 4385/4515/5
f 4385/4515/5 4416/4546/5 4417/4547/5 4386/4516/5
f 4386/4516/5 4417/4547/5 4418/4548/5 4387/4517/5
f 4387/4517/5 4418/4548/5 4419/4549/5 4388/4518/5
f 4388/4518/5 4419/4549/5 4420/4550/5 4389/4519/5
f 4389/4519/5 4420/4550/5 4421/4551/5 4390/4520/5
f 4390/4520/5 4421/4551/5 4422/4552/5 4391/4521/5
f 4391/4521/5 4422/4552/5 4423/4553/5 4392/4522/5
f 4392/4522/5 4423/4553/5 4424/4554/5 4393/4523/5
f 4393/4523/5 4424/4554/5 4425/4555/5 4394/4524/5
f 4394/4524/5 4425/4555/5 4426/4556/5 4395/4525/5
f 4395/4525/5 4426/4556/5 4427/4557/5 4396/4526/5
f 4396/4526/5 4427/4557/5 4428/4558/5 4397/4527/5
f 4397/4527/5 4428/4558/5 4429/4559/5 4398/4528/5
f 4398/4528/5 4429/4559/5 4430/4560/5 4399/4529/5
f 4399/4529/5 4430/4560/5 4431/4561/5 4400/4530/5
f 4400/4530/5 4431/4561/5 4432/4562/5 4401/4531/5
f 4401/4531/5 4432/4562/5 4433/4563/5 4402/4532/5
f 4402/4532/5 4433/4563/5 4434/4564/5 4403/4533/5
f 4403/4533/5 4434/4564/5 4435/4565/5 4404/4534/5
f 4404/4534/5 4435/4565/5 4436/4566/5 4405/4535/5
f 4405/4535/5 4436/4566/5 4437/4567/5 4406/4536/5
f 4406/4536/5 4437/4567/5 4438/4568/5 4407/4537/5
f 4407/4537/5 4438/4568/5 4439/4569/5 4408/4538/5
f 4408/4538/5 4439/4569/5 4440/4570/5 4409/4539/5
f 4409/4539/5 4440/4570/5 4441/4571/5 4410/4540/5
f 4411/4542/5 4442/4573/5 4443/4572/5 4412/4541/5
f 4412/4541/5 4443/4572/5 4444/4574/5 4413/4543/5
f 4413/4543/5 4444/4574/5 4445/4575/5 4414/4544/5
f 4414/4544/5 4445/4575/5 4446/4576/5 4415/4545/5
f 4415/4545/5 4446/4576/5 4447/4577/5 4416/4546/5
f 4416/4546/5 4447/4577/5 4448/4578/5 4417/4547/5
f 4417/4547/5 4448/4578/5 4449/4579/5 4418/4548/5
f 4418/4548/5 4449/4579/5 4450/4580/5 4419/4549/5
f 4419/4549/5 4450/4580/5 4451/4581/5 4420/4550/5
f 4420/4550/5 4451/4581/5 4452/4582/5 4421/4551/5
f 4421/4551/5 4452/4582/5 4453/4583/5 4422/4552/5
f 4422/4552/5 4453/4583/5 4454/4584/5 4423/4553/5
f 4423/4553/5 4454/4584/5 4455/4585/5 4424/4554/5
f 4424/4554/5 4455/4585/5 4456/4586/5 4425/4555/5
f 4425/4555/5 4456/4586/5 4457/4587/5 4426/4556/5
f 4426/4556/5 4457/4587/5 4458/4588/5 4427/4557/5
f 4427/4557/5 4458/4588/5 4459/4589/5 4428/4558/5
f 4428/4558/5 4459/4589/5 4460/4590/5 4429/4559/5
f 4429/4559/5 4460/4590/5 4461/4591/5 4430/4560/5
f 4430/4560/5 4461/4591/5 4462/4592/5 4431/4561/5
f 4431/4561/5 4462/4592/5 4463/4593/5 4432/4562/5
f 4432/4562/5 4463/4593/5 4464/4594/5 4433/4563/5
f 4433/4563/5 4464/4594/5 4465/4595/5 4434/4564/5
f 4434/4564/5 4465/4595/5 4466/4596/5 4435/4565/5
f 4435/4565/5 4466/4596/5 4467/4597/5 4436/4566/5
f 4436/4566/5 4467/4597/5 4468/4598/5 4437/4567/5
f 4437/4567/5 4468/4598/5 4469/4599/5 4438/4568/5
f 4438/4568/5 4469/4599/5 4470/4600/5 4439/4569/5
f 4439/4569/5 4470/4600/5 4471/4601/5 4440/4570/5
f 4440/4570/5 4471/4601/5 4472/4602/5 4441/4571/5
f 4442/4573/5 4473/4604/5 4474/4603/5 4443/4572/5
f 4443/4572/5 4474/4603/5 4475/4605/5 4444/4574/5
f 4444/4574/5 4475/4605/5 4476/4606/5 4445/4575/5
f 4445/4575/5 4476/4606/5 4477/4607/5 4446/4576/5
f 4446/4576/5 4477/4607/5 4478/4608/5 4447/4577/5
f 4447/4577/5 4478/4608/5 4479/4609/5 4448/4578/5
f 4448/4578/5 4479/4609/5 4480/4610/5 4449/4579/5
f 4449/4579/5 4480/4610/5 4481/4611/5 4450/4580/5
f 4450/4580/5 4481/4611/5 4482/4612/5 4451/4581/5
f 4451/4581/5 4482/4612/5 4483/4613/5 4452/4582/5
f 4452/4582/5 4483/4613/5 4484/4614/5 4453/4583/5
f 4453/4583/5 4484/4614/5 4485/4615/5 4454/4584/5
f 4454/4584/5 4485/4615/5 4486/4616/5 4455/4585/5
f 4455/4585/5 4486/4616/5 4487/4617/5 4456/4586/5
f 4456/4586/5 4487/4617/5 4488/4618/5 4457/4587/5
f 4457/4587/5 4488/4618/5 4489/4619/5 4458/4588/5
f 4458/4588/5 4489/4619/5 4490/4620/5 4459/4589/5
f 4459/4589/5 4490/4620/5 4491/4621/5 4460/4590/5
f 4460/4590/5 4491/4621/5 4492/4622/5 4461/4591/5
f 4461/4591/5 4492/4622/5 4493/4623/5 4462/4592/5
f 4462/4592/5 4493/4623/5 4494/4624/5 4463/4593/5
f 4463/4593/5 4494/4624/5 4495/4625/5 4464/4594/5
f 4464/4594/5 4495/4625/5 4496/4626/5 4465/4595/5
f 4465/4595/5 4496/4626/5 4497/4627/5 4466/4596/5
f 4466/4596/5 4497/4627/5 4498/4628/5 4467/4597/5
f 4467/4597/5 4498/4628/5 4499/4629/5 4468/4598/5
f 4468/4598/5 4499/4629/5 4500/4630/5 4469/4599/5
f 4469/4599/5 4500/4630/5 4501/4631/5 4470/4600/5
f 4470/4600/5 4501/4631/5 4502/4632/5 4471/4601/5
f 4471/4601/5 4502/4632/5 4503/4633/5 4472/4602/5
f 4473/4604/5 4504/4635/5 4505/4634/5 4474/4603/5
f 4474/4603/5 4505/4634/5 4506/4636/5 4475/4605/5
f 4475/4605/5 4506/4636/5 4507/4637/5 4476/4606/5
f 4476/4606/5 4507/4637/5 4508/4638/5 4477/4607/5
f 4477/4607/5 4508/4638/5 4509/4639/5 4478/4608/5
f 4478/4608/5 4509/4639/5 4510/4640/5 4479/4609/5
f 4479/4609/5 4510/4640/5 4511/4641/5 4480/4610/5
f 4480/4610/5 4511/4641/5 4512/4642/5 4481/4611/5
f 4481/4611/5 4512/4642/5 4513/4643/5 4482/4612/5
f 4482/4612/5 4513/4643/5 4514/4644/5 4483/4613/5
f 4483/4613/5 4514/4644/5 4515/4645/5 4484/4614/5
f 4484/4614/5 4515/4645/5 4516/4646/5 4485/4615/5
f 4485/4615/5 4516/4646/5 4517/4647/5 4486/4616/5
f 4486/4616/5 4517/4647/5 4518/4648/5 4487/4617/5
f 4487/4617/5 4518/4648/5 4519/4649/5 4488/4618/5
f 4488/4618/5 4519/4649/5 4520/4650/5 4489/4619/5
f 4489/4619/5 4520/4650/5 4521/4651/5 4490/4620/5
f 4490/4620/5 4521/4651/5 4522/4652/5 4491/4621/5
f 4491/4621/5 4522/4652/5 4523/4653/5 4492/4622/5
f 4492/4622/5 4523/4653/5 4524/4654/5 4493/4623/5
f 4493/4623/5 4524/4654/5 4525/4655/5 4494/4624/5
f 4494/4624/5 4525/4655/5 4526/4656/5 4495/4625/5
f 4495/4625/5 4526/4656/5 4527/4657/5 4496/4626/5
f 4496/4626/5 4527/4657/5 4528/4658/5 4497/4627/5
f 4497/4627/5 4528/4658/5 4529/4659/5 4498/4628/5
f 4498/4628/5 4529/4659/5 4530/4660/5 4499/4629/5
f 4499/4629/5 4530/4660/5 4531/4661/5 4500/4630/5
f 4500/4630/5 4531/4661/5 4532/4662/5 4501/4631/5
f 4501/4631/5 4532/4662/5 4533/4663/5 4502/4632/5
f 4502/4632/5 4533/4663/5 4534/4664/5 4503/4633/5
f 4504/4635/5 4535/4666/5 4536/4665/5 4505/4634/5
f 4505/4634/5 4536/4665/5 4537/4667/5 4506/4636/5
f 4506/4636/5 4537/4667/5 4538/4668/5 4507/4637/5
f 4507/4637/5 4538/4668/5 4539/4669/5 4508/4638/5
f 4508/4638/5 4539/4669/5 4540/4670/5 4509/4639/5
f 4509/4639/5 4540/4670/5 4541/4671/5 4510/4640/5
f 4510/4640/5 4541/4671/5 4542/4672/5 4511/4641/5
f 4511/4641/5 4542/4672/5 4543/4673/5 4512/4642/5
f 4512/4642/5 4543/4673/5 4544/4674/5 4513/4643/5
f 4513/4643/5 4544/4674/5 4545/4675/5 4514/4644/5
f 4514/4644/5 4545/4675/5 4546/4676/5 4515/4645/5
f 4515/4645/5 4546/4676/5 4547/4677/5 4516/4646/5
f 4516/4646/5 4547/4677/5 4548/4678/5 4517/4647/5
f 4517/4647/5 4548/4678/5 4549/4679/5 4518/4648/5
f 4518/4648/5 4549/4679/5 4550/4680/5 4519/4649/5
f 4519/4649/5 4550/4680/5 4551/4681/5 4520/4650/5
f 4520/4650/5 4551/4681/5 4552/4682/5 4521/4651/5
f 4521/4651/5 4552/4682/5 4553/4683/5 4522/4652/5
f 4522/4652/5 4553/4683/5 4554/4684/5 4523/4653/5
f 4523/4653/5 4554/4684/5 4555/4685/5 4524/4654/5
f 4524/4654/5 4555/4685/5 4556/4686/5 4525/4655/5
f 4525/4655/5 4556/4686/5 4557/4687/5 4526/4656/5
f 4526/4656/5 4557/4687/5 4558/4688/5 4527/4657/5
f 4527/4657/5 4558/4688/5 4559/4689/5 4528/4658/5
f 4528/4658/5 4559/4689/5 4560/4690/5 4529/4659/5
f 4529/4659/5 4560/4690/5 4561/4691/5 4530/4660/5
f 4530/4660/5 4561/4691/5 4562/4692/5 4531/4661/5
f 4531/4661/5 4562/4692/5 4563/4693/5 4532/4662/5
f 4532/4662/5 4563/4693/5 4564/4694/5 4533/4663/5
f 4533/4663/5 4564/4694/5 4565/4695/5 4534/4664/5
f 4535/4666/5 4566/4697/5 4567/4696/5 4536/4665/5
f 4536/4665/5 4567/4696/5 4568/4698/5 4537/4667/5
f 4537/4667/5 4568/4698/5 4569/4699/5 4538/4668/5
f 4538/4668/5 4569/4699/5 4570/4700/5 4539/4669/5
f 4539/4669/5 4570/4700/5 4571/4701/5 4540/4670/5
f 4540/4670/5 4571/4701/5 4572/4702/5 4541/4671/5
f 4541/4671/5 4572/4702/5 4573/4703/5 4542/4672/5
f 4542/4672/5 4573/4703/5 4574/4704/5 4543/4673/5
f 4543/4673/5 4574/4704/5 4575/4705/5 4544/4674/5
f 4544/4674/5 4575/4705/5 4576/4706/5 4545/4675/5
f 4545/4675/5 4576/4706/5 4577/4707/5 4546/4676/5
f 4546/4676/5 4577/4707/5 4578/4708/5 4547/4677/5
f 4547/4677/5 4578/4708/5 4579/4709/5 4548/4678/5
f 4548/4678/5 4579/4709/5 4580/4710/5 4549/4679/5
f 4549/4679/5 4580/4710/5 4581/4711/5 4550/4680/5
f 4550/4680/5 4581/4711/5 4582/4712/5 4551/4681/5
f 4551/4681/5 4582/4712/5 4583/4713/5 4552/4682/5
f 4552/4682/5 4583/4713/5 4584/4714/5 4553/4683/5
f 4553/4683/5 4584/4714/5 4585/4715/5 4554/4684/5
f 4554/4684/5 4585/4715/5 4586/4716/5 4555/4685/5
f 4555/4685/5 4586/4716/5 4587/4717/5 4556/4686/5
f 4556/4686/5 4587/4717/5 4588/4718/5 4557/4687/5
f 4557/4687/5 4588/4718/5 4589/4719/5 4558/4688/5
f 4558/4688/5 4589/4719/5 4590/4720/5 4559/4689/5
f 4559/4689/5 4590/4720/5 4591/4721/5 4560/4690/5
f 4560/4690/5 4591/4721/5 4592/4722/5 4561/4691/5
f 4561/4691/5 4592/4722/5 4593/4723/5 4562/4692/5
f 4562/4692/5 4593/4723/5 4594/4724/5 4563/4693/5
f 4563/4693/5 4594/4724/5 4595/4725/5 4564/4694/5
f 4564/4694/5 4595/4725/5 4596/4726/5 4565/4695/5
f 4566/4697/5 4597/4728/5 4598/4727/5 4567/4696/5
f 4567/4696/5 4598/4727/5 4599/4729/5 4568/4698/5
f 4568/4698/5 4599/4729/5 4600/4730/5 4569/4699/5
f 4569/4699/5 4600/4730/5 4601/4731/5 4570/4700/5
f 4570/4700/5 4601/4731/5 4602/4732/5 4571/4701/5
f 4571/4701/5 4602/4732/5 4603/4733/5 4572/4702/5
f 4572/4702/5 4603/4733/5 4604/4734/5 4573/4703/5
f 4573/4703/5 4604/4734/5 4605/4735/5 4574/4704/5
f 4574/4704/5 4605/4735/5 4606/4736/5 4575/4705/5
f 4575/4705/5 4606/4736/5 4607/4737/5 4576/4706/5
f 4576/4706/5 4607/4737/5 4608/4738/5 4577/4707/5
f 4577/4707/5 4608/4738/5 4609/4739/5 4578/4708/5
f 4578/4708/5 4609/4739/5 4610/4740/5 4579/4709/5
f 4579/4709/5 4610/4740/5 4611/4741/5 4580/4710/5
f 4580/4710/5 4611/4741/5 4612/4742/5 4581/4711/5
f 4581/4711/5 4612/4742/5 4613/4743/5 4582/4712/5
f 4582/4712/5 4613/4743/5 4614/4744/5 4583/4713/5
f 4583/4713/5 4614/4744/5 4615/4745/5 4584/4714/5
f 4584/4714/5 4615/4745/5 4616/4746/5 4585/4715/5
f 4585/4715/5 4616/4746/5 4617/4747/5 4586/4716/5
f 4586/4716/5 4617/4747/5 4618/4748/5 4587/4717/5
f 4587/4717/5 4618/4748/5 4619/4749/5 4588/4718/5
f 4588/4718/5 4619/4749/5 4620/4750/5 4589/4719/5
f 4589/4719/5 4620/4750/5 4621/4751/5 4590/4720/5
f 4590/4720/5 4621/4751/5 4622/4752/5 4591/4721/5
f 4591/4721/5 4622/4752/5 4623/4753/5 4592/4722/5
f 4592/4722/5 4623/4753/5 4624/4754/5 4593/4723/5
f 4593/4723/5 4624/4754/5 4625/4755/5 4594/4724/5
f 4594/4724/5 4625/4755/5 4626/4756/5 4595/4725/5
f 4595/4725/5 4626/4756/5 4627/4757/5 4596/4726/5
f 4597/4728/5 4628/4759/5 4629/4758/5 4598/4727/5
f 4598/4727/5 4629/4758/5 4630/4760/5 4599/4729/5
f 4599/4729/5 4630/4760/5 4631/4761/5 4600/4730/5
f 4600/4730/5 4631/4761/5 4632/4762/5 4601/4731/5
f 4601/4731/5 4632/4762/5 4633/4763/5 4602/4732/5
f 4602/4732/5 4633/4763/5 4634/4764/5 4603/4733/5
f 4603/4733/5 4634/4764/5 4635/4765/5 4604/4734/5
f 4604/4734/5 4635/4765/5 4636/4766/5 4605/4735/5
f 4605/4735/5 4636/4766/5 4637/4767/5 4606/4736/5
f 4606/4736/5 4637/4767/5 4638/4768/5 4607/4737/5
f 4607/4737/5 4638/4768/5 4639/4769/5 4608/4738/5
f 4608/4738/5 4639/4769/5 4640/4770/5 4609/4739/5
f 4609/4739/5 4640/4770/5 4641/4771/5 4610/4740/5
f 4610/4740/5 4641/4771/5 4642/4772/5 4611/4741/5
f 4611/4741/5 4642/4772/5 4643/4773/5 4612/4742/5
f 4612/4742/5 4643/4773/5 4644/4774/5 4613/4743/5
f 4613/4743/5 4644/4774/5 4645/4775/5 4614/4744/5
f 4614/4744/5 4645/4775/5 4646/4776/5 4615/4745/5
f 4615/4745/5 4646/4776/5 4647/4777/5 4616/4746/5
f 4616/4746/5 4647/4777/5 4648/4778/5 4617/4747/5
f 4617/4747/5 4648/4778/5 4649/4779/5 4618/4748/5
f 4618/4748/5 4649/4779/5 4650/4780/5 4619/4749/5
f 4619/4749/5 4650/4780/5 4651/4781/5 4620/4750/5
f 4620/4750/5 4651/4781/5 4652/4782/5 4621/4751/5
f 4621/4751/5 4652/4782/5 4653/4783/5 4622/4752/5
f 4622/4752/5 4653/4783/5 4654/4784/5 4623/4753/5
f 4623/4753/5 4654/4784/5 4655/4785/5 4624/4754/5
f 4624/4754/5 4655/4785/5 4656/4786/5 4625/4755/5
f 4625/4755/5 4656/4786/5 4657/4787/5 4626/4756/5
f 4626/4756/5 4657/4787/5 4658/4788/5 4627/4757/5
f 4628/4759/5 4659/4790/5 4660/4789/5 4629/4758/5
f 4629/4758/5 4660/4789/5 4661/4791/5 4630/4760/5
f 4630/4760/5 4661/4791/5 4662/4792/5 4631/4761/5
f 4631/4761/5 4662/4792/5 4663/4793/5 4632/4762/5
f 4632/4762/5 4663/4793/5 4664/4794/5 4633/4763/5
f 4633/4763/5 4664/4794/5 4665/4795/5 4634/4764/5
f 4634/4764/5 4665/4795/5 4666/4796/5 4635/4765/5
f 4635/4765/5 4666/4796/5 4667/4797/5 4636/4766/5
f 4636/4766/5 4667/4797/5 4668/4798/5 4637/4767/5
f 4637/4767/5 4668/4798/5 4669/4799/5 4638/4768/5
f 4638/4768/5 4669/4799/5 4670/4800/5 4639/4769/5
f 4639/4769/5 4670/4800/5 4671/4801/5 4640/4770/5
f 4640/4770/5 4671/4801/5 4672/4802/5 4641/4771/5
f 4641/4771/5 4672/4802/5 4673/4803/5 4642/4772/5
f 4642/4772/5 4673/4803/5 4674/4804/5 4643/4773/5
f 4643/4773/5 4674/4804/5 4675/4805/5 4644/4774/5
f 4644/4774/5 4675/4805/5 4676/4806/5 4645/4775/5
f 4645/4775/5 4676/4806/5 4677/4807/5 4646/4776/5
f 4646/4776/5 4677/4807/5 4678/4808/5 4647/4777/5
f 4647/4777/5 4678/4808/5 4679/4809/5 4648/4778/5
f 4648/4778/5 4679/4809/5 4680/4810/5 4649/4779/5
f 4649/4779/5 4680/4810/5 4681/4811/5 4650/4780/5
f 4650/4780/5 4681/4811/5 4682/4812/5 4651/4781/5
f 4651/4781/5 4682/4812/5 4683/4813/5 4652/4782/5
f 4652/4782/5 4683/4813/5 4684/4814/5 4653/4783/5
f 4653/4783/5 4684/4814/5 4685/4815/5 4654/4784/5
f 4654/4784/5 4685/4815/5 4686/4816/5 4655/4785/5
f 4655/4785/5 4686/4816/5 4687/4817/5 4656/4786/5
f 4656/4786/5 4687/4817/5 4688/4818/5 4657/4787/5
f 4657/4787/5 4688/4818/5 4689/4819/5 4658/4788/5
f 4659/4790/5 4690/4821/5 4691/4820/5 4660/4789/5
f 4660/4789/5 4691/4820/5 4692/4822/5 4661/4791/5
f 4661/4791/5 4692/4822/5 4693/4823/5 4662/4792/5
f 4662/4792/5 4693/4823/5 4694/4824/5 4663/4793/5
f 4663/4793/5 4694/4824/5 4695/4825/5 4664/4794/5
f 4664/4794/5 4695/4825/5 4696/4826/5 4665/4795/5
f 4665/4795/5 4696/4826/5 4697/4827/5 4666/4796/5
f 4666/4796/5 4697/4827/5 4698/4828/5 4667/4797/5
f 4667/4797/5 4698/4828/5 4699/4829/5 4668/4798/5
f 4668/4798/5 4699/4829/5 4700/4830/5 4669/4799/5
f 4669/4799/5 4700/4830/5 4701/4831/5 4670/4800/5
f 4670/4800/5 4701/4831/5 4702/4832/5 4671/4801/5
f 4671/4801/5 4702/4832/5 4703/4833/5 4672/4802/5
f 4672/4802/5 4703/4833/5 4704/4834/5 4673/4803/5
f 4673/4803/5 4704/4834/5 4705/4835/5 4674/4804/5
f 4674/4804/5 4705/4835/5 4706/4836/5 4675/4805/5
f 4675/4805/5 4706/4836/5 4707/4837/5 4676/4806/5
f 4676/4806/5 4707/4837/5 4708/4838/5 4677/4807/5
f 4677/4807/5 4708/4838/5 4709/4839/5 4678/4808/5
f 4678/4808/5 4709/4839/5 4710/4840/5 4679/4809/5
f 4679/4809/5 4710/4840/5 4711/4841/5 4680/4810/5
f 4680/4810/5 4711/4841/5 4712/4842/5 4681/4811/5
f 4681/4811/5 4712/4842/5 4713/4843/5 4682/4812/5
f 4682/4812/5 4713/4843/5 4714/4844/5 4683/4813/5
f 4683/4813/5 4714/4844/5 4715/4845/5 4684/4814/5
f 4684/4814/5 4715/4845/5 4716/4846/5 4685/4815/5
f 4685/4815/5 4716/4846/5 4717/4847/5 4686/4816/5
f 4686/4816/5 4717/4847/5 4718/4848/5 4687/4817/5
f 4687/4817/5 4718/4848/5 4719/4849/5 4688/4818/5
f 4688/4818/5 4719/4849/5 4720/4850/5 4689/4819/5
f 4690/4821/5 4721/4852/5 4722/4851/5 4691/4820/5
f 4691/4820/5 4722/4851/5 4723/4853/5 4692/4822/5
f 4692/4822/5 4723/4853/5 4724/4854/5 4693/4823/5
f 4693/4823/5 4724/4854/5 4725/4855/5 4694/4824/5
f 4694/4824/5 4725/4855/5 4726/4856/5 4695/4825/5
f 4695/4825/5 4726/4856/5 4727/4857/5 4696/4826/5
f 4696/4826/5 4727/4857/5 4728/4858/5 4697/4827/5
f 4697/4827/5 4728/4858/5 4729/4859/5 4698/4828/5
f 4698/4828/5 4729/4859/5 4730/4860/5 4699/4829/5
f 4699/4829/5 4730/4860/5 4731/4861/5 4700/4830/5
f 4700/4830/5 4731/4861/5 4732/4862/5 4701/4831/5
f 4701/4831/5 4732/4862/5 4733/4863/5 4702/4832/5
f 4702/4832/5 4733/4863/5 4734/4864/5 4703/4833/5
f 4703/4833/5 4734/4864/5 4735/4865/5 4704/4834/5
f 4704/4834/5 4735/4865/5 4736/4866/5 4705/4835/5
f 4705/4835/5 4736/4866/5 4737/4867/5 4706/4836/5
f 4706/4836/5 4737/4867/5 4738/4868/5 4707/4837/5
f 4707/4837/5 4738/4868/5 4739/4869/5 4708/4838/5
f 4708/4838/5 4739/4869/5 4740/4870/5 4709/4839/5
f 4709/4839/5 4740/4870/5 4741/4871/5 4710/4840/5
f 4710/4840/5 4741/4871/5 4742/4872/5 4711/4841/5
f 4711/4841/5 4742/4872/5 4743/4873/5 4712/4842/5
f 4712/4842/5 4743/4873/5 4744/4874/5 4713/4843/5
f 4713/4843/5 4744/4874/5 4745/4875/5 4714/4844/5
f 4714/4844/5 4745/4875/5 4746/4876/5 4715/4845/5
f 4715/4845/5 4746/4876/5 4747/4877/5 4716/4846/5
f 4716/4846/5 4747/4877/5 4748/4878/5 4717/4847/5
f 4717/4847/5 4748/4878/5 4749/4879/5 4718/4848/5
f 4718/4848/5 4749/4879/5 4750/4880/5 4719/4849/5
f 4719/4849/5 4750/4880/5 4751/4881/5 4720/4850/5
f 4721/4852/5 4752/4883/5 4753/4882/5 4722/4851/5
f 4722/4851/5 4753/4882/5 4754/4884/5 4723/4853/5
f 4723/4853/5 4754/4884/5 4755/4885/5 4724/4854/5
f 4724/4854/5 4755/4885/5 4756/4886/5 4725/4855/5
f 4725/4855/5 4756/4886/5 4757/4887/5 4726/4856/5
f 4726/4856/5 4757/4887/5 4758/4888/5 4727/4857/5
f 4727/4857/5 4758/4888/5 4759/4889/5 4728/4858/5
f 4728/4858/5 4759/4889/5 4760/4890/5 4729/4859/5
f 4729/4859/5 4760/4890/5 4761/4891/5 4730/4860/5
f 4730/4860/5 4761/4891/5 4762/4892/5 4731/4861/5
f 4731/4861/5 4762/4892/5 4763/4893/5 4732/4862/5
f 4732/4862/5 4763/4893/5 4764/4894/5 4733/4863/5
f 4733/4863/5 4764/4894/5 4765/4895/5 4734/4864/5
f 4734/4864/5 4765/4895/5 4766/4896/5 4735/4865/5
f 4735/4865/5 4766/4896/5 4767/4897/5 4736/4866/5
f 4736/4866/5 4767/4897/5 4768/4898/5 4737/4867/5
f 4737/4867/5 4768/4898/5 4769/4899/5 4738/4868/5
f 4738/4868/5 4769/4899/5 4770/4900/5 4739/4869/5
f 4739/4869/5 4770/4900/5 4771/4901/5 4740/4870/5
f 4740/4870/5 4771/4901/5 4772/4902/5 4741/4871/5
f 4741/4871/5 4772/4902/5 4773/4903/5 4742/4872/5
f 4742/4872/5 4773/4903/5 4774/4904/5 4743/4873/5
f 4743/4873/5 4774/4904/5 4775/4905/5 4744/4874/5
f 4744/4874/5 4775/4905/5 4776/4906/5 4745/4875/5
f 4745/4875/5 4776/4906/5 4777/4907/5 4746/4876/5
f 4746/4876/5 4777/4907/5 4778/4908/5 4747/4877/5
f 4747/4877/5 4778/4908/5 4779/4909/5 4748/4878/5
f 4748/4878/5 4779/4909/5 4780/4910/5 4749/4879/5
f 4749/4879/5 4780/4910/5 4781/4911/5 4750/4880/5
f 4750/4880/5 4781/4911/5 4782/4912/5 4751/4881/5
f 4752/4883/5 4783/4914/5 4784/4913/5 4753/4882/5
f 4753/4882/5 4784/4913/5 4785/4915/5 4754/4884/5
f 4754/4884/5 4785/4915/5 4786/4916/5 4755/4885/5
f 4755/4885/5 4786/4916/5 4787/4917/5 4756/4886/5
f 4756/4886/5 4787/4917/5 4788/4918/5 4757/4887/5
f 4757/4887/5 4788/4918/5 4789/4919/5 4758/4888/5
f 4758/4888/5 4789/4919/5 4790/4920/5 4759/4889/5
f 4759/4889/5 4790/4920/5 4791/4921/5 4760/4890/5
f 4760/4890/5 4791/4921/5 4792/4922/5 4761/4891/5
f 4761/4891/5 4792/4922/5 4793/4923/5 4762/4892/5
f 4762/4892/5 4793/4923/5 4794/4924/5 4763/4893/5
f 4763/4893/5 4794/4924/5 4795/4925/5 4764/4894/5
f 4764/4894/5 4795/4925/5 4796/4926/5 4765/4895/5
f 4765/4895/5 4796/4926/5 4797/4927/5 4766/4896/5
f 4766/4896/5 4797/4927/5 4798/4928/5 4767/4897/5
f 4767/4897/5 4798/4928/5 4799/4929/5 4768/4898/5
f 4768/4898/5 4799/4929/5 4800/4930/5 4769/4899/5
f 4769/4899/5 4800/4930/5 4801/4931/5 4770/4900/5
f 4770/4900/5 4801/4931/5 4802/4932/5 4771/4901/5
f 4771/4901/5 4802/4932/5 4803/4933/5 4772/4902/5
f 4772/4902/5 4803/4933/5 4804/4934/5 4773/4903/5
f 4773/4903/5 4804/4934/5 4805/4935/5 4774/4904/5
f 4774/4904/5 4805/4935/5 4806/4936/5 4775/4905/5
f 4775/4905/5 4806/4936/5 4807/4937/5 4776/4906/5
f 4776/4906/5 4807/4937/5 4808/4938/5 4777/4907/5
f 4777/4907/5 4808/4938/5 4809/4939/5 4778/4908/5
f 4778/4908/5 4809/4939/5 4810/4940/5 4779/4909/5
f 4779/4909/5 4810/4940/5 4811/4941/5 4780/4910/5
f 4780/4910/5 4811/4941/5 4812/4942/5 4781/4911/5
f 4781/4911/5 4812/4942/5 4813/4943/5 4782/4912/5
f 4783/4914/5 4814/4945/5 4815/4944/5 4784/4913/5
f 4784/4913/5 4815/4944/5 4816/4946/5 4785/4915/5
f 4785/4915/5 4816/4946/5 4817/4947/5 4786/4916/5
f 4786/4916/5 4817/4947/5 4818/4948/5 4787/4917/5
f 4787/4917/5 4818/4948/5 4819/4949/5 4788/4918/5
f 4788/4918/5 4819/4949/5 4820/4950/5 4789/4919/5
f 4789/4919/5 4820/4950/5 4821/4951/5 4790/4920/5
f 4790/4920/5 4821/4951/5 4822/4952/5 4791/4921/5
f 4791/4921/5 4822/4952/5 4823/4953/5 4792/4922/5
f 4792/4922/5 4823/4953/5 4824/4954/5 4793/4923/5
f 4793/4923/5 4824/4954/5 4825/4955/5 4794/4924/5
f 4794/4924/5 4825/4955/5 4826/4956/5 4795/4925/5
f 4795/4925/5 4826/4956/5 4827/4957/5 4796/4926/5
f 4796/4926/5 4827/4957/5 4828/4958/5 4797/4927/5
f 4797/4927/5 4828/4958/5 4829/4959/5 4798/4928/5
f 4798/4928/5 4829/4959/5 4830/4960/5 4799/4929/5
f 4799/4929/5 4830/4960/5 4831/4961/5 4800/4930/5
f 4800/4930/5 4831/4961/5 4832/4962/5 4801/4931/5
f 4801/4931/5 4832/4962/5 4833/4963/5 4802/4932/5
f 4802/4932/5 4833/4963/5 4834/4964/5 4803/4933/5
f 4803/4933/5 4834/4964/5 4835/4965/5 4804/4934/5
f 4804/4934/5 4835/4965/5 4836/4966/5 4805/4935/5
f 4805/4935/5 4836/4966/5 4837/4967/5 4806/4936/5
f 4806/4936/5 4837/4967/5 4838/4968/5 4807/4937/5
f 4807/4937/5 4838/4968/5 4839/4969/5 4808/4938/5
f 4808/4938/5 4839/4969/5 4840/4970/5 4809/4939/5
f 4809/4939/5 4840/4970/5 4841/4971/5 4810/4940/5
f 4810/4940/5 4841/4971/5 4842/4972/5 4811/4941/5
f 4811/4941/5 4842/4972/5 4843/4973/5 4812/4942/5
f 4812/4942/5 4843/4973/5 4844/4974/5 4813/4943/5
f 4814/4945/5 4845/4976/5 4846/4975/5 4815/4944/5
f 4815/4944/5 4846/4975/5 4847/4977/5 4816/4946/5
f 4816/4946/5 4847/4977/5 4848/4978/5 4817/4947/5
f 4817/4947/5 4848/4978/5 4849/4979/5 4818/4948/5
f 4818/4948/5 4849/4979/5 4850/4980/5 4819/4949/5
f 4819/4949/5 4850/4980/5 4851/4981/5 4820/4950/5
f 4820/4950/5 4851/4981/5 4852/4982/5 4821/4951/5
f 4821/4951/5 4852/4982/5 4853/4983/5 4822/4952/5
f 4822/4952/5 4853/4983/5 4854/4984/5 4823/4953/5
f 4823/4953/5 4854/4984/5 4855/4985/5 4824/4954/5
f 4824/4954/5 4855/4985/5 4856/4986/5 4825/4955/5
f 4825/4955/5 4856/4986/5 4857/4987/5 4826/4956/5
f 4826/4956/5 4857/4987/5 4858/4988/5 4827/4957/5
f 4827/4957/5 4858/4988/5 4859/4989/5 4828/4958/5
f 4828/4958/5 4859/4989/5 4860/4990/5 4829/4959/5
f 4829/4959/5 4860/4990/5 4861/4991/5 4830/4960/5
f 4830/4960/5 4861/4991/5 4862/4992/5 4831/4961/5
f 4831/4961/5 4862/4992/5 4863/4993/5 4832/4962/5
f 4832/4962/5 4863/4993/5 4864/4994/5 4833/4963/5
f 4833/4963/5 4864/4994/5 4865/4995/5 4834/4964/5
f 4834/4964/5 4865/4995/5 4866/4996/5 4835/4965/5
f 4835/4965/5 4866/4996/5 4867/4997/5 4836/4966/5
f 4836/4966/5 4867/4997/5 4868/4998/5 4837/4967/5
f 4837/4967/5 4868/4998/5 4869/4999/5 4838/4968/5
f 4838/4968/5 4869/4999/5 4870/5000/5 4839/4969/5
f 4839/4969/5 4870/5000/5 4871/5001/5 4840/4970/5
f 4840/4970/5 4871/5001/5 4872/5002/5 4841/4971/5
f 4841/4971/5 4872/5002/5 4873/5003/5 4842/4972/5
f 4842/4972/5 4873/5003/5 4874/5004/5 4843/4973/5
f 4843/4973/5 4874/5004/5 4875/5005/5 4844/4974/5
f 4845/4976/5 4876/5007/5 4877/5006/5 4846/4975/5
f 4846/4975/5 4877/5006/5 4878/5008/5 4847/4977/5
f 4847/4977/5 4878/5008/5 4879/5009/5 4848/4978/5
f 4848/4978/5 4879/5009/5 4880/5010/5 4849/4979/5
f 4849/4979/5 4880/5010/5 4881/5011/5 4850/4980/5
f 4850/4980/5 4881/5011/5 4882/5012/5 4851/4981/5
f 4851/4981/5 4882/5012/5 4883/5013/5 4852/4982/5
f 4852/4982/5 4883/5013/5 4884/5014/5 4853/4983/5
f 4853/4983/5 4884/5014/5 4885/5015/5 4854/4984/5
f 4854/4984/5 4885/5015/5 4886/5016/5 4855/4985/5
f 4855/4985/5 4886/5016/5 4887/5017/5 4856/4986/5
f 4856/4986/5 4887/5017/5 4888/5018/5 4857/4987/5
f 4857/4987/5 4888/5018/5 4889/5019/5 4858/4988/5
f 4858/4988/5 4889/5019/5 4890/5020/5 4859/4989/5
f 4859/4989/5 4890/5020/5 4891/5021/5 4860/4990/5
f 4860/4990/5 4891/5021/5 4892/5022/5 4861/4991/5
f 4861/4991/5 4892/5022/5 4893/5023/5 4862/4992/5
f 4862/4992/5 4893/5023/5 4894/5024/5 4863/4993/5
f 4863/4993/5 4894/5024/5 4895/5025/5 4864/4994/5
f 4864/4994/5 4895/5025/5 4896/5026/5 4865/4995/5
f 4865/4995/5 4896/5026/5 4897/5027/5 4866/4996/5
f 4866/4996/5 4897/5027/5 4898/5028/5 4867/4997/5
f 4867/4997/5 4898/5028/5 4899/5029/5 4868/4998/5
f 4868/4998/5 4899/5029/5 4900/5030/5 4869/4999/5
f 4869/4999/5 4900/5030/5 4901/5031/5 4870/5000/5
f 4870/5000/5 4901/5031/5 4902/5032/5 4871/5001/5
f 4871/5001/5 4902/5032/5 4903/5033/5 4872/5002/5
f 4872/5002/5 4903/5033/5 4904/5034/5 4873/5003/5
f 4873/5003/5 4904/5034/5 4905/5035/5 4874/5004/5
f 4874/5004/5 4905/5035/5 4906/5036/5 4875/5005/5
f 4876/5007/5 4907/5038/5 4908/5037/5 4877/5006/5
f 4877/5006/5 4908/5037/5 4909/5039/5 4878/5008/5
f 4878/5008/5 4909/5039/5 4910/5040/5 4879/5009/5
f 4879/5009/5 4910/5040/5 4911/5041/5 4880/5010/5
f 4880/5010/5 4911/5041/5 4912/5042/5 4881/5011/5
f 4881/5011/5 4912/5042/5 4913/5043/5 4882/5012/5
f 4882/5012/5 4913/5043/5 4914/5044/5 4883/5013/5
f 4883/5013/5 4914/5044/5 4915/5045/5 4884/5014/5
f 4884/5014/5 4915/5045/5 4916/5046/5 4885/5015/5
f 4885/5015/5 4916/5046/5 4917/5047/5 4886/5016/5
f 4886/5016/5 4917/5047/5 4918/5048/5 4887/5017/5
f 4887/5017/5 4918/5048/5 4919/5049/5 4888/5018/5
f 4888/5018/5 4919/5049/5 4920/5050/5 4889/5019/5
f 4889/5019/5 4920/5050/5 4921/5051/5 4890/5020/5
f 4890/5020/5 4921/5051/5 4922/5052/5 4891/5021/5
f 4891/5021/5 4922/5052/5 4923/5053/5 4892/5022/5
f 4892/5022/5 4923/5053/5 4924/5054/5 4893/5023/5
f 4893/5023/5 4924/5054/5 4925/5055/5 4894/5024/5
f 4894/5024/5 4925/5055/5 4926/5056/5 4895/5025/5
f 4895/5025/5 4926/5056/5 4927/5057/5 4896/5026/5
f 4896/5026/5 4927/5057/5 4928/5058/5 4897/5027/5
f 4897/5027/5 4928/5058/5 4929/5059/5 4898/5028/5
f 4898/5028/5 4929/5059/5 4930/5060/5 4899/5029/5
f 4899/5029/5 4930/5060/5 4931/5061/5 4900/5030/5
f 4900/5030/5 4931/5061/5 4932/5062/5 4901/5031/5
f 4901/5031/5 4932/5062/5 4933/5063/5 4902/5032/5
f 4902/5032/5 4933/5063/5 4934/5064/5 4903/5033/5
f 4903/5033/5 4934/5064/5 4935/5065/5 4904/5034/5
f 4904/5034/5 4935/5065/5 4936/5066/5 4905/5035/5
f 4905/5035/5 4936/5066/5 4937/5067/5 4906/5036/5
f 4907/5038/5 4938/5069/5 4939/5068/5 4908/5037/5
f 4908/5037/5 4939/5068/5 4940/5070/5 4909/5039/5
f 4909/5039/5 4940/5070/5 4941/5071/5 4910/5040/5
f 4910/5040/5 4941/5071/5 4942/5072/5 4911/5041/5
f 4911/5041/5 4942/5072/5 4943/5073/5 4912/5042/5
f 4912/5042/5 4943/5073/5 4944/5074/5 4913/5043/5
f 4913/5043/5 4944/5074/5 4945/5075/5 4914/5044/5
f 4914/5044/5 4945/5075/5 4946/5076/5 4915/5045/5
f 4915/5045/5 4946/5076/5 4947/5077/5 4916/5046/5
f 4916/5046/5 4947/5077/5 4948/5078/5 4917/5047/5
f 4917/5047/5 4948/5078/5 4949/5079/5 4918/5048/5
f 4918/5048/5 4949/5079/5 4950/5080/5 4919/5049/5
f 4919/5049/5 4950/5080/5 4951/5081/5 4920/5050/5
f 4920/5050/5 4951/5081/5 4952/5082/5 4921/5051/5
f 4921/5051/5 4952/5082/5 4953/5083/5 4922/5052/5
f 4922/5052/5 4953/5083/5 4954/5084/5 4923/5053/5
f 4923/5053/5 4954/5084/5 4955/5085/5 4924/5054/5
f 4924/5054/5 4955/5085/5 4956/5086/5 4925/5055/5
f 4925/5055/5 4956/5086/5 4957/5087/5 4926/5056/5
f 4926/5056/5 4957/5087/5 4958/5088/5 4927/5057/5
f 4927/5057/5 4958/5088/5 4959/5089/5 4928/5058/5
f 4928/5058/5 4959/5089/5 4960/5090/5 4929/5059/5
f 4929/5059/5 4960/5090/5 4961/5091/5 4930/5060/5
f 4930/5060/5 4961/5091/5 4962/5092/5 4931/5061/5
f 4931/5061/5 4962/5092/5 4963/5093/5 4932/5062/5
f 4932/5062/5 4963/5093/5 4964/5094/5 4933/5063/5
f 4933/5063/5 4964/5094/5 4965/5095/5 4934/5064/5
f 4934/5064/5 4965/5095/5 4966/5096/5 4935/5065/5
f 4935/5065/5 4966/5096/5 4967/5097/5 4936/5066/5
f 4936/5066/5 4967/5097/5 4968/5098/5 4937/5067/5
f 4938/5069/5 4969/5100/5 4970/5099/5 4939/5068/5
f 4939/5068/5 4970/5099/5 4971/5101/5 4940/5070/5
f 4940/5070/5 4971/5101/5 4972/5102/5 4941/5071/5
f 4941/5071/5 4972/5102/5 4973/5103/5 4942/5072/5
f 4942/5072/5 4973/5103/5 4974/5104/5 4943/5073/5
f 4943/5073/5 4974/5104/5 4975/5105/5 4944/5074/5
f 4944/5074/5 4975/5105/5 4976/5106/5 4945/5075/5
f 4945/5075/5 4976/5106/5 4977/5107/5 4946/5076/5
f 4946/5076/5 4977/5107/5 4978/5108/5 4947/5077/5
f 4947/5077/5 4978/5108/5 4979/5109/5 4948/5078/5
f 4948/5078/5 4979/5109/5 4980/5110/5 4949/5079/5
f 4949/5079/5 4980/5110/5 4981/5111/5 4950/5080/5
f 4950/5080/5 4981/5111/5 4982/5112/5 4951/5081/5
f 4951/5081/5 4982/5112/5 4983/5113/5 4952/5082/5
f 4952/5082/5 4983/5113/5 4984/5114/5 4953/5083/5
f 4953/5083/5 4984/5114/5 4985/5115/5 4954/5084/5
f 4954/5084/5 4985/5115/5 4986/5116/5 4955/5085/5
f 4955/5085/5 4986/5116/5 4987/5117/5 4956/5086/5
f 4956/5086/5 4987/5117/5 4988/5118/5 4957/5087/5
f 4957/5087/5 4988/5118/5 4989/5119/5 4958/5088/5
f 4958/5088/5 4989/5119/5 4990/5120/5 4959/5089/5
f 4959/5089/5 4990/5120/5 4991/5121/5 4960/5090/5
f 4960/5090/5 4991/5121/5 4992/5122/5 4961/5091/5
f 4961/5091/5 4992/5122/5 4993/5123/5 4962/5092/5
f 4962/5092/5 4993/5123/5 4994/5124/5 4963/5093/5
f 4963/5093/5 4994/5124/5 4995/5125/5 4964/5094/5
f 4964/5094/5 4995/5125/5 4996/5126/5 4965/5095/5
f 4965/5095/5 4996/5126/5 4997/5127/5 4966/5096/5
f 4966/5096/5 4997/5127/5 4998/5128/5 4967/5097/5
f 4967/5097/5 4998/5128/5 4999/5129/5 4968/5098/5
f 4969/5100/5 5000/5131/5 5001/5130/5 4970/5099/5
f 4970/5099/5 5001/5130/5 5002/5132/5 4971/5101/5
f 4971/5101/5 5002/5132/5 5003/5133/5 4972/5102/5
f 4972/5102/5 5003/5133/5 5004/5134/5 4973/5103/5
f 4973/5103/5 5004/5134/5 5005/5135/5 4974/5104/5
f 4974/5104/5 5005/5135/5 5006/5136/5 4975/5105/5
f 4975/5105/5 5006/5136/5 5007/5137/5 4976/5106/5
f 4976/5106/5 5007/5137/5 5008/5138/5 4977/5107/5
f 4977/5107/5 5008/5138/5 5009/5139/5 4978/5108/5
f 4978/5108/5 5009/5139/5 5010/5140/5 4979/5109/5
f 4979/5109/5 5010/5140/5 5011/5141/5 4980/5110/5
f 4980/5110/5 5011/5141/5 5012/5142/5 4981/5111/5
f 4981/5111/5 5012/5142/5 5013/5143/5 4982/5112/5
f 4982/5112/5 5013/5143/5 5014/5144/5 4983/5113/5
f 4983/5113/5 5014/5144/5 5015/5145/5 4984/5114/5
f 4984/5114/5 5015/5145/5 5016/5146/5 4985/5115/5
f 4985/5115/5 5016/5146/5 5017/5147/5 4986/5116/5
f 4986/5116/5 5017/5147/5 5018/5148/5 4987/5117/5
f 4987/5117/5 5018/5148/5 5019/5149/5 4988/5118/5
f 4988/5118/5 5019/5149/5 5020/5150/5 4989/5119/5
f 4989/5119/5 5020/5150/5 5021/5151/5 4990/5120/5
f 4990/5120/5 5021/5151/5 5022/5152/5 4991/5121/5
f 4991/5121/5 5022/5152/5 5023/5153/5 4992/5122/5
f 4992/5122/5 5023/5153/5 5024/5154/5 4993/5123/5
f 4993/5123/5 5024/5154/5 5025/5155/5 4994/5124/5
f 4994/5124/5 5025/5155/5 5026/5156/5 4995/5125/5
f 4995/5125/5 5026/5156/5 5027/5157/5 4996/5126/5
f 4996/5126/5 5027/5157/5 5028/5158/5 4997/5127/5
f 4997/5127/5 5028/5158/5 5029/5159/5 4998/5128/5
f 4998/5128/5 5029/5159/5 5030/5160/5 4999/5129/5
f 5000/5131/5 5031/5162/5 5032/5161/5 5001/5130/5
f 5001/5130/5 5032/5161/5 5033/5163/5 5002/5132/5
f 5002/5132/5 5033/5163/5 5034/5164/5 5003/5133/5
f 5003/5133/5 5034/5164/5 5035/5165/5 5004/5134/5
f 5004/5134/5 5035/5165/5 5036/5166/5 5005/5135/5
f 5005/5135/5 5036/5166/5 5037/5167/5 5006/5136/5
f 5006/5136/5 5037/5167/5 5038/5168/5 5007/5137/5
f 5007/5137/5 5038/5168/5 5039/5169/5 5008/5138/5
f 5008/5138/5 5039/5169/5 5040/5170/5 5009/5139/5
f 5009/5139/5 5040/5170/5 5041/5171/5 5010/5140/5
f 5010/5140/5 5041/5171/5 5042/5172/5 5011/5141/5
f 5011/5141/5 5042/5172/5 5043/5173/5 5012/5142/5
f 5012/5142/5 5043/5173/5 5044/5174/5 5013/5143/5
f 5013/5143/5 5044/5174/5 5045/5175/5 5014/5144/5
f 5014/5144/5 5045/5175/5 5046/5176/5 5015/5145/5
f 5015/5145/5 5046/5176/5 5047/5177/5 5016/5146/5
f 5016/5146/5 5047/5177/5 5048/5178/5 5017/5147/5
f 5017/5147/5 5048/5178/5 5049/5179/5 5018/5148/5
f 5018/5148/5 5049/5179/5 5050/5180/5 5019/5149/5
f 5019/5149/5 5050/5180/5 5051/5181/5 5020/5150/5
f 5020/5150/5 5051/5181/5 5052/5182/5 5021/5151/5
f 5021/5151/5 5052/5182/5 5053/5183/5 5022/5152/5
f 5022/5152/5 5053/5183/5 5054/5184/5 5023/5153/5
f 5023/5153/5 5054/5184/5 5055/5185/5 5024/5154/5
f 5024/5154/5 5055/5185/5 5056/5186/5 5025/5155/5
f 5025/5155/5 5056/5186/5 5057/5187/5 5026/5156/5
f 5026/5156/5 5057/5187/5 5058/5188/5 5027/5157/5
f 5027/5157/5 5058/5188/5 5059/5189/5 5028/5158/5
f 5028/5158/5 5059/5189/5 5060/5190/5 5029/5159/5
f 5029/5159/5 5060/5190/5 5061/5191/5 5030/5160/5
f 5031/5162/5 5062/5193/5 5063/5192/5 5032/5161/5
f 5032/5161/5 5063/5192/5 5064/5194/5 5033/5163/5
f 5033/5163/5 5064/5194/5 5065/5195/5 5034/5164/5
f 5034/5164/5 5065/5195/5 5066/5196/5 5035/5165/5
f 5035/5165/5 5066/5196/5 5067/5197/5 5036/5166/5
f 5036/5166/5 5067/5197/5 5068/5198/5 5037/5167/5
f 5037/5167/5 5068/5198/5 5069/5199/5 5038/5168/5
f 5038/5168/5 5069/5199/5 5070/5200/5 5039/5169/5
f 5039/5169/5 5070/5200/5 5071/5201/5 5040/5170/5
f 5040/5170/5 5071/5201/5 5072/5202/5 5041/5171/5
f 5041/5171/5 5072/5202/5 5073/5203/5 5042/5172/5
f 5042/5172/5 5073/5203/5 5074/5204/5 5043/5173/5
f 5043/5173/5 5074/5204/5 5075/5205/5 5044/5174/5
f 5044/5174/5 5075/5205/5 5076/5206/5 5045/5175/5
f 5045/5175/5 5076/5206/5 5077/5207/5 5046/5176/5
f 5046/5176/5 5077/5207/5 5078/5208/5 5047/5177/5
f 5047/5177/5 5078/5208/5 5079/5209/5 5048/5178/5
f 5048/5178/5 5079/5209/5 5080/5210/5 5049/5179/5
f 5049/5179/5 5080/5210/5 5081/5211/5 5050/5180/5
f 5050/5180/5 5081/5211/5 5082/5212/5 5051/5181/5
f 5051/5181/5 5082/5212/5 5083/5213/5 5052/5182/5
f 5052/5182/5 5083/5213/5 5084/5214/5 5053/5183/5
f 5053/5183/5 5084/5214/5 5085/5215/5 5054/5184/5
f 5054/5184/5 5085/5215/5 5086/5216/5 5055/5185/5
f 5055/5185/5 5086/5216/5 5087/5217/5 5056/5186/5
f 5056/5186/5 5087/5217/5 5088/5218/5 5057/5187/5
f 5057/5187/5 5088/5218/5 5089/5219/5 5058/5188/5
f 5058/5188/5 5089/5219/5 5090/5220/5 5059/5189/5
f 5059/5189/5 5090/5220/5 5091/5221/5 5060/5190/5
f 5060/5190/5 5091/5221/5 5092/5222/5 5061/5191/5
f 5062/5193/5 5093/5224/5 5094/5223/5 5063/5192/5
f 5063/5192/5 5094/5223/5 5095/5225/5 5064/5194/5
f 5064/5194/5 5095/5225/5 5096/5226/5 5065/5195/5
f 5065/5195/5 5096/5226/5 5097/5227/5 5066/5196/5
f 5066/5196/5 5097/5227/5 5098/5228/5 5067/5197/5
f 5067/5197/5 5098/5228/5 5099/5229/5 5068/5198/5
f 5068/5198/5 5099/5229/5 5100/5230/5 5069/5199/5
f 5069/5199/5 5100/5230/5 5101/5231/5 5070/5200/5
f 5070/5200/5 5101/5231/5 5102/5232/5 5071/5201/5
f 5071/5201/5 5102/5232/5 5103/5233/5 5072/5202/5
f 5072/5202/5 5103/5233/5 5104/5234/5 5073/5203/5
f 5073/5203/5 5104/5234/5 5105/5235/5 5074/5204/5
f 5074/5204/5 5105/5235/5 5106/5236/5 5075/5205/5
f 5075/5205/5 5106/5236/5 5107/5237/5 5076/5206/5
f 5076/5206/5 5107/5237/5 5108/5238/5 5077/5207/5
f 5077/5207/5 5108/5238/5 5109/5239/5 5078/5208/5
f 5078/5208/5 5109/5239/5 5110/5240/5 5079/5209/5
f 5079/5209/5 5110/5240/5 5111/5241/5 5080/5210/5
f 5080/5210/5 5111/5241/5 5112/5242/5 5081/5211/5
f 5081/5211/5 5112/5242/5 5113/5243/5 5082/5212/5
f 5082/5212/5 5113/5243/5 5114/5244/5 5083/5213/5
f 5083/5213/5 5114/5244/5 5115/5245/5 5084/5214/5
f 5084/5214/5 5115/5245/5 5116/5246/5 5085/5215/5
f 5085/5215/5 5116/5246/5 5117/5247/5 5086/5216/5
f 5086/5216/5 5117/5247/5 5118/5248/5 5087/5217/5
f 5087/5217/5 5118/5248/5 5119/5249/5 5088/5218/5
f 5088/5218/5 5119/5249/5 5120/5250/5 5089/5219/5
f 5089/5219/5 5120/5250/5 5121/5251/5 5090/5220/5
f 5090/5220/5 5121/5251/5 5122/5252/5 5091/5221/5
f 5091/5221/5 5122/5252/5 5123/5253/5 5092/5222/5
f 5093/5224/5 5124/5255/5 5125/5254/5 5094/5223/5
f 5094/5223/5 5125/5254/5 5126/5256/5 5095/5225/5
f 5095/5225/5 5126/5256/5 5127/5257/5 5096/5226/5
f 5096/5226/5 5127/5257/5 5128/5258/5 5097/5227/5
f 5097/5227/5 5128/5258/5 5129/5259/5 5098/5228/5
f 5098/5228/5 5129/5259/5 5130/5260/5 5099/5229/5
f 5099/5229/5 5130/5260/5 5131/5261/5 5100/5230/5
f 5100/5230/5 5131/5261/5 5132/5262/5 5101/5231/5
f 5101/5231/5 5132/5262/5 5133/5263/5 5102/5232/5
f 5102/5232/5 5133/5263/5 5134/5264/5 5103/5233/5
f 5103/5233/5 5134/5264/5 5135/5265/5 5104/5234/5
f 5104/5234/5 5135/5265/5 5136/5266/5 5105/5235/5
f 5105/5235/5 5136/5266/5 5137/5267/5 5106/5236/5
f 5106/5236/5 5137/5267/5 5138/5268/5 5107/5237/5
f 5107/5237/5 5138/5268/5 5139/5269/5 5108/5238/5
f 5108/5238/5 5139/5269/5 5140/5270/5 5109/5239/5
f 5109/5239/5 5140/5270/5 5141/5271/5 5110/5240/5
f 5110/5240/5 5141/5271/5 5142/5272/5 5111/5241/5
f 5111/5241/5 5142/5272/5 5143/5273/5 5112/5242/5
f 5112/5242/5 5143/5273/5 5144/5274/5 5113/5243/5
f 5113/5243/5 5144/5274/5 5145/5275/5 5114/5244/5
f 5114/5244/5 5145/5275/5 5146/5276/5 5115/5245/5
f 5115/5245/5 5146/5276/5 5147/5277/5 5116/5246/5
f 5116/5246/5 5147/5277/5 5148/5278/5 5117/5247/5
f 5117/5247/5 5148/5278/5 5149/5279/5 5118/5248/5
f 5118/5248/5 5149/5279/5 5150/5280/5 5119/5249/5
f 5119/5249/5 5150/5280/5 5151/5281/5 5120/5250/5
f 5120/5250/5 5151/5281/5 5152/5282/5 5121/5251/5
f 5121/5251/5 5152/5282/5 5153/5283/5 5122/5252/5
f 5122/5252/5 5153/5283/5 5154/5284/5 5123/5253/5
f 5124/5255/5 5155/5286/5 5156/5285/5 5125/5254/5
f 5125/5254/5 5156/5285/5 5157/5287/5 5126/5256/5
f 5126/5256/5 5157/5287/5 5158/5288/5 5127/5257/5
f 5127/5257/5 5158/5288/5 5159/5289/5 5128/5258/5
f 5128/5258/5 5159/5289/5 5160/5290/5 5129/5259/5
f 5129/5259/5 5160/5290/5 5161/5291/5 5130/5260/5
f 5130/5260/5 5161/5291/5 5162/5292/5 5131/5261/5
f 5131/5261/5 5162/5292/5 5163/5293/5 5132/5262/5
f 5132/5262/5 5163/5293/5 5164/5294/5 5133/5263/5
f 5133/5263/5 5164/5294/5 5165/5295/5 5134/5264/5
f 5134/5264/5 5165/5295/5 5166/5296/5 5135/5265/5
f 5135/5265/5 5166/5296/5 5167/5297/5 5136/5266/5
f 5136/5266/5 5167/5297/5 5168/5298/5 5137/5267/5
f 5137/5267/5 5168/5298/5 5169/5299/5 5138/5268/5
f 5138/5268/5 5169/5299/5 5170/5300/5 5139/5269/5
f 5139/5269/5 5170/5300/5 5171/5301/5 5140/5270/5
f 5140/5270/5 5171/5301/5 5172/5302/5 5141/5271/5
f 5141/5271/5 5172/5302/5 5173/5303/5 5142/5272/5
f 5142/5272/5 5173/5303/5 5174/5304/5 5143/5273/5
f 5143/5273/5 5174/5304/5 5175/5305/5 5144/5274/5
f 5144/5274/5 5175/5305/5 5176/5306/5 5145/5275/5
f 5145/5275/5 5176/5306/5 5177/5307/5 5146/5276/5
f 5146/5276/5 5177/5307/5 5178/5308/5 5147/5277/5
f 5147/5277/5 5178/5308/5 5179/5309/5 5148/5278/5
f 5148/5278/5 5179/5309/5 5180/5310/5 5149/5279/5
f 5149/5279/5 5180/5310/5 5181/5311/5 5150/5280/5
f 5150/5280/5 5181/5311/5 5182/5312/5 5151/5281/5
f 5151/5281/5 5182/5312/5 5183/5313/5 5152/5282/5
f 5152/5282/5 5183/5313/5 5184/5314/5 5153/5283/5
f 5153/5283/5 5184/5314/5 5185/5315/5 5154/5284/5
f 2/4261/5 380/4262/5 4225/4355/5 101/5316/5
f 101/5316/5 4225/4355/5 4226/4356/5 100/5317/5
f 100/5317/5 4226/4356/5 4227/4359/5 99/5318/5
f 99/5318/5 4227/4359/5 4228/4361/5 98/5319/5
f 98/5319/5 4228/4361/5 4229/4363/5 97/5320/5
f 97/5320/5 4229/4363/5 4230/4365/5 96/5321/5
f 96/5321/5 4230/4365/5 4231/4367/5 95/5322/5
f 95/5322/5 4231/4367/5 4232/4369/5 94/5323/5
f 94/5323/5 4232/4369/5 4233/4371/5 93/5324/5
f 93/5324/5 4233/4371/5 4234/4373/5 92/5325/5
f 92/5325/5 4234/4373/5 4235/4375/5 91/5326/5
f 91/5326/5 4235/4375/5 4236/4377/5 90/5327/5
f 90/5327/5 4236/4377/5 4237/4379/5 89/5328/5
f 89/5328/5 4237/4379/5 4238/4381/5 88/5329/5
f 88/5329/5 4238/4381/5 4239/4383/5 87/5330/5
f 87/5330/5 4239/4383/5 4240/4385/5 86/5331/5
f 86/5331/5 4240/4385/5 4241/4387/5 85/5332/5
f 85/5332/5 4241/4387/5 4242/4389/5 84/5333/5
f 84/5333/5 4242/4389/5 4243/4391/5 83/5334/5
f 83/5334/5 4243/4391/5 4244/4393/5 82/5335/5
f 82/5335/5 4244/4393/5 4245/4395/5 81/5336/5
f 81/5336/5 4245/4395/5 4246/4397/5 80/5337/5
f 80/5337/5 4246/4397/5 4247/4399/5 79/5338/5
f 79/5338/5 4247/4399/5 4248/4401/5 78/5339/5
f 78/5339/5 4248/4401/5 4249/4403/5 77/5340/5
f 77/5340/5 4249/4403/5 4250/4405/5 76/5341/5
f 76/5341/5 4250/4405/5 4251/4407/5 75/5342/5
f 75/5342/5 4251/4407/5 4252/4409/5 74/5343/5
f 74/5343/5 4252/4409/5 4253/4411/5 73/5344/5
f 73/5344/5 4253/4411/5 4254/4413/5 72/5345/5
f 72/5345/5 4254/4413/5 4255/4415/5 71/5346/5
f 71/5346/5 4255/4415/5 226/964/5 1/962/5
f 4255/4415/5 4286/4416/5 227/1089/5 226/964/5
f 4286/4416/5 4317/4447/5 228/1088/5 227/1089/5
f 4317/4447/5 4348/4478/5 229/1087/5 228/1088/5
f 4348/4478/5 4379/4509/5 230/1086/5 229/1087/5
f 4379/4509/5 4410/4540/5 231/1085/5 230/1086/5
f 4410/4540/5 4441/4571/5 232/1084/5 231/1085/5
f 4441/4571/5 4472/4602/5 233/1083/5 232/1084/5
f 4472/4602/5 4503/4633/5 234/1082/5 233/1083/5
f 4503/4633/5 4534/4664/5 235/1081/5 234/1082/5
f 4534/4664/5 4565/4695/5 236/1080/5 235/1081/5
f 4565/4695/5 4596/4726/5 237/1079/5 236/1080/5
f 4596/4726/5 4627/4757/5 238/1078/5 237/1079/5
f 4627/4757/5 4658/4788/5 239/1077/5 238/1078/5
f 4658/4788/5 4689/4819/5 240/1076/5 239/1077/5
f 4689/4819/5 4720/4850/5 241/1075/5 240/1076/5
f 4720/4850/5 4751/4881/5 242/1074/5 241/1075/5
f 4751/4881/5 4782/4912/5 243/5347/5 242/1074/5
f 4782/4912/5 4813/4943/5 244/1072/5 243/5347/5
f 4813/4943/5 4844/4974/5 245/5348/5 244/1072/5
f 4844/4974/5 4875/5005/5 246/5349/5 245/5348/5
f 4875/5005/5 4906/5036/5 247/1069/5 246/5349/5
f 4906/5036/5 4937/5067/5 248/5350/5 247/1069/5
f 4937/5067/5 4968/5098/5 249/1067/5 248/5350/5
f 4968/5098/5 4999/5129/5 250/1066/5 249/1067/5
f 4999/5129/5 5030/5160/5 251/5351/5 250/1066/5
f 5030/5160/5 5061/5191/5 252/5352/5 251/5351/5
f 5061/5191/5 5092/5222/5 253/5353/5 252/5352/5
f 5092/5222/5 5123/5253/5 254/5354/5 253/5353/5
f 5123/5253/5 5154/5284/5 255/5355/5 254/5354/5
f 5154/5284/5 5185/5315/5 256/5356/5 255/5355/5
f 5185/5315/5 133/5357/5 3/1060/5 256/5356/5
f 5184/5314/5 134/5358/5 133/5357/5 5185/5315/5
f 5183/5313/5 135/5359/5 134/5358/5 5184/5314/5
f 5182/5312/5 136/5360/5 135/5359/5 5183/5313/5
f 5181/5311/5 137/5361/5 136/5360/5 5182/5312/5
f 5180/5310/5 138/5362/5 137/5361/5 5181/5311/5
f 5179/5309/5 139/2077/5 138/5362/5 5180/5310/5
f 5178/5308/5 140/2076/5 139/2077/5 5179/5309/5
f 5177/5307/5 141/5363/5 140/2076/5 5178/5308/5
f 5176/5306/5 142/2074/5 141/5363/5 5177/5307/5
f 5175/5305/5 143/2073/5 142/2074/5 5176/5306/5
f 5174/5304/5 144/5364/5 143/2073/5 5175/5305/5
f 5173/5303/5 145/2071/5 144/5364/5 5174/5304/5
f 5172/5302/5 146/5365/5 145/2071/5 5173/5303/5
f 5171/5301/5 147/5366/5 146/5365/5 5172/5302/5
f 5170/5300/5 148/2068/5 147/5366/5 5171/5301/5
f 5169/5299/5 149/2067/5 148/2068/5 5170/5300/5
f 5168/5298/5 150/2066/5 149/2067/5 5169/5299/5
f 5167/5297/5 151/2065/5 150/2066/5 5168/5298/5
f 5166/5296/5 152/2064/5 151/2065/5 5167/5297/5
f 5165/5295/5 153/2063/5 152/2064/5 5166/5296/5
f 5164/5294/5 154/2062/5 153/2063/5 5165/5295/5
f 5163/5293/5 155/2061/5 154/2062/5 5164/5294/5
f 5162/5292/5 156/2060/5 155/2061/5 5163/5293/5
f 5161/5291/5 157/2059/5 156/2060/5 5162/5292/5
f 5160/5290/5 158/2058/5 157/2059/5 5161/5291/5
f 5159/5289/5 159/2057/5 158/2058/5 5160/5290/5
f 5158/5288/5 160/2056/5 159/2057/5 5159/5289/5
f 5157/5287/5 161/2055/5 160/2056/5 5158/5288/5
f 5156/5285/5 162/2054/5 161/2055/5 5157/5287/5
f 5155/5286/5 163/2052/5 162/2054/5 5156/5285/5
f 350/5367/5 4/2051/5 163/2052/5 5155/5286/5
f 351/5368/5 350/5367/5 5155/5286/5 5124/5255/5
f 352/5369/5 351/5368/5 5124/5255/5 5093/5224/5
f 353/5370/5 352/5369/5 5093/5224/5 5062/5193/5
f 354/5371/5 353/5370/5 5062/5193/5 5031/5162/5
f 355/5372/5 354/5371/5 5031/5162/5 5000/5131/5
f 356/4286/5 355/5372/5 5000/5131/5 4969/5100/5
f 357/4285/5 356/4286/5 4969/5100/5 4938/5069/5
f 358/5373/5 357/4285/5 4938/5069/5 4907/5038/5
f 359/4283/5 358/5373/5 4907/5038/5 4876/5007/5
f 360/4282/5 359/4283/5 4876/5007/5 4845/4976/5
f 361/5374/5 360/4282/5 4845/4976/5 4814/4945/5
f 362/4280/5 361/5374/5 4814/4945/5 4783/4914/5
f 363/4279/5 362/4280/5 4783/4914/5 4752/4883/5
f 364/5375/5 363/4279/5 4752/4883/5 4721/4852/5
f 365/4277/5 364/5375/5 4721/4852/5 4690/4821/5
f 366/4276/5 365/4277/5 4690/4821/5 4659/4790/5
f 367/4275/5 366/4276/5 4659/4790/5 4628/4759/5
f 368/4274/5 367/4275/5 4628/4759/5 4597/4728/5
f 369/4273/5 368/4274/5 4597/4728/5 4566/4697/5
f 370/4272/5 369/4273/5 4566/4697/5 4535/4666/5
f 371/4271/5 370/4272/5 4535/4666/5 4504/4635/5
f 372/4270/5 371/4271/5 4504/4635/5 4473/4604/5
f 373/4269/5 372/4270/5 4473/4604/5 4442/4573/5
f 374/4268/5 373/4269/5 4442/4573/5 4411/4542/5
f 375/4267/5 374/4268/5 4411/4542/5 4380/4511/5
f 376/4266/5 375/4267/5 4380/4511/5 4349/4480/5
f 377/4265/5 376/4266/5 4349/4480/5 4318/4449/5
f 378/4264/5 377/4265/5 4318/4449/5 4287/4418/5
f 379/4263/5 378/4264/5 4287/4418/5 4256/4358/5
f 380/4262/5 379/4263/5 4256/4358/5 4225/4355/5
f 5186/5376/6 5217/5379/6 5218/5378/6 5187/5377/6
f 5187/5377/6 5218/5378/6 5219/5381/6 5188/5380/6
f 5188/5380/6 5219/5381/6 5220/5383/6 5189/5382/6
f 5189/5382/6 5220/5383/6 5221/5385/6 5190/5384/6
f 5190/5384/6 5221/5385/6 5222/5387/6 5191/5386/6
f 5191/5386/6 5222/5387/6 5223/5389/6 5192/5388/6
f 5192/5388/6 5223/5389/6 5224/5391/6 5193/5390/6
f 5193/5390/6 5224/5391/6 5225/5393/6 5194/5392/6
f 5194/5392/6 5225/5393/6 5226/5395/6 5195/5394/6
f 5195/5394/6 5226/5395/6 5227/5397/6 5196/5396/6
f 5196/5396/6 5227/5397/6 5228/5399/6 5197/5398/6
f 5197/5398/6 5228/5399/6 5229/5401/6 5198/5400/6
f 5198/5400/6 5229/5401/6 5230/5403/6 5199/5402/6
f 5199/5402/6 5230/5403/6 5231/5405/6 5200/5404/6
f 5200/5404/6 5231/5405/6 5232/5407/6 5201/5406/6
f 5201/5406/6 5232/5407/6 5233/5409/6 5202/5408/6
f 5202/5408/6 5233/5409/6 5234/5411/6 5203/5410/6
f 5203/5410/6 5234/5411/6 5235/5413/6 5204/5412/6
f 5204/5412/6 5235/5413/6 5236/5415/6 5205/5414/6
f 5205/5414/6 5236/5415/6 5237/5417/6 5206/5416/6
f 5206/5416/6 5237/5417/6 5238/5419/6 5207/5418/6
f 5207/5418/6 5238/5419/6 5239/5421/6 5208/5420/6
f 5208/5420/6 5239/5421/6 5240/5423/6 5209/5422/6
f 5209/5422/6 5240/5423/6 5241/5425/6 5210/5424/6
f 5210/5424/6 5241/5425/6 5242/5427/6 5211/5426/6
f 5211/5426/6 5242/5427/6 5243/5429/6 5212/5428/6
f 5212/5428/6 5243/5429/6 5244/5431/6 5213/5430/6
f 5213/5430/6 5244/5431/6 5245/5433/6 5214/5432/6
f 5214/5432/6 5245/5433/6 5246/5435/6 5215/5434/6
f 5215/5434/6 5246/5435/6 5247/5437/6 5216/5436/6
f 5217/5379/6 5248/5439/6 5249/5438/6 5218/5378/6
f 5218/5378/6 5249/5438/6 5250/5440/6 5219/5381/6
f 5219/5381/6 5250/5440/6 5251/5441/6 5220/5383/6
f 5220/5383/6 5251/5441/6 5252/5442/6 5221/5385/6
f 5221/5385/6 5252/5442/6 5253/5443/6 5222/5387/6
f 5222/5387/6 5253/5443/6 5254/5444/6 5223/5389/6
f 5223/5389/6 5254/5444/6 5255/5445/6 5224/5391/6
f 5224/5391/6 5255/5445/6 5256/5446/6 5225/5393/6
f 5225/5393/6 5256/5446/6 5257/5447/6 5226/5395/6
f 5226/5395/6 5257/5447/6 5258/5448/6 5227/5397/6
f 5227/5397/6 5258/5448/6 5259/5449/6 5228/5399/6
f 5228/5399/6 5259/5449/6 5260/5450/6 5229/5401/6
f 5229/5401/6 5260/5450/6 5261/5451/6 5230/5403/6
f 5230/5403/6 5261/5451/6 5262/5452/6 5231/5405/6
f 5231/5405/6 5262/5452/6 5263/5453/6 5232/5407/6
f 5232/5407/6 5263/5453/6 5264/5454/6 5233/5409/6
f 5233/5409/6 5264/5454/6 5265/5455/6 5234/5411/6
f 5234/5411/6 5265/5455/6 5266/5456/6 5235/5413/6
f 5235/5413/6 5266/5456/6 5267/5457/6 5236/5415/6
f 5236/5415/6 5267/5457/6 5268/5458/6 5237/5417/6
f 5237/5417/6 5268/5458/6 5269/5459/6 5238/5419/6
f 5238/5419/6 5269/5459/6 5270/5460/6 5239/5421/6
f 5239/5421/6 5270/5460/6 5271/5461/6 5240/5423/6
f 5240/5423/6 5271/5461/6 5272/5462/6 5241/5425/6
f 5241/5425/6 5272/5462/6 5273/5463/6 5242/5427/6
f 5242/5427/6 5273/5463/6 5274/5464/6 5243/5429/6
f 5243/5429/6 5274/5464/6 5275/5465/6 5244/5431/6
f 5244/5431/6 5275/5465/6 5276/5466/6 5245/5433/6
f 5245/5433/6 5276/5466/6 5277/5467/6 5246/5435/6
f 5246/5435/6 5277/5467/6 5278/5468/6 5247/5437/6
f 5248/5439/6 5279/5470/6 5280/5469/6 5249/5438/6
f 5249/5438/6 5280/5469/6 5281/5471/6 5250/5440/6
f 5250/5440/6 5281/5471/6 5282/5472/6 5251/5441/6
f 5251/5441/6 5282/5472/6 5283/5473/6 5252/5442/6
f 5252/5442/6 5283/5473/6 5284/5474/6 5253/5443/6
f 5253/5443/6 5284/5474/6 5285/5475/6 5254/5444/6
f 5254/5444/6 5285/5475/6 5286/5476/6 5255/5445/6
f 5255/5445/6 5286/5476/6 5287/5477/6 5256/5446/6
f 5256/5446/6 5287/5477/6 5288/5478/6 5257/5447/6
f 5257/5447/6 5288/5478/6 5289/5479/6 5258/5448/6
f 5258/5448/6 5289/5479/6 5290/5480/6 5259/5449/6
f 5259/5449/6 5290/5480/6 5291/5481/6 5260/5450/6
f 5260/5450/6 5291/5481/6 5292/5482/6 5261/5451/6
f 5261/5451/6 5292/5482/6 5293/5483/6 5262/5452/6
f 5262/5452/6 5293/5483/6 5294/5484/6 5263/5453/6
f 5263/5453/6 5294/5484/6 5295/5485/6 5264/5454/6
f 5264/5454/6 5295/5485/6 5296/5486/6 5265/5455/6
f 5265/5455/6 5296/5486/6 5297/5487/6 5266/5456/6
f 5266/5456/6 5297/5487/6 5298/5488/6 5267/5457/6
f 5267/5457/6 5298/5488/6 5299/5489/6 5268/5458/6
f 5268/5458/6 5299/5489/6 5300/5490/6 5269/5459/6
f 5269/5459/6 5300/5490/6 5301/5491/6 5270/5460/6
f 5270/5460/6 5301/5491/6 5302/5492/6 5271/5461/6
f 5271/5461/6 5302/5492/6 5303/5493/6 5272/5462/6
f 5272/5462/6 5303/5493/6 5304/5494/6 5273/5463/6
f 5273/5463/6 5304/5494/6 5305/5495/6 5274/5464/6
f 5274/5464/6 5305/5495/6 5306/5496/6 5275/5465/6
f 5275/5465/6 5306/5496/6 5307/5497/6 5276/5466/6
f 5276/5466/6 5307/5497/6 5308/5498/6 5277/5467/6
f 5277/5467/6 5308/5498/6 5309/5499/6 5278/5468/6
f 5279/5470/6 5310/5501/6 5311/5500/6 5280/5469/6
f 5280/5469/6 5311/5500/6 5312/5502/6 5281/5471/6
f 5281/5471/6 5312/5502/6 5313/5503/6 5282/5472/6
f 5282/5472/6 5313/5503/6 5314/5504/6 5283/5473/6
f 5283/5473/6 5314/5504/6 5315/5505/6 5284/5474/6
f 5284/5474/6 5315/5505/6 5316/5506/6 5285/5475/6
f 5285/5475/6 5316/5506/6 5317/5507/6 5286/5476/6
f 5286/5476/6 5317/5507/6 5318/5508/6 5287/5477/6
f 5287/5477/6 5318/5508/6 5319/5509/6 5288/5478/6
f 5288/5478/6 5319/5509/6 5320/5510/6 5289/5479/6
f 5289/5479/6 5320/5510/6 5321/5511/6 5290/5480/6
f 5290/5480/6 5321/5511/6 5322/5512/6 5291/5481/6
f 5291/5481/6 5322/5512/6 5323/5513/6 5292/5482/6
f 5292/5482/6 5323/5513/6 5324/5514/6 5293/5483/6
f 5293/5483/6 5324/5514/6 5325/5515/6 5294/5484/6
f 5294/5484/6 5325/5515/6 5326/5516/6 5295/5485/6
f 5295/5485/6 5326/5516/6 5327/5517/6 5296/5486/6
f 5296/5486/6 5327/5517/6 5328/5518/6 5297/5487/6
f 5297/5487/6 5328/5518/6 5329/5519/6 5298/5488/6
f 5298/5488/6 5329/5519/6 5330/5520/6 5299/5489/6
f 5299/5489/6 5330/5520/6 5331/5521/6 5300/5490/6
f 5300/5490/6 5331/5521/6 5332/5522/6 5301/5491/6
f 5301/5491/6 5332/5522/6 5333/5523/6 5302/5492/6
f 5302/5492/6 5333/5523/6 5334/5524/6 5303/5493/6
f 5303/5493/6 5334/5524/6 5335/5525/6 5304/5494/6
f 5304/5494/6 5335/5525/6 5336/5526/6 5305/5495/6
f 5305/5495/6 5336/5526/6 5337/5527/6 5306/5496/6
f 5306/5496/6 5337/5527/6 5338/5528/6 5307/5497/6
f 5307/5497/6 5338/5528/6 5339/5529/6 5308/5498/6
f 5308/5498/6 5339/5529/6 5340/5530/6 5309/5499/6
f 5310/5501/6 5341/5532/6 5342/5531/6 5311/5500/6
f 5311/5500/6 5342/5531/6 5343/5533/6 5312/5502/6
f 5312/5502/6 5343/5533/6 5344/5534/6 5313/5503/6
f 5313/5503/6 5344/5534/6 5345/5535/6 5314/5504/6
f 5314/5504/6 5345/5535/6 5346/5536/6 5315/5505/6
f 5315/5505/6 5346/5536/6 5347/5537/6 5316/5506/6
f 5316/5506/6 5347/5537/6 5348/5538/6 5317/5507/6
f 5317/5507/6 5348/5538/6 5349/5539/6 5318/5508/6
f 5318/5508/6 5349/5539/6 5350/5540/6 5319/5509/6
f 5319/5509/6 5350/5540/6 5351/5541/6 5320/5510/6
f 5320/5510/6 5351/5541/6 5352/5542/6 5321/5511/6
f 5321/5511/6 5352/5542/6 5353/5543/6 5322/5512/6
f 5322/5512/6 5353/5543/6 5354/5544/6 5323/5513/6
f 5323/5513/6 5354/5544/6 5355/5545/6 5324/5514/6
f 5324/5514/6 5355/5545/6 5356/5546/6 5325/5515/6
f 5325/5515/6 5356/5546/6 5357/5547/6 5326/5516/6
f 5326/5516/6 5357/5547/6 5358/5548/6 5327/5517/6
f 5327/5517/6 5358/5548/6 5359/5549/6 5328/5518/6
f 5328/5518/6 5359/5549/6 5360/5550/6 5329/5519/6
f 5329/5519/6 5360/5550/6 5361/5551/6 5330/5520/6
f 5330/5520/6 5361/5551/6 5362/5552/6 5331/5521/6
f 5331/5521/6 5362/5552/6 5363/5553/6 5332/5522/6
f 5332/5522/6 5363/5553/6 5364/5554/6 5333/5523/6
f 5333/5523/6 5364/5554/6 5365/5555/6 5334/5524/6
f 5334/5524/6 5365/5555/6 5366/5556/6 5335/5525/6
f 5335/5525/6 5366/5556/6 5367/5557/6 5336/5526/6
f 5336/5526/6 5367/5557/6 5368/5558/6 5337/5527/6
f 5337/5527/6 5368/5558/6 5369/5559/6 5338/5528/6
f 5338/5528/6 5369/5559/6 5370/5560/6 5339/5529/6
f 5339/5529/6 5370/5560/6 5371/5561/6 5340/5530/6
f 5341/5532/6 5372/5563/6 5373/5562/6 5342/5531/6
f 5342/5531/6 5373/5562/6 5374/5564/6 5343/5533/6
f 5343/5533/6 5374/5564/6 5375/5565/6 5344/5534/6
f 5344/5534/6 5375/5565/6 5376/5566/6 5345/5535/6
f 5345/5535/6 5376/5566/6 5377/5567/6 5346/5536/6
f 5346/5536/6 5377/5567/6 5378/5568/6 5347/5537/6
f 5347/5537/6 5378/5568/6 5379/5569/6 5348/5538/6
f 5348/5538/6 5379/5569/6 5380/5570/6 5349/5539/6
f 5349/5539/6 5380/5570/6 5381/5571/6 5350/5540/6
f 5350/5540/6 5381/5571/6 5382/5572/6 5351/5541/6
f 5351/5541/6 5382/5572/6 5383/5573/6 5352/5542/6
f 5352/5542/6 5383/5573/6 5384/5574/6 5353/5543/6
f 5353/5543/6 5384/5574/6 5385/5575/6 5354/5544/6
f 5354/5544/6 5385/5575/6 5386/5576/6 5355/5545/6
f 5355/5545/6 5386/5576/6 5387/5577/6 5356/5546/6
f 5356/5546/6 5387/5577/6 5388/5578/6 5357/5547/6
f 5357/5547/6 5388/5578/6 5389/5579/6 5358/5548/6
f 5358/5548/6 5389/5579/6 5390/5580/6 5359/5549/6
f 5359/5549/6 5390/5580/6 5391/5581/6 5360/5550/6
f 5360/5550/6 5391/5581/6 5392/5582/6 5361/5551/6
f 5361/5551/6 5392/5582/6 5393/5583/6 5362/5552/6
f 5362/5552/6 5393/5583/6 5394/5584/6 5363/5553/6
f 5363/5553/6 5394/5584/6 5395/5585/6 5364/5554/6
f 5364/5554/6 5395/5585/6 5396/5586/6 5365/5555/6
f 5365/5555/6 5396/5586/6 5397/5587/6 5366/5556/6
f 5366/5556/6 5397/5587/6 5398/5588/6 5367/5557/6
f 5367/5557/6 5398/5588/6 5399/5589/6 5368/5558/6
f 5368/5558/6 5399/5589/6 5400/5590/6 5369/5559/6
f 5369/5559/6 5400/5590/6 5401/5591/6 5370/5560/6
f 5370/5560/6 5401/5591/6 5402/5592/6 5371/5561/6
f 5372/5563/6 5403/5594/6 5404/5593/6 5373/5562/6
f 5373/5562/6 5404/5593/6 5405/5595/6 5374/5564/6
f 5374/5564/6 5405/5595/6 5406/5596/6 5375/5565/6
f 5375/5565/6 5406/5596/6 5407/5597/6 5376/5566/6
f 5376/5566/6 5407/5597/6 5408/5598/6 5377/5567/6
f 5377/5567/6 5408/5598/6 5409/5599/6 5378/5568/6
f 5378/5568/6 5409/5599/6 5410/5600/6 5379/5569/6
f 5379/5569/6 5410/5600/6 5411/5601/6 5380/5570/6
f 5380/5570/6 5411/5601/6 5412/5602/6 5381/5571/6
f 5381/5571/6 5412/5602/6 5413/5603/6 5382/5572/6
f 5382/5572/6 5413/5603/6 5414/5604/6 5383/5573/6
f 5383/5573/6 5414/5604/6 5415/5605/6 5384/5574/6
f 5384/5574/6 5415/5605/6 5416/5606/6 5385/5575/6
f 5385/5575/6 5416/5606/6 5417/5607/6 5386/5576/6
f 5386/5576/6 5417/5607/6 5418/5608/6 5387/5577/6
f 5387/5577/6 5418/5608/6 5419/5609/6 5388/5578/6
f 5388/5578/6 5419/5609/6 5420/5610/6 5389/5579/6
f 5389/5579/6 5420/5610/6 5421/5611/6 5390/5580/6
f 5390/5580/6 5421/5611/6 5422/5612/6 5391/5581/6
f 5391/5581/6 5422/5612/6 5423/5613/6 5392/5582/6
f 5392/5582/6 5423/5613/6 5424/5614/6 5393/5583/6
f 5393/5583/6 5424/5614/6 5425/5615/6 5394/5584/6
f 5394/5584/6 5425/5615/6 5426/5616/6 5395/5585/6
f 5395/5585/6 5426/5616/6 5427/5617/6 5396/5586/6
f 5396/5586/6 5427/5617/6 5428/5618/6 5397/5587/6
f 5397/5587/6 5428/5618/6 5429/5619/6 5398/5588/6
f 5398/5588/6 5429/5619/6 5430/5620/6 5399/5589/6
f 5399/5589/6 5430/5620/6 5431/5621/6 5400/5590/6
f 5400/5590/6 5431/5621/6 5432/5622/6 5401/5591/6
f 5401/5591/6 5432/5622/6 5433/5623/6 5402/5592/6
f 5403/5594/6 5434/5625/6 5435/5624/6 5404/5593/6
f 5404/5593/6 5435/5624/6 5436/5626/6 5405/5595/6
f 5405/5595/6 5436/5626/6 5437/5627/6 5406/5596/6
f 5406/5596/6 5437/5627/6 5438/5628/6 5407/5597/6
f 5407/5597/6 5438/5628/6 5439/5629/6 5408/5598/6
f 5408/5598/6 5439/5629/6 5440/5630/6 5409/5599/6
f 5409/5599/6 5440/5630/6 5441/5631/6 5410/5600/6
f 5410/5600/6 5441/5631/6 5442/5632/6 5411/5601/6
f 5411/5601/6 5442/5632/6 5443/5633/6 5412/5602/6
f 5412/5602/6 5443/5633/6 5444/5634/6 5413/5603/6
f 5413/5603/6 5444/5634/6 5445/5635/6 5414/5604/6
f 5414/5604/6 5445/5635/6 5446/5636/6 5415/5605/6
f 5415/5605/6 5446/5636/6 5447/5637/6 5416/5606/6
f 5416/5606/6 5447/5637/6 5448/5638/6 5417/5607/6
f 5417/5607/6 5448/5638/6 5449/5639/6 5418/5608/6
f 5418/5608/6 5449/5639/6 5450/5640/6 5419/5609/6
f 5419/5609/6 5450/5640/6 5451/5641/6 5420/5610/6
f 5420/5610/6 5451/5641/6 5452/5642/6 5421/5611/6
f 5421/5611/6 5452/5642/6 5453/5643/6 5422/5612/6
f 5422/5612/6 5453/5643/6 5454/5644/6 5423/5613/6
f 5423/5613/6 5454/5644/6 5455/5645/6 5424/5614/6
f 5424/5614/6 5455/5645/6 5456/5646/6 5425/5615/6
f 5425/5615/6 5456/5646/6 5457/5647/6 5426/5616/6
f 5426/5616/6 5457/5647/6 5458/5648/6 5427/5617/6
f 5427/5617/6 5458/5648/6 5459/5649/6 5428/5618/6
f 5428/5618/6 5459/5649/6 5460/5650/6 5429/5619/6
f 5429/5619/6 5460/5650/6 5461/5651/6 5430/5620/6
f 5430/5620/6 5461/5651/6 5462/5652/6 5431/5621/6
f 5431/5621/6 5462/5652/6 5463/5653/6 5432/5622/6
f 5432/5622/6 5463/5653/6 5464/5654/6 5433/5623/6
f 5434/5625/6 5465/5656/6 5466/5655/6 5435/5624/6
f 5435/5624/6 5466/5655/6 5467/5657/6 5436/5626/6
f 5436/5626/6 5467/5657/6 5468/5658/6 5437/5627/6
f 5437/5627/6 5468/5658/6 5469/5659/6 5438/5628/6
f 5438/5628/6 5469/5659/6 5470/5660/6 5439/5629/6
f 5439/5629/6 5470/5660/6 5471/5661/6 5440/5630/6
f 5440/5630/6 5471/5661/6 5472/5662/6 5441/5631/6
f 5441/5631/6 5472/5662/6 5473/5663/6 5442/5632/6
f 5442/5632/6 5473/5663/6 5474/5664/6 5443/5633/6
f 5443/5633/6 5474/5664/6 5475/5665/6 5444/5634/6
f 5444/5634/6 5475/5665/6 5476/5666/6 5445/5635/6
f 5445/5635/6 5476/5666/6 5477/5667/6 5446/5636/6
f 5446/5636/6 5477/5667/6 5478/5668/6 5447/5637/6
f 5447/5637/6 5478/5668/6 5479/5669/6 5448/5638/6
f 5448/5638/6 5479/5669/6 5480/5670/6 5449/5639/6
f 5449/5639/6 5480/5670/6 5481/5671/6 5450/5640/6
f 5450/5640/6 5481/5671/6 5482/5672/6 5451/5641/6
f 5451/5641/6 5482/5672/6 5483/5673/6 5452/5642/6
f 5452/5642/6 5483/5673/6 5484/5674/6 5453/5643/6
f 5453/5643/6 5484/5674/6 5485/5675/6 5454/5644/6
f 5454/5644/6 5485/5675/6 5486/5676/6 5455/5645/6
f 5455/5645/6 5486/5676/6 5487/5677/6 5456/5646/6
f 5456/5646/6 5487/5677/6 5488/5678/6 5457/5647/6
f 5457/5647/6 5488/5678/6 5489/5679/6 5458/5648/6
f 5458/5648/6 5489/5679/6 5490/5680/6 5459/5649/6
f 5459/5649/6 5490/5680/6 5491/5681/6 5460/5650/6
f 5460/5650/6 5491/5681/6 5492/5682/6 5461/5651/6
f 5461/5651/6 5492/5682/6 5493/5683/6 5462/5652/6
f 5462/5652/6 5493/5683/6 5494/5684/6 5463/5653/6
f 5463/5653/6 5494/5684/6 5495/5685/6 5464/5654/6
f 5465/5656/6 5496/5687/6 5497/5686/6 5466/5655/6
f 5466/5655/6 5497/5686/6 5498/5688/6 5467/5657/6
f 5467/5657/6 5498/5688/6 5499/5689/6 5468/5658/6
f 5468/5658/6 5499/5689/6 5500/5690/6 5469/5659/6
f 5469/5659/6 5500/5690/6 5501/5691/6 5470/5660/6
f 5470/5660/6 5501/5691/6 5502/5692/6 5471/5661/6
f 5471/5661/6 5502/5692/6 5503/5693/6 5472/5662/6
f 5472/5662/6 5503/5693/6 5504/5694/6 5473/5663/6
f 5473/5663/6 5504/5694/6 5505/5695/6 5474/5664/6
f 5474/5664/6 5505/5695/6 5506/5696/6 5475/5665/6
f 5475/5665/6 5506/5696/6 5507/5697/6 5476/5666/6
f 5476/5666/6 5507/5697/6 5508/5698/6 5477/5667/6
f 5477/5667/6 5508/5698/6 5509/5699/6 5478/5668/6
f 5478/5668/6 5509/5699/6 5510/5700/6 5479/5669/6
f 5479/5669/6 5510/5700/6 5511/5701/6 5480/5670/6
f 5480/5670/6 5511/5701/6 5512/5702/6 5481/5671/6
f 5481/5671/6 5512/5702/6 5513/5703/6 5482/5672/6
f 5482/5672/6 5513/5703/6 5514/5704/6 5483/5673/6
f 5483/5673/6 5514/5704/6 5515/5705/6 5484/5674/6
f 5484/5674/6 5515/5705/6 5516/5706/6 5485/5675/6
f 5485/5675/6 5516/5706/6 5517/5707/6 5486/5676/6
f 5486/5676/6 5517/5707/6 5518/5708/6 5487/5677/6
f 5487/5677/6 5518/5708/6 5519/5709/6 5488/5678/6
f 5488/5678/6 5519/5709/6 5520/5710/6 5489/5679/6
f 5489/5679/6 5520/5710/6 5521/5711/6 5490/5680/6
f 5490/5680/6 5521/5711/6 5522/5712/6 5491/5681/6
f 5491/5681/6 5522/5712/6 5523/5713/6 5492/5682/6
f 5492/5682/6 5523/5713/6 5524/5714/6 5493/5683/6
f 5493/5683/6 5524/5714/6 5525/5715/6 5494/5684/6
f 5494/5684/6 5525/5715/6 5526/5716/6 5495/5685/6
f 5496/5687/6 5527/5718/6 5528/5717/6 5497/5686/6
f 5497/5686/6 5528/5717/6 5529/5719/6 5498/5688/6
f 5498/5688/6 5529/5719/6 5530/5720/6 5499/5689/6
f 5499/5689/6 5530/5720/6 5531/5721/6 5500/5690/6
f 5500/5690/6 5531/5721/6 5532/5722/6 5501/5691/6
f 5501/5691/6 5532/5722/6 5533/5723/6 5502/5692/6
f 5502/5692/6 5533/5723/6 5534/5724/6 5503/5693/6
f 5503/5693/6 5534/5724/6 5535/5725/6 5504/5694/6
f 5504/5694/6 5535/5725/6 5536/5726/6 5505/5695/6
f 5505/5695/6 5536/5726/6 5537/5727/6 5506/5696/6
f 5506/5696/6 5537/5727/6 5538/5728/6 5507/5697/6
f 5507/5697/6 5538/5728/6 5539/5729/6 5508/5698/6
f 5508/5698/6 5539/5729/6 5540/5730/6 5509/5699/6
f 5509/5699/6 5540/5730/6 5541/5731/6 5510/5700/6
f 5510/5700/6 5541/5731/6 5542/5732/6 5511/5701/6
f 5511/5701/6 5542/5732/6 5543/5733/6 5512/5702/6
f 5512/5702/6 5543/5733/6 5544/5734/6 5513/5703/6
f 5513/5703/6 5544/5734/6 5545/5735/6 5514/5704/6
f 5514/5704/6 5545/5735/6 5546/5736/6 5515/5705/6
f 5515/5705/6 5546/5736/6 5547/5737/6 5516/5706/6
f 5516/5706/6 5547/5737/6 5548/5738/6 5517/5707/6
f 5517/5707/6 5548/5738/6 5549/5739/6 5518/5708/6
f 5518/5708/6 5549/5739/6 5550/5740/6 5519/5709/6
f 5519/5709/6 5550/5740/6 5551/5741/6 5520/5710/6
f 5520/5710/6 5551/5741/6 5552/5742/6 5521/5711/6
f 5521/5711/6 5552/5742/6 5553/5743/6 5522/5712/6
f 5522/5712/6 5553/5743/6 5554/5744/6 5523/5713/6
f 5523/5713/6 5554/5744/6 5555/5745/6 5524/5714/6
f 5524/5714/6 5555/5745/6 5556/5746/6 5525/5715/6
f 5525/5715/6 5556/5746/6 5557/5747/6 5526/5716/6
f 5527/5718/6 5558/5749/6 5559/5748/6 5528/5717/6
f 5528/5717/6 5559/5748/6 5560/5750/6 5529/5719/6
f 5529/5719/6 5560/5750/6 5561/5751/6 5530/5720/6
f 5530/5720/6 5561/5751/6 5562/5752/6 5531/5721/6
f 5531/5721/6 5562/5752/6 5563/5753/6 5532/5722/6
f 5532/5722/6 5563/5753/6 5564/5754/6 5533/5723/6
f 5533/5723/6 5564/5754/6 5565/5755/6 5534/5724/6
f 5534/5724/6 5565/5755/6 5566/5756/6 5535/5725/6
f 5535/5725/6 5566/5756/6 5567/5757/6 5536/5726/6
f 5536/5726/6 5567/5757/6 5568/5758/6 5537/5727/6
f 5537/5727/6 5568/5758/6 5569/5759/6 5538/5728/6
f 5538/5728/6 5569/5759/6 5570/5760/6 5539/5729/6
f 5539/5729/6 5570/5760/6 5571/5761/6 5540/5730/6
f 5540/5730/6 5571/5761/6 5572/5762/6 5541/5731/6
f 5541/5731/6 5572/5762/6 5573/5763/6 5542/5732/6
f 5542/5732/6 5573/5763/6 5574/5764/6 5543/5733/6
f 5543/5733/6 5574/5764/6 5575/5765/6 5544/5734/6
f 5544/5734/6 5575/5765/6 5576/5766/6 5545/5735/6
f 5545/5735/6 5576/5766/6 5577/5767/6 5546/5736/6
f 5546/5736/6 5577/5767/6 5578/5768/6 5547/5737/6
f 5547/5737/6 5578/5768/6 5579/5769/6 5548/5738/6
f 5548/5738/6 5579/5769/6 5580/5770/6 5549/5739/6
f 5549/5739/6 5580/5770/6 5581/5771/6 5550/5740/6
f 5550/5740/6 5581/5771/6 5582/5772/6 5551/5741/6
f 5551/5741/6 5582/5772/6 5583/5773/6 5552/5742/6
f 5552/5742/6 5583/5773/6 5584/5774/6 5553/5743/6
f 5553/5743/6 5584/5774/6 5585/5775/6 5554/5744/6
f 5554/5744/6 5585/5775/6 5586/5776/6 5555/5745/6
f 5555/5745/6 5586/5776/6 5587/5777/6 5556/5746/6
f 5556/5746/6 5587/5777/6 5588/5778/6 5557/5747/6
f 5558/5749/6 5589/5780/6 5590/5779/6 5559/5748/6
f 5559/5748/6 5590/5779/6 5591/5781/6 5560/5750/6
f 5560/5750/6 5591/5781/6 5592/5782/6 5561/5751/6
f 5561/5751/6 5592/5782/6 5593/5783/6 5562/5752/6
f 5562/5752/6 5593/5783/6 5594/5784/6 5563/5753/6
f 5563/5753/6 5594/5784/6 5595/5785/6 5564/5754/6
f 5564/5754/6 5595/5785/6 5596/5786/6 5565/5755/6
f 5565/5755/6 5596/5786/6 5597/5787/6 5566/5756/6
f 5566/5756/6 5597/5787/6 5598/5788/6 5567/5757/6
f 5567/5757/6 5598/5788/6 5599/5789/6 5568/5758/6
f 5568/5758/6 5599/5789/6 5600/5790/6 5569/5759/6
f 5569/5759/6 5600/5790/6 5601/5791/6 5570/5760/6
f 5570/5760/6 5601/5791/6 5602/5792/6 5571/5761/6
f 5571/5761/6 5602/5792/6 5603/5793/6 5572/5762/6
f 5572/5762/6 5603/5793/6 5604/5794/6 5573/5763/6
f 5573/5763/6 5604/5794/6 5605/5795/6 5574/5764/6
f 5574/5764/6 5605/5795/6 5606/5796/6 5575/5765/6
f 5575/5765/6 5606/5796/6 5607/5797/6 5576/5766/6
f 5576/5766/6 5607/5797/6 5608/5798/6 5577/5767/6
f 5577/5767/6 5608/5798/6 5609/5799/6 5578/5768/6
f 5578/5768/6 5609/5799/6 5610/5800/6 5579/5769/6
f 5579/5769/6 5610/5800/6 5611/5801/6 5580/5770/6
f 5580/5770/6 5611/5801/6 5612/5802/6 5581/5771/6
f 5581/5771/6 5612/5802/6 5613/5803/6 5582/5772/6
f 5582/5772/6 5613/5803/6 5614/5804/6 5583/5773/6
f 5583/5773/6 5614/5804/6 5615/5805/6 5584/5774/6
f 5584/5774/6 5615/5805/6 5616/5806/6 5585/5775/6
f 5585/5775/6 5616/5806/6 5617/5807/6 5586/5776/6
f 5586/5776/6 5617/5807/6 5618/5808/6 5587/5777/6
f 5587/5777/6 5618/5808/6 5619/5809/6 5588/5778/6
f 5589/5780/6 5620/5811/6 5621/5810/6 5590/5779/6
f 5590/5779/6 5621/5810/6 5622/5812/6 5591/5781/6
f 5591/5781/6 5622/5812/6 5623/5813/6 5592/5782/6
f 5592/5782/6 5623/5813/6 5624/5814/6 5593/5783/6
f 5593/5783/6 5624/5814/6 5625/5815/6 5594/5784/6
f 5594/5784/6 5625/5815/6 5626/5816/6 5595/5785/6
f 5595/5785/6 5626/5816/6 5627/5817/6 5596/5786/6
f 5596/5786/6 5627/5817/6 5628/5818/6 5597/5787/6
f 5597/5787/6 5628/5818/6 5629/5819/6 5598/5788/6
f 5598/5788/6 5629/5819/6 5630/5820/6 5599/5789/6
f 5599/5789/6 5630/5820/6 5631/5821/6 5600/5790/6
f 5600/5790/6 5631/5821/6 5632/5822/6 5601/5791/6
f 5601/5791/6 5632/5822/6 5633/5823/6 5602/5792/6
f 5602/5792/6 5633/5823/6 5634/5824/6 5603/5793/6
f 5603/5793/6 5634/5824/6 5635/5825/6 5604/5794/6
f 5604/5794/6 5635/5825/6 5636/5826/6 5605/5795/6
f 5605/5795/6 5636/5826/6 5637/5827/6 5606/5796/6
f 5606/5796/6 5637/5827/6 5638/5828/6 5607/5797/6
f 5607/5797/6 5638/5828/6 5639/5829/6 5608/5798/6
f 5608/5798/6 5639/5829/6 5640/5830/6 5609/5799/6
f 5609/5799/6 5640/5830/6 5641/5831/6 5610/5800/6
f 5610/5800/6 5641/5831/6 5642/5832/6 5611/5801/6
f 5611/5801/6 5642/5832/6 5643/5833/6 5612/5802/6
f 5612/5802/6 5643/5833/6 5644/5834/6 5613/5803/6
f 5613/5803/6 5644/5834/6 5645/5835/6 5614/5804/6
f 5614/5804/6 5645/5835/6 5646/5836/6 5615/5805/6
f 5615/5805/6 5646/5836/6 5647/5837/6 5616/5806/6
f 5616/5806/6 5647/5837/6 5648/5838/6 5617/5807/6
f 5617/5807/6 5648/5838/6 5649/5839/6 5618/5808/6
f 5618/5808/6 5649/5839/6 5650/5840/6 5619/5809/6
f 5620/5811/6 5651/5842/6 5652/5841/6 5621/5810/6
f 5621/5810/6 5652/5841/6 5653/5843/6 5622/5812/6
f 5622/5812/6 5653/5843/6 5654/5844/6 5623/5813/6
f 5623/5813/6 5654/5844/6 5655/5845/6 5624/5814/6
f 5624/5814/6 5655/5845/6 5656/5846/6 5625/5815/6
f 5625/5815/6 5656/5846/6 5657/5847/6 5626/5816/6
f 5626/5816/6 5657/5847/6 5658/5848/6 5627/5817/6
f 5627/5817/6 5658/5848/6 5659/5849/6 5628/5818/6
f 5628/5818/6 5659/5849/6 5660/5850/6 5629/5819/6
f 5629/5819/6 5660/5850/6 5661/5851/6 5630/5820/6
f 5630/5820/6 5661/5851/6 5662/5852/6 5631/5821/6
f 5631/5821/6 5662/5852/6 5663/5853/6 5632/5822/6
f 5632/5822/6 5663/5853/6 5664/5854/6 5633/5823/6
f 5633/5823/6 5664/5854/6 5665/5855/6 5634/5824/6
f 5634/5824/6 5665/5855/6 5666/5856/6 5635/5825/6
f 5635/5825/6 5666/5856/6 5667/5857/6 5636/5826/6
f 5636/5826/6 5667/5857/6 5668/5858/6 5637/5827/6
f 5637/5827/6 5668/5858/6 5669/5859/6 5638/5828/6
f 5638/5828/6 5669/5859/6 5670/5860/6 5639/5829/6
f 5639/5829/6 5670/5860/6 5671/5861/6 5640/5830/6
f 5640/5830/6 5671/5861/6 5672/5862/6 5641/5831/6
f 5641/5831/6 5672/5862/6 5673/5863/6 5642/5832/6
f 5642/5832/6 5673/5863/6 5674/5864/6 5643/5833/6
f 5643/5833/6 5674/5864/6 5675/5865/6 5644/5834/6
f 5644/5834/6 5675/5865/6 5676/5866/6 5645/5835/6
f 5645/5835/6 5676/5866/6 5677/5867/6 5646/5836/6
f 5646/5836/6 5677/5867/6 5678/5868/6 5647/5837/6
f 5647/5837/6 5678/5868/6 5679/5869/6 5648/5838/6
f 5648/5838/6 5679/5869/6 5680/5870/6 5649/5839/6
f 5649/5839/6 5680/5870/6 5681/5871/6 5650/5840/6
f 5651/5842/6 5682/5873/6 5683/5872/6 5652/5841/6
f 5652/5841/6 5683/5872/6 5684/5874/6 5653/5843/6
f 5653/5843/6 5684/5874/6 5685/5875/6 5654/5844/6
f 5654/5844/6 5685/5875/6 5686/5876/6 5655/5845/6
f 5655/5845/6 5686/5876/6 5687/5877/6 5656/5846/6
f 5656/5846/6 5687/5877/6 5688/5878/6 5657/5847/6
f 5657/5847/6 5688/5878/6 5689/5879/6 5658/5848/6
f 5658/5848/6 5689/5879/6 5690/5880/6 5659/5849/6
f 5659/5849/6 5690/5880/6 5691/5881/6 5660/5850/6
f 5660/5850/6 5691/5881/6 5692/5882/6 5661/5851/6
f 5661/5851/6 5692/5882/6 5693/5883/6 5662/5852/6
f 5662/5852/6 5693/5883/6 5694/5884/6 5663/5853/6
f 5663/5853/6 5694/5884/6 5695/5885/6 5664/5854/6
f 5664/5854/6 5695/5885/6 5696/5886/6 5665/5855/6
f 5665/5855/6 5696/5886/6 5697/5887/6 5666/5856/6
f 5666/5856/6 5697/5887/6 5698/5888/6 5667/5857/6
f 5667/5857/6 5698/5888/6 5699/5889/6 5668/5858/6
f 5668/5858/6 5699/5889/6 5700/5890/6 5669/5859/6
f 5669/5859/6 5700/5890/6 5701/5891/6 5670/5860/6
f 5670/5860/6 5701/5891/6 5702/5892/6 5671/5861/6
f 5671/5861/6 5702/5892/6 5703/5893/6 5672/5862/6
f 5672/5862/6 5703/5893/6 5704/5894/6 5673/5863/6
f 5673/5863/6 5704/5894/6 5705/5895/6 5674/5864/6
f 5674/5864/6 5705/5895/6 5706/5896/6 5675/5865/6
f 5675/5865/6 5706/5896/6 5707/5897/6 5676/5866/6
f 5676/5866/6 5707/5897/6 5708/5898/6 5677/5867/6
f 5677/5867/6 5708/5898/6 5709/5899/6 5678/5868/6
f 5678/5868/6 5709/5899/6 5710/5900/6 5679/5869/6
f 5679/5869/6 5710/5900/6 5711/5901/6 5680/5870/6
f 5680/5870/6 5711/5901/6 5712/5902/6 5681/5871/6
f 5682/5873/6 5713/5904/6 5714/5903/6 5683/5872/6
f 5683/5872/6 5714/5903/6 5715/5905/6 5684/5874/6
f 5684/5874/6 5715/5905/6 5716/5906/6 5685/5875/6
f 5685/5875/6 5716/5906/6 5717/5907/6 5686/5876/6
f 5686/5876/6 5717/5907/6 5718/5908/6 5687/5877/6
f 5687/5877/6 5718/5908/6 5719/5909/6 5688/5878/6
f 5688/5878/6 5719/5909/6 5720/5910/6 5689/5879/6
f 5689/5879/6 5720/5910/6 5721/5911/6 5690/5880/6
f 5690/5880/6 5721/5911/6 5722/5912/6 5691/5881/6
f 5691/5881/6 5722/5912/6 5723/5913/6 5692/5882/6
f 5692/5882/6 5723/5913/6 5724/5914/6 5693/5883/6
f 5693/5883/6 5724/5914/6 5725/5915/6 5694/5884/6
f 5694/5884/6 5725/5915/6 5726/5916/6 5695/5885/6
f 5695/5885/6 5726/5916/6 5727/5917/6 5696/5886/6
f 5696/5886/6 5727/5917/6 5728/5918/6 5697/5887/6
f 5697/5887/6 5728/5918/6 5729/5919/6 5698/5888/6
f 5698/5888/6 5729/5919/6 5730/5920/6 5699/5889/6
f 5699/5889/6 5730/5920/6 5731/5921/6 5700/5890/6
f 5700/5890/6 5731/5921/6 5732/5922/6 5701/5891/6
f 5701/5891/6 5732/5922/6 5733/5923/6 5702/5892/6
f 5702/5892/6 5733/5923/6 5734/5924/6 5703/5893/6
f 5703/5893/6 5734/5924/6 5735/5925/6 5704/5894/6
f 5704/5894/6 5735/5925/6 5736/5926/6 5705/5895/6
f 5705/5895/6 5736/5926/6 5737/5927/6 5706/5896/6
f 5706/5896/6 5737/5927/6 5738/5928/6 5707/5897/6
f 5707/5897/6 5738/5928/6 5739/5929/6 5708/5898/6
f 5708/5898/6 5739/5929/6 5740/5930/6 5709/5899/6
f 5709/5899/6 5740/5930/6 5741/5931/6 5710/5900/6
f 5710/5900/6 5741/5931/6 5742/5932/6 5711/5901/6
f 5711/5901/6 5742/5932/6 5743/5933/6 5712/5902/6
f 5713/5904/6 5744/5935/6 5745/5934/6 5714/5903/6
f 5714/5903/6 5745/5934/6 5746/5936/6 5715/5905/6
f 5715/5905/6 5746/5936/6 5747/5937/6 5716/5906/6
f 5716/5906/6 5747/5937/6 5748/5938/6 5717/5907/6
f 5717/5907/6 5748/5938/6 5749/5939/6 5718/5908/6
f 5718/5908/6 5749/5939/6 5750/5940/6 5719/5909/6
f 5719/5909/6 5750/5940/6 5751/5941/6 5720/5910/6
f 5720/5910/6 5751/5941/6 5752/5942/6 5721/5911/6
f 5721/5911/6 5752/5942/6 5753/5943/6 5722/5912/6
f 5722/5912/6 5753/5943/6 5754/5944/6 5723/5913/6
f 5723/5913/6 5754/5944/6 5755/5945/6 5724/5914/6
f 5724/5914/6 5755/5945/6 5756/5946/6 5725/5915/6
f 5725/5915/6 5756/5946/6 5757/5947/6 5726/5916/6
f 5726/5916/6 5757/5947/6 5758/5948/6 5727/5917/6
f 5727/5917/6 5758/5948/6 5759/5949/6 5728/5918/6
f 5728/5918/6 5759/5949/6 5760/5950/6 5729/5919/6
f 5729/5919/6 5760/5950/6 5761/5951/6 5730/5920/6
f 5730/5920/6 5761/5951/6 5762/5952/6 5731/5921/6
f 5731/5921/6 5762/5952/6 5763/5953/6 5732/5922/6
f 5732/5922/6 5763/5953/6 5764/5954/6 5733/5923/6
f 5733/5923/6 5764/5954/6 5765/5955/6 5734/5924/6
f 5734/5924/6 5765/5955/6 5766/5956/6 5735/5925/6
f 5735/5925/6 5766/5956/6 5767/5957/6 5736/5926/6
f 5736/5926/6 5767/5957/6 5768/5958/6 5737/5927/6
f 5737/5927/6 5768/5958/6 5769/5959/6 5738/5928/6
f 5738/5928/6 5769/5959/6 5770/5960/6 5739/5929/6
f 5739/5929/6 5770/5960/6 5771/5961/6 5740/5930/6
f 5740/5930/6 5771/5961/6 5772/5962/6 5741/5931/6
f 5741/5931/6 5772/5962/6 5773/5963/6 5742/5932/6
f 5742/5932/6 5773/5963/6 5774/5964/6 5743/5933/6
f 5744/5935/6 5775/5966/6 5776/5965/6 5745/5934/6
f 5745/5934/6 5776/5965/6 5777/5967/6 5746/5936/6
f 5746/5936/6 5777/5967/6 5778/5968/6 5747/5937/6
f 5747/5937/6 5778/5968/6 5779/5969/6 5748/5938/6
f 5748/5938/6 5779/5969/6 5780/5970/6 5749/5939/6
f 5749/5939/6 5780/5970/6 5781/5971/6 5750/5940/6
f 5750/5940/6 5781/5971/6 5782/5972/6 5751/5941/6
f 5751/5941/6 5782/5972/6 5783/5973/6 5752/5942/6
f 5752/5942/6 5783/5973/6 5784/5974/6 5753/5943/6
f 5753/5943/6 5784/5974/6 5785/5975/6 5754/5944/6
f 5754/5944/6 5785/5975/6 5786/5976/6 5755/5945/6
f 5755/5945/6 5786/5976/6 5787/5977/6 5756/5946/6
f 5756/5946/6 5787/5977/6 5788/5978/6 5757/5947/6
f 5757/5947/6 5788/5978/6 5789/5979/6 5758/5948/6
f 5758/5948/6 5789/5979/6 5790/5980/6 5759/5949/6
f 5759/5949/6 5790/5980/6 5791/5981/6 5760/5950/6
f 5760/5950/6 5791/5981/6 5792/5982/6 5761/5951/6
f 5761/5951/6 5792/5982/6 5793/5983/6 5762/5952/6
f 5762/5952/6 5793/5983/6 5794/5984/6 5763/5953/6
f 5763/5953/6 5794/5984/6 5795/5985/6 5764/5954/6
f 5764/5954/6 5795/5985/6 5796/5986/6 5765/5955/6
f 5765/5955/6 5796/5986/6 5797/5987/6 5766/5956/6
f 5766/5956/6 5797/5987/6 5798/5988/6 5767/5957/6
f 5767/5957/6 5798/5988/6 5799/5989/6 5768/5958/6
f 5768/5958/6 5799/5989/6 5800/5990/6 5769/5959/6
f 5769/5959/6 5800/5990/6 5801/5991/6 5770/5960/6
f 5770/5960/6 5801/5991/6 5802/5992/6 5771/5961/6
f 5771/5961/6 5802/5992/6 5803/5993/6 5772/5962/6
f 5772/5962/6 5803/5993/6 5804/5994/6 5773/5963/6
f 5773/5963/6 5804/5994/6 5805/5995/6 5774/5964/6
f 5775/5966/6 5806/5997/6 5807/5996/6 5776/5965/6
f 5776/5965/6 5807/5996/6 5808/5998/6 5777/5967/6
f 5777/5967/6 5808/5998/6 5809/5999/6 5778/5968/6
f 5778/5968/6 5809/5999/6 5810/6000/6 5779/5969/6
f 5779/5969/6 5810/6000/6 5811/6001/6 5780/5970/6
f 5780/5970/6 5811/6001/6 5812/6002/6 5781/5971/6
f 5781/5971/6 5812/6002/6 5813/6003/6 5782/5972/6
f 5782/5972/6 5813/6003/6 5814/6004/6 5783/5973/6
f 5783/5973/6 5814/6004/6 5815/6005/6 5784/5974/6
f 5784/5974/6 5815/6005/6 5816/6006/6 5785/5975/6
f 5785/5975/6 5816/6006/6 5817/6007/6 5786/5976/6
f 5786/5976/6 5817/6007/6 5818/6008/6 5787/5977/6
f 5787/5977/6 5818/6008/6 5819/6009/6 5788/5978/6
f 5788/5978/6 5819/6009/6 5820/6010/6 5789/5979/6
f 5789/5979/6 5820/6010/6 5821/6011/6 5790/5980/6
f 5790/5980/6 5821/6011/6 5822/6012/6 5791/5981/6
f 5791/5981/6 5822/6012/6 5823/6013/6 5792/5982/6
f 5792/5982/6 5823/6013/6 5824/6014/6 5793/5983/6
f 5793/5983/6 5824/6014/6 5825/6015/6 5794/5984/6
f 5794/5984/6 5825/6015/6 5826/6016/6 5795/5985/6
f 5795/5985/6 5826/6016/6 5827/6017/6 5796/5986/6
f 5796/5986/6 5827/6017/6 5828/6018/6 5797/5987/6
f 5797/5987/6 5828/6018/6 5829/6019/6 5798/5988/6
f 5798/5988/6 5829/6019/6 5830/6020/6 5799/5989/6
f 5799/5989/6 5830/6020/6 5831/6021/6 5800/5990/6
f 5800/5990/6 5831/6021/6 5832/6022/6 5801/5991/6
f 5801/5991/6 5832/6022/6 5833/6023/6 5802/5992/6
f 5802/5992/6 5833/6023/6 5834/6024/6 5803/5993/6
f 5803/5993/6 5834/6024/6 5835/6025/6 5804/5994/6
f 5804/5994/6 5835/6025/6 5836/6026/6 5805/5995/6
f 5806/5997/6 5837/6028/6 5838/6027/6 5807/5996/6
f 5807/5996/6 5838/6027/6 5839/6029/6 5808/5998/6
f 5808/5998/6 5839/6029/6 5840/6030/6 5809/5999/6
f 5809/5999/6 5840/6030/6 5841/6031/6 5810/6000/6
f 5810/6000/6 5841/6031/6 5842/6032/6 5811/6001/6
f 5811/6001/6 5842/6032/6 5843/6033/6 5812/6002/6
f 5812/6002/6 5843/6033/6 5844/6034/6 5813/6003/6
f 5813/6003/6 5844/6034/6 5845/6035/6 5814/6004/6
f 5814/6004/6 5845/6035/6 5846/6036/6 5815/6005/6
f 5815/6005/6 5846/6036/6 5847/6037/6 5816/6006/6
f 5816/6006/6 5847/6037/6 5848/6038/6 5817/6007/6
f 5817/6007/6 5848/6038/6 5849/6039/6 5818/6008/6
f 5818/6008/6 5849/6039/6 5850/6040/6 5819/6009/6
f 5819/6009/6 5850/6040/6 5851/6041/6 5820/6010/6
f 5820/6010/6 5851/6041/6 5852/6042/6 5821/6011/6
f 5821/6011/6 5852/6042/6 5853/6043/6 5822/6012/6
f 5822/6012/6 5853/6043/6 5854/6044/6 5823/6013/6
f 5823/6013/6 5854/6044/6 5855/6045/6 5824/6014/6
f 5824/6014/6 5855/6045/6 5856/6046/6 5825/6015/6
f 5825/6015/6 5856/6046/6 5857/6047/6 5826/6016/6
f 5826/6016/6 5857/6047/6 5858/6048/6 5827/6017/6
f 5827/6017/6 5858/6048/6 5859/6049/6 5828/6018/6
f 5828/6018/6 5859/6049/6 5860/6050/6 5829/6019/6
f 5829/6019/6 5860/6050/6 5861/6051/6 5830/6020/6
f 5830/6020/6 5861/6051/6 5862/6052/6 5831/6021/6
f 5831/6021/6 5862/6052/6 5863/6053/6 5832/6022/6
f 5832/6022/6 5863/6053/6 5864/6054/6 5833/6023/6
f 5833/6023/6 5864/6054/6 5865/6055/6 5834/6024/6
f 5834/6024/6 5865/6055/6 5866/6056/6 5835/6025/6
f 5835/6025/6 5866/6056/6 5867/6057/6 5836/6026/6
f 5837/6028/6 5868/6059/6 5869/6058/6 5838/6027/6
f 5838/6027/6 5869/6058/6 5870/6060/6 5839/6029/6
f 5839/6029/6 5870/6060/6 5871/6061/6 5840/6030/6
f 5840/6030/6 5871/6061/6 5872/6062/6 5841/6031/6
f 5841/6031/6 5872/6062/6 5873/6063/6 5842/6032/6
f 5842/6032/6 5873/6063/6 5874/6064/6 5843/6033/6
f 5843/6033/6 5874/6064/6 5875/6065/6 5844/6034/6
f 5844/6034/6 5875/6065/6 5876/6066/6 5845/6035/6
f 5845/6035/6 5876/6066/6 5877/6067/6 5846/6036/6
f 5846/6036/6 5877/6067/6 5878/6068/6 5847/6037/6
f 5847/6037/6 5878/6068/6 5879/6069/6 5848/6038/6
f 5848/6038/6 5879/6069/6 5880/6070/6 5849/6039/6
f 5849/6039/6 5880/6070/6 5881/6071/6 5850/6040/6
f 5850/6040/6 5881/6071/6 5882/6072/6 5851/6041/6
f 5851/6041/6 5882/6072/6 5883/6073/6 5852/6042/6
f 5852/6042/6 5883/6073/6 5884/6074/6 5853/6043/6
f 5853/6043/6 5884/6074/6 5885/6075/6 5854/6044/6
f 5854/6044/6 5885/6075/6 5886/6076/6 5855/6045/6
f 5855/6045/6 5886/6076/6 5887/6077/6 5856/6046/6
f 5856/6046/6 5887/6077/6 5888/6078/6 5857/6047/6
f 5857/6047/6 5888/6078/6 5889/6079/6 5858/6048/6
f 5858/6048/6 5889/6079/6 5890/6080/6 5859/6049/6
f 5859/6049/6 5890/6080/6 5891/6081/6 5860/6050/6
f 5860/6050/6 5891/6081/6 5892/6082/6 5861/6051/6
f 5861/6051/6 5892/6082/6 5893/6083/6 5862/6052/6
f 5862/6052/6 5893/6083/6 5894/6084/6 5863/6053/6
f 5863/6053/6 5894/6084/6 5895/6085/6 5864/6054/6
f 5864/6054/6 5895/6085/6 5896/6086/6 5865/6055/6
f 5865/6055/6 5896/6086/6 5897/6087/6 5866/6056/6
f 5866/6056/6 5897/6087/6 5898/6088/6 5867/6057/6
f 5868/6059/6 5899/6090/6 5900/6089/6 5869/6058/6
f 5869/6058/6 5900/6089/6 5901/6091/6 5870/6060/6
f 5870/6060/6 5901/6091/6 5902/6092/6 5871/6061/6
f 5871/6061/6 5902/6092/6 5903/6093/6 5872/6062/6
f 5872/6062/6 5903/6093/6 5904/6094/6 5873/6063/6
f 5873/6063/6 5904/6094/6 5905/6095/6 5874/6064/6
f 5874/6064/6 5905/6095/6 5906/6096/6 5875/6065/6
f 5875/6065/6 5906/6096/6 5907/6097/6 5876/6066/6
f 5876/6066/6 5907/6097/6 5908/6098/6 5877/6067/6
f 5877/6067/6 5908/6098/6 5909/6099/6 5878/6068/6
f 5878/6068/6 5909/6099/6 5910/6100/6 5879/6069/6
f 5879/6069/6 5910/6100/6 5911/6101/6 5880/6070/6
f 5880/6070/6 5911/6101/6 5912/6102/6 5881/6071/6
f 5881/6071/6 5912/6102/6 5913/6103/6 5882/6072/6
f 5882/6072/6 5913/6103/6 5914/6104/6 5883/6073/6
f 5883/6073/6 5914/6104/6 5915/6105/6 5884/6074/6
f 5884/6074/6 5915/6105/6 5916/6106/6 5885/6075/6
f 5885/6075/6 5916/6106/6 5917/6107/6 5886/6076/6
f 5886/6076/6 5917/6107/6 5918/6108/6 5887/6077/6
f 5887/6077/6 5918/6108/6 5919/6109/6 5888/6078/6
f 5888/6078/6 5919/6109/6 5920/6110/6 5889/6079/6
f 5889/6079/6 5920/6110/6 5921/6111/6 5890/6080/6
f 5890/6080/6 5921/6111/6 5922/6112/6 5891/6081/6
f 5891/6081/6 5922/6112/6 5923/6113/6 5892/6082/6
f 5892/6082/6 5923/6113/6 5924/6114/6 5893/6083/6
f 5893/6083/6 5924/6114/6 5925/6115/6 5894/6084/6
f 5894/6084/6 5925/6115/6 5926/6116/6 5895/6085/6
f 5895/6085/6 5926/6116/6 5927/6117/6 5896/6086/6
f 5896/6086/6 5927/6117/6 5928/6118/6 5897/6087/6
f 5897/6087/6 5928/6118/6 5929/6119/6 5898/6088/6
f 5899/6090/6 5930/6121/6 5931/6120/6 5900/6089/6
f 5900/6089/6 5931/6120/6 5932/6122/6 5901/6091/6
f 5901/6091/6 5932/6122/6 5933/6123/6 5902/6092/6
f 5902/6092/6 5933/6123/6 5934/6124/6 5903/6093/6
f 5903/6093/6 5934/6124/6 5935/6125/6 5904/6094/6
f 5904/6094/6 5935/6125/6 5936/6126/6 5905/6095/6
f 5905/6095/6 5936/6126/6 5937/6127/6 5906/6096/6
f 5906/6096/6 5937/6127/6 5938/6128/6 5907/6097/6
f 5907/6097/6 5938/6128/6 5939/6129/6 5908/6098/6
f 5908/6098/6 5939/6129/6 5940/6130/6 5909/6099/6
f 5909/6099/6 5940/6130/6 5941/6131/6 5910/6100/6
f 5910/6100/6 5941/6131/6 5942/6132/6 5911/6101/6
f 5911/6101/6 5942/6132/6 5943/6133/6 5912/6102/6
f 5912/6102/6 5943/6133/6 5944/6134/6 5913/6103/6
f 5913/6103/6 5944/6134/6 5945/6135/6 5914/6104/6
f 5914/6104/6 5945/6135/6 5946/6136/6 5915/6105/6
f 5915/6105/6 5946/6136/6 5947/6137/6 5916/6106/6
f 5916/6106/6 5947/6137/6 5948/6138/6 5917/6107/6
f 5917/6107/6 5948/6138/6 5949/6139/6 5918/6108/6
f 5918/6108/6 5949/6139/6 5950/6140/6 5919/6109/6
f 5919/6109/6 5950/6140/6 5951/6141/6 5920/6110/6
f 5920/6110/6 5951/6141/6 5952/6142/6 5921/6111/6
f 5921/6111/6 5952/6142/6 5953/6143/6 5922/6112/6
f 5922/6112/6 5953/6143/6 5954/6144/6 5923/6113/6
f 5923/6113/6 5954/6144/6 5955/6145/6 5924/6114/6
f 5924/6114/6 5955/6145/6 5956/6146/6 5925/6115/6
f 5925/6115/6 5956/6146/6 5957/6147/6 5926/6116/6
f 5926/6116/6 5957/6147/6 5958/6148/6 5927/6117/6
f 5927/6117/6 5958/6148/6 5959/6149/6 5928/6118/6
f 5928/6118/6 5959/6149/6 5960/6150/6 5929/6119/6
f 5930/6121/6 5961/6152/6 5962/6151/6 5931/6120/6
f 5931/6120/6 5962/6151/6 5963/6153/6 5932/6122/6
f 5932/6122/6 5963/6153/6 5964/6154/6 5933/6123/6
f 5933/6123/6 5964/6154/6 5965/6155/6 5934/6124/6
f 5934/6124/6 5965/6155/6 5966/6156/6 5935/6125/6
f 5935/6125/6 5966/6156/6 5967/6157/6 5936/6126/6
f 5936/6126/6 5967/6157/6 5968/6158/6 5937/6127/6
f 5937/6127/6 5968/6158/6 5969/6159/6 5938/6128/6
f 5938/6128/6 5969/6159/6 5970/6160/6 5939/6129/6
f 5939/6129/6 5970/6160/6 5971/6161/6 5940/6130/6
f 5940/6130/6 5971/6161/6 5972/6162/6 5941/6131/6
f 5941/6131/6 5972/6162/6 5973/6163/6 5942/6132/6
f 5942/6132/6 5973/6163/6 5974/6164/6 5943/6133/6
f 5943/6133/6 5974/6164/6 5975/6165/6 5944/6134/6
f 5944/6134/6 5975/6165/6 5976/6166/6 5945/6135/6
f 5945/6135/6 5976/6166/6 5977/6167/6 5946/6136/6
f 5946/6136/6 5977/6167/6 5978/6168/6 5947/6137/6
f 5947/6137/6 5978/6168/6 5979/6169/6 5948/6138/6
f 5948/6138/6 5979/6169/6 5980/6170/6 5949/6139/6
f 5949/6139/6 5980/6170/6 5981/6171/6 5950/6140/6
f 5950/6140/6 5981/6171/6 5982/6172/6 5951/6141/6
f 5951/6141/6 5982/6172/6 5983/6173/6 5952/6142/6
f 5952/6142/6 5983/6173/6 5984/6174/6 5953/6143/6
f 5953/6143/6 5984/6174/6 5985/6175/6 5954/6144/6
f 5954/6144/6 5985/6175/6 5986/6176/6 5955/6145/6
f 5955/6145/6 5986/6176/6 5987/6177/6 5956/6146/6
f 5956/6146/6 5987/6177/6 5988/6178/6 5957/6147/6
f 5957/6147/6 5988/6178/6 5989/6179/6 5958/6148/6
f 5958/6148/6 5989/6179/6 5990/6180/6 5959/6149/6
f 5959/6149/6 5990/6180/6 5991/6181/6 5960/6150/6
f 5961/6152/6 5992/6183/6 5993/6182/6 5962/6151/6
f 5962/6151/6 5993/6182/6 5994/6184/6 5963/6153/6
f 5963/6153/6 5994/6184/6 5995/6185/6 5964/6154/6
f 5964/6154/6 5995/6185/6 5996/6186/6 5965/6155/6
f 5965/6155/6 5996/6186/6 5997/6187/6 5966/6156/6
f 5966/6156/6 5997/6187/6 5998/6188/6 5967/6157/6
f 5967/6157/6 5998/6188/6 5999/6189/6 5968/6158/6
f 5968/6158/6 5999/6189/6 6000/6190/6 5969/6159/6
f 5969/6159/6 6000/6190/6 6001/6191/6 5970/6160/6
f 5970/6160/6 6001/6191/6 6002/6192/6 5971/6161/6
f 5971/6161/6 6002/6192/6 6003/6193/6 5972/6162/6
f 5972/6162/6 6003/6193/6 6004/6194/6 5973/6163/6
f 5973/6163/6 6004/6194/6 6005/6195/6 5974/6164/6
f 5974/6164/6 6005/6195/6 6006/6196/6 5975/6165/6
f 5975/6165/6 6006/6196/6 6007/6197/6 5976/6166/6
f 5976/6166/6 6007/6197/6 6008/6198/6 5977/6167/6
f 5977/6167/6 6008/6198/6 6009/6199/6 5978/6168/6
f 5978/6168/6 6009/6199/6 6010/6200/6 5979/6169/6
f 5979/6169/6 6010/6200/6 6011/6201/6 5980/6170/6
f 5980/6170/6 6011/6201/6 6012/6202/6 5981/6171/6
f 5981/6171/6 6012/6202/6 6013/6203/6 5982/6172/6
f 5982/6172/6 6013/6203/6 6014/6204/6 5983/6173/6
f 5983/6173/6 6014/6204/6 6015/6205/6 5984/6174/6
f 5984/6174/6 6015/6205/6 6016/6206/6 5985/6175/6
f 5985/6175/6 6016/6206/6 6017/6207/6 5986/6176/6
f 5986/6176/6 6017/6207/6 6018/6208/6 5987/6177/6
f 5987/6177/6 6018/6208/6 6019/6209/6 5988/6178/6
f 5988/6178/6 6019/6209/6 6020/6210/6 5989/6179/6
f 5989/6179/6 6020/6210/6 6021/6211/6 5990/6180/6
f 5990/6180/6 6021/6211/6 6022/6212/6 5991/6181/6
f 5992/6183/6 6023/6214/6 6024/6213/6 5993/6182/6
f 5993/6182/6 6024/6213/6 6025/6215/6 5994/6184/6
f 5994/6184/6 6025/6215/6 6026/6216/6 5995/6185/6
f 5995/6185/6 6026/6216/6 6027/6217/6 5996/6186/6
f 5996/6186/6 6027/6217/6 6028/6218/6 5997/6187/6
f 5997/6187/6 6028/6218/6 6029/6219/6 5998/6188/6
f 5998/6188/6 6029/6219/6 6030/6220/6 5999/6189/6
f 5999/6189/6 6030/6220/6 6031/6221/6 6000/6190/6
f 6000/6190/6 6031/6221/6 6032/6222/6 6001/6191/6
f 6001/6191/6 6032/6222/6 6033/6223/6 6002/6192/6
f 6002/6192/6 6033/6223/6 6034/6224/6 6003/6193/6
f 6003/6193/6 6034/6224/6 6035/6225/6 6004/6194/6
f 6004/6194/6 6035/6225/6 6036/6226/6 6005/6195/6
f 6005/6195/6 6036/6226/6 6037/6227/6 6006/6196/6
f 6006/6196/6 6037/6227/6 6038/6228/6 6007/6197/6
f 6007/6197/6 6038/6228/6 6039/6229/6 6008/6198/6
f 6008/6198/6 6039/6229/6 6040/6230/6 6009/6199/6
f 6009/6199/6 6040/6230/6 6041/6231/6 6010/6200/6
f 6010/6200/6 6041/6231/6 6042/6232/6 6011/6201/6
f 6011/6201/6 6042/6232/6 6043/6233/6 6012/6202/6
f 6012/6202/6 6043/6233/6 6044/6234/6 6013/6203/6
f 6013/6203/6 6044/6234/6 6045/6235/6 6014/6204/6
f 6014/6204/6 6045/6235/6 6046/6236/6 6015/6205/6
f 6015/6205/6 6046/6236/6 6047/6237/6 6016/6206/6
f 6016/6206/6 6047/6237/6 6048/6238/6 6017/6207/6
f 6017/6207/6 6048/6238/6 6049/6239/6 6018/6208/6
f 6018/6208/6 6049/6239/6 6050/6240/6 6019/6209/6
f 6019/6209/6 6050/6240/6 6051/6241/6 6020/6210/6
f 6020/6210/6 6051/6241/6 6052/6242/6 6021/6211/6
f 6021/6211/6 6052/6242/6 6053/6243/6 6022/6212/6
f 6023/6214/6 6054/6245/6 6055/6244/6 6024/6213/6
f 6024/6213/6 6055/6244/6 6056/6246/6 6025/6215/6
f 6025/6215/6 6056/6246/6 6057/6247/6 6026/6216/6
f 6026/6216/6 6057/6247/6 6058/6248/6 6027/6217/6
f 6027/6217/6 6058/6248/6 6059/6249/6 6028/6218/6
f 6028/6218/6 6059/6249/6 6060/6250/6 6029/6219/6
f 6029/6219/6 6060/6250/6 6061/6251/6 6030/6220/6
f 6030/6220/6 6061/6251/6 6062/6252/6 6031/6221/6
f 6031/6221/6 6062/6252/6 6063/6253/6 6032/6222/6
f 6032/6222/6 6063/6253/6 6064/6254/6 6033/6223/6
f 6033/6223/6 6064/6254/6 6065/6255/6 6034/6224/6
f 6034/6224/6 6065/6255/6 6066/6256/6 6035/6225/6
f 6035/6225/6 6066/6256/6 6067/6257/6 6036/6226/6
f 6036/6226/6 6067/6257/6 6068/6258/6 6037/6227/6
f 6037/6227/6 6068/6258/6 6069/6259/6 6038/6228/6
f 6038/6228/6 6069/6259/6 6070/6260/6 6039/6229/6
f 6039/6229/6 6070/6260/6 6071/6261/6 6040/6230/6
f 6040/6230/6 6071/6261/6 6072/6262/6 6041/6231/6
f 6041/6231/6 6072/6262/6 6073/6263/6 6042/6232/6
f 6042/6232/6 6073/6263/6 6074/6264/6 6043/6233/6
f 6043/6233/6 6074/6264/6 6075/6265/6 6044/6234/6
f 6044/6234/6 6075/6265/6 6076/6266/6 6045/6235/6
f 6045/6235/6 6076/6266/6 6077/6267/6 6046/6236/6
f 6046/6236/6 6077/6267/6 6078/6268/6 6047/6237/6
f 6047/6237/6 6078/6268/6 6079/6269/6 6048/6238/6
f 6048/6238/6 6079/6269/6 6080/6270/6 6049/6239/6
f 6049/6239/6 6080/6270/6 6081/6271/6 6050/6240/6
f 6050/6240/6 6081/6271/6 6082/6272/6 6051/6241/6
f 6051/6241/6 6082/6272/6 6083/6273/6 6052/6242/6
f 6052/6242/6 6083/6273/6 6084/6274/6 6053/6243/6
f 6054/6245/6 6085/6276/6 6086/6275/6 6055/6244/6
f 6055/6244/6 6086/6275/6 6087/6277/6 6056/6246/6
f 6056/6246/6 6087/6277/6 6088/6278/6 6057/6247/6
f 6057/6247/6 6088/6278/6 6089/6279/6 6058/6248/6
f 6058/6248/6 6089/6279/6 6090/6280/6 6059/6249/6
f 6059/6249/6 6090/6280/6 6091/6281/6 6060/6250/6
f 6060/6250/6 6091/6281/6 6092/6282/6 6061/6251/6
f 6061/6251/6 6092/6282/6 6093/6283/6 6062/6252/6
f 6062/6252/6 6093/6283/6 6094/6284/6 6063/6253/6
f 6063/6253/6 6094/6284/6 6095/6285/6 6064/6254/6
f 6064/6254/6 6095/6285/6 6096/6286/6 6065/6255/6
f 6065/6255/6 6096/6286/6 6097/6287/6 6066/6256/6
f 6066/6256/6 6097/6287/6 6098/6288/6 6067/6257/6
f 6067/6257/6 6098/6288/6 6099/6289/6 6068/6258/6
f 6068/6258/6 6099/6289/6 6100/6290/6 6069/6259/6
f 6069/6259/6 6100/6290/6 6101/6291/6 6070/6260/6
f 6070/6260/6 6101/6291/6 6102/6292/6 6071/6261/6
f 6071/6261/6 6102/6292/6 6103/6293/6 6072/6262/6
f 6072/6262/6 6103/6293/6 6104/6294/6 6073/6263/6
f 6073/6263/6 6104/6294/6 6105/6295/6 6074/6264/6
f 6074/6264/6 6105/6295/6 6106/6296/6 6075/6265/6
f 6075/6265/6 6106/6296/6 6107/6297/6 6076/6266/6
f 6076/6266/6 6107/6297/6 6108/6298/6 6077/6267/6
f 6077/6267/6 6108/6298/6 6109/6299/6 6078/6268/6
f 6078/6268/6 6109/6299/6 6110/6300/6 6079/6269/6
f 6079/6269/6 6110/6300/6 6111/6301/6 6080/6270/6
f 6080/6270/6 6111/6301/6 6112/6302/6 6081/6271/6
f 6081/6271/6 6112/6302/6 6113/6303/6 6082/6272/6
f 6082/6272/6 6113/6303/6 6114/6304/6 6083/6273/6
f 6083/6273/6 6114/6304/6 6115/6305/6 6084/6274/6
f 6085/6276/6 6116/6307/6 6117/6306/6 6086/6275/6
f 6086/6275/6 6117/6306/6 6118/6308/6 6087/6277/6
f 6087/6277/6 6118/6308/6 6119/6309/6 6088/6278/6
f 6088/6278/6 6119/6309/6 6120/6310/6 6089/6279/6
f 6089/6279/6 6120/6310/6 6121/6311/6 6090/6280/6
f 6090/6280/6 6121/6311/6 6122/6312/6 6091/6281/6
f 6091/6281/6 6122/6312/6 6123/6313/6 6092/6282/6
f 6092/6282/6 6123/6313/6 6124/6314/6 6093/6283/6
f 6093/6283/6 6124/6314/6 6125/6315/6 6094/6284/6
f 6094/6284/6 6125/6315/6 6126/6316/6 6095/6285/6
f 6095/6285/6 6126/6316/6 6127/6317/6 6096/6286/6
f 6096/6286/6 6127/6317/6 6128/6318/6 6097/6287/6
f 6097/6287/6 6128/6318/6 6129/6319/6 6098/6288/6
f 6098/6288/6 6129/6319/6 6130/6320/6 6099/6289/6
f 6099/6289/6 6130/6320/6 6131/6321/6 6100/6290/6
f 6100/6290/6 6131/6321/6 6132/6322/6 6101/6291/6
f 6101/6291/6 6132/6322/6 6133/6323/6 6102/6292/6
f 6102/6292/6 6133/6323/6 6134/6324/6 6103/6293/6
f 6103/6293/6 6134/6324/6 6135/6325/6 6104/6294/6
f 6104/6294/6 6135/6325/6 6136/6326/6 6105/6295/6
f 6105/6295/6 6136/6326/6 6137/6327/6 6106/6296/6
f 6106/6296/6 6137/6327/6 6138/6328/6 6107/6297/6
f 6107/6297/6 6138/6328/6 6139/6329/6 6108/6298/6
f 6108/6298/6 6139/6329/6 6140/6330/6 6109/6299/6
f 6109/6299/6 6140/6330/6 6141/6331/6 6110/6300/6
f 6110/6300/6 6141/6331/6 6142/6332/6 6111/6301/6
f 6111/6301/6 6142/6332/6 6143/6333/6 6112/6302/6
f 6112/6302/6 6143/6333/6 6144/6334/6 6113/6303/6
f 6113/6303/6 6144/6334/6 6145/6335/6 6114/6304/6
f 6114/6304/6 6145/6335/6 6146/6336/6 6115/6305/6
f 6/3237/6 70/6338/6 5186/5376/6 194/6337/6
f 194/6337/6 5186/5376/6 5187/5377/6 193/6339/6
f 193/6339/6 5187/5377/6 5188/5380/6 192/3233/6
f 192/3233/6 5188/5380/6 5189/5382/6 191/6340/6
f 191/6340/6 5189/5382/6 5190/5384/6 190/6341/6
f 190/6341/6 5190/5384/6 5191/5386/6 189/3230/6
f 189/3230/6 5191/5386/6 5192/5388/6 188/6342/6
f 188/6342/6 5192/5388/6 5193/5390/6 187/6343/6
f 187/6343/6 5193/5390/6 5194/5392/6 186/6344/6
f 186/6344/6 5194/5392/6 5195/5394/6 185/6345/6
f 185/6345/6 5195/5394/6 5196/5396/6 184/3225/6
f 184/3225/6 5196/5396/6 5197/5398/6 183/6346/6
f 183/6346/6 5197/5398/6 5198/5400/6 182/3223/6
f 182/3223/6 5198/5400/6 5199/5402/6 181/3222/6
f 181/3222/6 5199/5402/6 5200/5404/6 180/6347/6
f 180/6347/6 5200/5404/6 5201/5406/6 179/3220/6
f 179/3220/6 5201/5406/6 5202/5408/6 178/3219/6
f 178/3219/6 5202/5408/6 5203/5410/6 177/6348/6
f 177/6348/6 5203/5410/6 5204/5412/6 176/3217/6
f 176/3217/6 5204/5412/6 5205/5414/6 175/3216/6
f 175/3216/6 5205/5414/6 5206/5416/6 174/6349/6
f 174/6349/6 5206/5416/6 5207/5418/6 173/6350/6
f 173/6350/6 5207/5418/6 5208/5420/6 172/3213/6
f 172/3213/6 5208/5420/6 5209/5422/6 171/3212/6
f 171/3212/6 5209/5422/6 5210/5424/6 170/6351/6
f 170/6351/6 5210/5424/6 5211/5426/6 169/6352/6
f 169/6352/6 5211/5426/6 5212/5428/6 168/3209/6
f 168/3209/6 5212/5428/6 5213/5430/6 167/6353/6
f 167/6353/6 5213/5430/6 5214/5432/6 166/3207/6
f 166/3207/6 5214/5432/6 5215/5434/6 165/3206/6
f 165/3206/6 5215/5434/6 5216/5436/6 164/6354/6
f 164/6354/6 5216/5436/6 319/6355/6 5/3204/6
f 5216/5436/6 5247/5437/6 320/6356/6 319/6355/6
f 5247/5437/6 5278/5468/6 321/6357/6 320/6356/6
f 5278/5468/6 5309/5499/6 322/6358/6 321/6357/6
f 5309/5499/6 5340/5530/6 323/6359/6 322/6358/6
f 5340/5530/6 5371/5561/6 324/6360/6 323/6359/6
f 5371/5561/6 5402/5592/6 325/6361/6 324/6360/6
f 5402/5592/6 5433/5623/6 326/6362/6 325/6361/6
f 5433/5623/6 5464/5654/6 327/6363/6 326/6362/6
f 5464/5654/6 5495/5685/6 328/6364/6 327/6363/6
f 5495/5685/6 5526/5716/6 329/6365/6 328/6364/6
f 5526/5716/6 5557/5747/6 330/6366/6 329/6365/6
f 5557/5747/6 5588/5778/6 331/6367/6 330/6366/6
f 5588/5778/6 5619/5809/6 332/6368/6 331/6367/6
f 5619/5809/6 5650/5840/6 333/6369/6 332/6368/6
f 5650/5840/6 5681/5871/6 334/6370/6 333/6369/6
f 5681/5871/6 5712/5902/6 335/6371/6 334/6370/6
f 5712/5902/6 5743/5933/6 336/6372/6 335/6371/6
f 5743/5933/6 5774/5964/6 337/6373/6 336/6372/6
f 5774/5964/6 5805/5995/6 338/6374/6 337/6373/6
f 5805/5995/6 5836/6026/6 339/6375/6 338/6374/6
f 5836/6026/6 5867/6057/6 340/6376/6 339/6375/6
f 5867/6057/6 5898/6088/6 341/6377/6 340/6376/6
f 5898/6088/6 5929/6119/6 342/6378/6 341/6377/6
f 5929/6119/6 5960/6150/6 343/6379/6 342/6378/6
f 5960/6150/6 5991/6181/6 344/6380/6 343/6379/6
f 5991/6181/6 6022/6212/6 345/6381/6 344/6380/6
f 6022/6212/6 6053/6243/6 346/6382/6 345/6381/6
f 6053/6243/6 6084/6274/6 347/6383/6 346/6382/6
f 6084/6274/6 6115/6305/6 348/6384/6 347/6383/6
f 6115/6305/6 6146/6336/6 349/6385/6 348/6384/6
f 6146/6336/6 71/6386/6 1/962/6 349/6385/6
f 6145/6335/6 72/6387/6 71/6386/6 6146/6336/6
f 6144/6334/6 73/6388/6 72/6387/6 6145/6335/6
f 6143/6333/6 74/6389/6 73/6388/6 6144/6334/6
f 6142/6332/6 75/6390/6 74/6389/6 6143/6333/6
f 6141/6331/6 76/6391/6 75/6390/6 6142/6332/6
f 6140/6330/6 77/5340/6 76/6391/6 6141/6331/6
f 6139/6329/6 78/5339/6 77/5340/6 6140/6330/6
f 6138/6328/6 79/6392/6 78/5339/6 6139/6329/6
f 6137/6327/6 80/5337/6 79/6392/6 6138/6328/6
f 6136/6326/6 81/6393/6 80/5337/6 6137/6327/6
f 6135/6325/6 82/6394/6 81/6393/6 6136/6326/6
f 6134/6324/6 83/5334/6 82/6394/6 6135/6325/6
f 6133/6323/6 84/6395/6 83/5334/6 6134/6324/6
f 6132/6322/6 85/5332/6 84/6395/6 6133/6323/6
f 6131/6321/6 86/5331/6 85/5332/6 6132/6322/6
f 6130/6320/6 87/5330/6 86/5331/6 6131/6321/6
f 6129/6319/6 88/5329/6 87/5330/6 6130/6320/6
f 6128/6318/6 89/5328/6 88/5329/6 6129/6319/6
f 6127/6317/6 90/5327/6 89/5328/6 6128/6318/6
f 6126/6316/6 91/5326/6 90/5327/6 6127/6317/6
f 6125/6315/6 92/5325/6 91/5326/6 6126/6316/6
f 6124/6314/6 93/5324/6 92/5325/6 6125/6315/6
f 6123/6313/6 94/5323/6 93/5324/6 6124/6314/6
f 6122/6312/6 95/5322/6 94/5323/6 6123/6313/6
f 6121/6311/6 96/5321/6 95/5322/6 6122/6312/6
f 6120/6310/6 97/5320/6 96/5321/6 6121/6311/6
f 6119/6309/6 98/5319/6 97/5320/6 6120/6310/6
f 6118/6308/6 99/5318/6 98/5319/6 6119/6309/6
f 6117/6306/6 100/5317/6 99/5318/6 6118/6308/6
f 6116/6307/6 101/5316/6 100/5317/6 6117/6306/6
f 40/6396/6 2/4261/6 101/5316/6 6116/6307/6
f 41/6397/6 40/6396/6 6116/6307/6 6085/6276/6
f 42/6398/6 41/6397/6 6085/6276/6 6054/6245/6
f 43/6399/6 42/6398/6 6054/6245/6 6023/6214/6
f 44/6400/6 43/6399/6 6023/6214/6 5992/6183/6
f 45/6401/6 44/6400/6 5992/6183/6 5961/6152/6
f 46/6402/6 45/6401/6 5961/6152/6 5930/6121/6
f 47/6403/6 46/6402/6 5930/6121/6 5899/6090/6
f 48/6404/6 47/6403/6 5899/6090/6 5868/6059/6
f 49/6405/6 48/6404/6 5868/6059/6 5837/6028/6
f 50/6406/6 49/6405/6 5837/6028/6 5806/5997/6
f 51/6407/6 50/6406/6 5806/5997/6 5775/5966/6
f 52/6408/6 51/6407/6 5775/5966/6 5744/5935/6
f 53/6409/6 52/6408/6 5744/5935/6 5713/5904/6
f 54/6410/6 53/6409/6 5713/5904/6 5682/5873/6
f 55/6411/6 54/6410/6 5682/5873/6 5651/5842/6
f 56/6412/6 55/6411/6 5651/5842/6 5620/5811/6
f 57/6413/6 56/6412/6 5620/5811/6 5589/5780/6
f 58/6414/6 57/6413/6 5589/5780/6 5558/5749/6
f 59/6415/6 58/6414/6 5558/5749/6 5527/5718/6
f 60/6416/6 59/6415/6 5527/5718/6 5496/5687/6
f 61/6417/6 60/6416/6 5496/5687/6 5465/5656/6
f 62/6418/6 61/6417/6 5465/5656/6 5434/5625/6
f 63/6419/6 62/6418/6 5434/5625/6 5403/5594/6
f 64/6420/6 63/6419/6 5403/5594/6 5372/5563/6
f 65/6421/6 64/6420/6 5372/5563/6 5341/5532/6
f 66/6422/6 65/6421/6 5341/5532/6 5310/5501/6
f 67/6423/6 66/6422/6 5310/5501/6 5279/5470/6
f 68/6424/6 67/6423/6 5279/5470/6 5248/5439/6
f 69/6425/6 68/6424/6 5248/5439/6 5217/5379/6
f 70/6338/6 69/6425/6 5217/5379/6 5186/5376/6
o obstacles
